item_code,site_code,ym,closing_qty,safety_stock_qty,stockout_flag
K210,TOKYO_DC,2020-01-31,16,19,0
K210,TOKYO_DC,2020-02-29,12,20,0
K210,TOKYO_DC,2020-03-31,24,24,0
K210,TOKYO_DC,2020-04-30,22,23,0
K210,TOKYO_DC,2020-05-31,20,20,0
K210,TOKYO_DC,2020-06-30,20,17,0
K210,TOKYO_DC,2020-07-31,13,19,0
K210,TOKYO_DC,2020-08-31,8,19,0
K210,TOKYO_DC,2020-09-30,8,19,0
K210,TOKYO_DC,2020-10-31,20,19,0
K210,TOKYO_DC,2020-11-30,10,20,0
K210,TOKYO_DC,2020-12-31,21,19,0
K210,TOKYO_DC,2021-01-31,14,18,0
K210,TOKYO_DC,2021-02-28,19,19,0
K210,TOKYO_DC,2021-03-31,20,17,0
K210,TOKYO_DC,2021-04-30,16,16,0
K210,TOKYO_DC,2021-05-31,26,16,0
K210,TOKYO_DC,2021-06-30,25,17,0
K210,TOKYO_DC,2021-07-31,12,18,0
K210,TOKYO_DC,2021-08-31,17,18,0
K210,TOKYO_DC,2021-09-30,4,18,0
K210,TOKYO_DC,2021-10-31,21,19,0
K210,TOKYO_DC,2021-11-30,15,18,0
K210,TOKYO_DC,2021-12-31,22,18,0
K210,TOKYO_DC,2022-01-31,8,19,0
K210,TOKYO_DC,2022-02-28,14,18,0
K210,TOKYO_DC,2022-03-31,36,19,0
K210,TOKYO_DC,2022-04-30,11,20,0
K210,TOKYO_DC,2022-05-31,22,22,0
K210,TOKYO_DC,2022-06-30,35,22,0
K210,TOKYO_DC,2022-07-31,32,20,0
K210,TOKYO_DC,2022-08-31,11,19,0
K210,TOKYO_DC,2022-09-30,22,19,0
K210,TOKYO_DC,2022-10-31,14,18,0
K210,TOKYO_DC,2022-11-30,27,18,0
K210,TOKYO_DC,2022-12-31,3,18,0
K210,TOKYO_DC,2023-01-31,23,18,0
K210,TOKYO_DC,2023-02-28,10,17,0
K210,TOKYO_DC,2023-03-31,28,16,0
K210,TOKYO_DC,2023-04-30,19,16,0
K210,TOKYO_DC,2023-05-31,21,15,0
K210,TOKYO_DC,2023-06-30,16,16,0
K210,TOKYO_DC,2023-07-31,18,18,0
K210,TOKYO_DC,2023-08-31,15,18,0
K210,TOKYO_DC,2023-09-30,0,17,1
K210,TOKYO_DC,2023-10-31,25,18,0
K210,TOKYO_DC,2023-11-30,16,18,0
K210,TOKYO_DC,2023-12-31,28,20,0
K210,TOKYO_DC,2024-01-31,19,20,0
K210,TOKYO_DC,2024-02-29,0,23,1
K210,TOKYO_DC,2024-03-31,21,23,0
K210,TOKYO_DC,2024-04-30,29,22,0
K210,TOKYO_DC,2024-05-31,26,23,0
K210,TOKYO_DC,2024-06-30,32,22,0
K210,TOKYO_DC,2024-07-31,26,22,0
K210,TOKYO_DC,2024-08-31,29,24,0
K210,TOKYO_DC,2024-09-30,34,24,0
K210,TOKYO_DC,2024-10-31,9,23,0
K210,TOKYO_DC,2024-11-30,26,23,0
K210,TOKYO_DC,2024-12-31,0,22,1
K210,TOKYO_DC,2025-01-31,11,21,0
K210,TOKYO_DC,2025-02-28,22,19,0
K210,TOKYO_DC,2025-03-31,28,19,0
K210,TOKYO_DC,2025-04-30,12,19,0
K210,TOKYO_DC,2025-05-31,0,18,1
K210,TOKYO_DC,2025-06-30,29,18,0
K210,TOKYO_DC,2025-07-31,8,16,0
K210,TOKYO_DC,2025-08-31,4,14,0
K210,TOKYO_DC,2025-09-30,6,13,0
K210,TOKYO_DC,2025-10-31,0,14,1
K210,TOKYO_DC,2025-11-30,12,13,0
K210,TOKYO_DC,2025-12-31,13,12,0
K210,TOKYO_DC,2026-01-31,15,12,0
K210,TOKYO_DC,2026-02-28,17,12,0
K210,TOKYO_DC,2026-03-31,14,11,0
K210,TOKYO_DC,2026-04-30,3,12,0
K210,TOKYO_DC,2026-05-31,16,12,0
K210,TOKYO_DC,2026-06-30,14,13,0
K210,TOKYO_DC,2026-07-31,19,14,0
K210,TOKYO_DC,2026-08-31,28,14,0
K210,OSAKA_DC,2020-01-31,14,13,0
K210,OSAKA_DC,2020-02-29,12,13,0
K210,OSAKA_DC,2020-03-31,15,16,0
K210,OSAKA_DC,2020-04-30,11,15,0
K210,OSAKA_DC,2020-05-31,11,13,0
K210,OSAKA_DC,2020-06-30,11,12,0
K210,OSAKA_DC,2020-07-31,13,13,0
K210,OSAKA_DC,2020-08-31,0,13,1
K210,OSAKA_DC,2020-09-30,8,13,0
K210,OSAKA_DC,2020-10-31,19,13,0
K210,OSAKA_DC,2020-11-30,9,13,0
K210,OSAKA_DC,2020-12-31,7,13,0
K210,OSAKA_DC,2021-01-31,17,12,0
K210,OSAKA_DC,2021-02-28,0,13,1
K210,OSAKA_DC,2021-03-31,2,11,0
K210,OSAKA_DC,2021-04-30,13,11,0
K210,OSAKA_DC,2021-05-31,12,11,0
K210,OSAKA_DC,2021-06-30,15,11,0
K210,OSAKA_DC,2021-07-31,13,12,0
K210,OSAKA_DC,2021-08-31,0,12,1
K210,OSAKA_DC,2021-09-30,4,12,0
K210,OSAKA_DC,2021-10-31,15,13,0
K210,OSAKA_DC,2021-11-30,15,12,0
K210,OSAKA_DC,2021-12-31,4,12,0
K210,OSAKA_DC,2022-01-31,15,13,0
K210,OSAKA_DC,2022-02-28,9,12,0
K210,OSAKA_DC,2022-03-31,15,12,0
K210,OSAKA_DC,2022-04-30,12,14,0
K210,OSAKA_DC,2022-05-31,7,14,0
K210,OSAKA_DC,2022-06-30,16,15,0
K210,OSAKA_DC,2022-07-31,12,13,0
K210,OSAKA_DC,2022-08-31,10,13,0
K210,OSAKA_DC,2022-09-30,14,13,0
K210,OSAKA_DC,2022-10-31,16,12,0
K210,OSAKA_DC,2022-11-30,14,12,0
K210,OSAKA_DC,2022-12-31,10,12,0
K210,OSAKA_DC,2023-01-31,8,12,0
K210,OSAKA_DC,2023-02-28,8,11,0
K210,OSAKA_DC,2023-03-31,6,11,0
K210,OSAKA_DC,2023-04-30,18,11,0
K210,OSAKA_DC,2023-05-31,16,10,0
K210,OSAKA_DC,2023-06-30,12,10,0
K210,OSAKA_DC,2023-07-31,19,12,0
K210,OSAKA_DC,2023-08-31,11,12,0
K210,OSAKA_DC,2023-09-30,4,12,0
K210,OSAKA_DC,2023-10-31,15,12,0
K210,OSAKA_DC,2023-11-30,9,12,0
K210,OSAKA_DC,2023-12-31,12,13,0
K210,OSAKA_DC,2024-01-31,14,14,0
K210,OSAKA_DC,2024-02-29,23,15,0
K210,OSAKA_DC,2024-03-31,13,15,0
K210,OSAKA_DC,2024-04-30,0,15,1
K210,OSAKA_DC,2024-05-31,20,15,0
K210,OSAKA_DC,2024-06-30,10,15,0
K210,OSAKA_DC,2024-07-31,15,15,0
K210,OSAKA_DC,2024-08-31,12,16,0
K210,OSAKA_DC,2024-09-30,0,16,1
K210,OSAKA_DC,2024-10-31,18,15,0
K210,OSAKA_DC,2024-11-30,29,15,0
K210,OSAKA_DC,2024-12-31,12,15,0
K210,OSAKA_DC,2025-01-31,20,14,0
K210,OSAKA_DC,2025-02-28,12,13,0
K210,OSAKA_DC,2025-03-31,8,13,0
K210,OSAKA_DC,2025-04-30,7,13,0
K210,OSAKA_DC,2025-05-31,9,12,0
K210,OSAKA_DC,2025-06-30,20,12,0
K210,OSAKA_DC,2025-07-31,16,11,0
K210,OSAKA_DC,2025-08-31,4,9,0
K210,OSAKA_DC,2025-09-30,7,9,0
K210,OSAKA_DC,2025-10-31,9,9,0
K210,OSAKA_DC,2025-11-30,4,9,0
K210,OSAKA_DC,2025-12-31,9,8,0
K210,OSAKA_DC,2026-01-31,9,8,0
K210,OSAKA_DC,2026-02-28,4,8,0
K210,OSAKA_DC,2026-03-31,11,8,0
K210,OSAKA_DC,2026-04-30,15,8,0
K210,OSAKA_DC,2026-05-31,7,8,0
K210,OSAKA_DC,2026-06-30,2,9,0
K210,OSAKA_DC,2026-07-31,8,9,0
K210,OSAKA_DC,2026-08-31,3,9,0
K210,OVERSEAS_HUB,2020-01-31,0,0,0
K210,OVERSEAS_HUB,2020-02-29,0,0,0
K210,OVERSEAS_HUB,2020-03-31,0,0,0
K210,OVERSEAS_HUB,2020-04-30,0,0,0
K210,OVERSEAS_HUB,2020-05-31,3,3,0
K210,OVERSEAS_HUB,2020-06-30,5,8,0
K210,OVERSEAS_HUB,2020-07-31,3,6,0
K210,OVERSEAS_HUB,2020-08-31,7,6,0
K210,OVERSEAS_HUB,2020-09-30,6,5,0
K210,OVERSEAS_HUB,2020-10-31,7,5,0
K210,OVERSEAS_HUB,2020-11-30,5,4,0
K210,OVERSEAS_HUB,2020-12-31,0,5,1
K210,OVERSEAS_HUB,2021-01-31,7,7,0
K210,OVERSEAS_HUB,2021-02-28,8,7,0
K210,OVERSEAS_HUB,2021-03-31,9,8,0
K210,OVERSEAS_HUB,2021-04-30,9,10,0
K210,OVERSEAS_HUB,2021-05-31,7,10,0
K210,OVERSEAS_HUB,2021-06-30,9,9,0
K210,OVERSEAS_HUB,2021-07-31,7,9,0
K210,OVERSEAS_HUB,2021-08-31,8,9,0
K210,OVERSEAS_HUB,2021-09-30,12,9,0
K210,OVERSEAS_HUB,2021-10-31,7,9,0
K210,OVERSEAS_HUB,2021-11-30,16,11,0
K210,OVERSEAS_HUB,2021-12-31,0,12,1
K210,OVERSEAS_HUB,2022-01-31,9,12,0
K210,OVERSEAS_HUB,2022-02-28,9,12,0
K210,OVERSEAS_HUB,2022-03-31,11,13,0
K210,OVERSEAS_HUB,2022-04-30,10,11,0
K210,OVERSEAS_HUB,2022-05-31,13,10,0
K210,OVERSEAS_HUB,2022-06-30,11,10,0
K210,OVERSEAS_HUB,2022-07-31,8,12,0
K210,OVERSEAS_HUB,2022-08-31,14,13,0
K210,OVERSEAS_HUB,2022-09-30,6,13,0
K210,OVERSEAS_HUB,2022-10-31,12,15,0
K210,OVERSEAS_HUB,2022-11-30,17,15,0
K210,OVERSEAS_HUB,2022-12-31,19,14,0
K210,OVERSEAS_HUB,2023-01-31,15,14,0
K210,OVERSEAS_HUB,2023-02-28,19,16,0
K210,OVERSEAS_HUB,2023-03-31,27,19,0
K210,OVERSEAS_HUB,2023-04-30,29,19,0
K210,OVERSEAS_HUB,2023-05-31,11,20,0
K210,OVERSEAS_HUB,2023-06-30,10,21,0
K210,OVERSEAS_HUB,2023-07-31,28,20,0
K210,OVERSEAS_HUB,2023-08-31,26,18,0
K210,OVERSEAS_HUB,2023-09-30,14,18,0
K210,OVERSEAS_HUB,2023-10-31,13,19,0
K210,OVERSEAS_HUB,2023-11-30,7,19,0
K210,OVERSEAS_HUB,2023-12-31,13,18,0
K210,OVERSEAS_HUB,2024-01-31,31,16,0
K210,OVERSEAS_HUB,2024-02-29,0,14,1
K210,OVERSEAS_HUB,2024-03-31,9,11,0
K210,OVERSEAS_HUB,2024-04-30,18,11,0
K210,OVERSEAS_HUB,2024-05-31,14,10,0
K210,OVERSEAS_HUB,2024-06-30,9,8,0
K210,OVERSEAS_HUB,2024-07-31,10,8,0
K210,OVERSEAS_HUB,2024-08-31,0,8,1
K210,OVERSEAS_HUB,2024-09-30,2,8,0
K210,OVERSEAS_HUB,2024-10-31,6,6,0
K210,OVERSEAS_HUB,2024-11-30,4,4,0
K210,OVERSEAS_HUB,2024-12-31,6,7,0
K210,OVERSEAS_HUB,2025-01-31,7,7,0
K210,OVERSEAS_HUB,2025-02-28,3,8,0
K210,OVERSEAS_HUB,2025-03-31,1,9,0
K210,OVERSEAS_HUB,2025-04-30,14,9,0
K210,OVERSEAS_HUB,2025-05-31,9,9,0
K210,OVERSEAS_HUB,2025-06-30,7,9,0
K210,OVERSEAS_HUB,2025-07-31,11,10,0
K210,OVERSEAS_HUB,2025-08-31,10,10,0
K210,OVERSEAS_HUB,2025-09-30,10,12,0
K210,OVERSEAS_HUB,2025-10-31,22,12,0
K210,OVERSEAS_HUB,2025-11-30,17,13,0
K210,OVERSEAS_HUB,2025-12-31,10,14,0
K210,OVERSEAS_HUB,2026-01-31,11,15,0
K210,OVERSEAS_HUB,2026-02-28,25,15,0
K210,OVERSEAS_HUB,2026-03-31,21,15,0
K210,OVERSEAS_HUB,2026-04-30,13,15,0
K210,OVERSEAS_HUB,2026-05-31,20,16,0
K210,OVERSEAS_HUB,2026-06-30,9,14,0
K210,OVERSEAS_HUB,2026-07-31,0,14,1
K210,OVERSEAS_HUB,2026-08-31,21,14,0
K210A,TOKYO_DC,2020-01-31,0,0,0
K210A,TOKYO_DC,2020-02-29,0,0,0
K210A,TOKYO_DC,2020-03-31,0,0,0
K210A,TOKYO_DC,2020-04-30,0,0,0
K210A,TOKYO_DC,2020-05-31,0,0,0
K210A,TOKYO_DC,2020-06-30,0,0,0
K210A,TOKYO_DC,2020-07-31,0,0,0
K210A,TOKYO_DC,2020-08-31,0,0,0
K210A,TOKYO_DC,2020-09-30,0,0,0
K210A,TOKYO_DC,2020-10-31,0,0,0
K210A,TOKYO_DC,2020-11-30,0,0,0
K210A,TOKYO_DC,2020-12-31,0,0,0
K210A,TOKYO_DC,2021-01-31,0,0,0
K210A,TOKYO_DC,2021-02-28,0,0,0
K210A,TOKYO_DC,2021-03-31,0,0,0
K210A,TOKYO_DC,2021-04-30,0,0,0
K210A,TOKYO_DC,2021-05-31,0,0,0
K210A,TOKYO_DC,2021-06-30,0,0,0
K210A,TOKYO_DC,2021-07-31,0,0,0
K210A,TOKYO_DC,2021-08-31,0,0,0
K210A,TOKYO_DC,2021-09-30,0,0,0
K210A,TOKYO_DC,2021-10-31,0,0,0
K210A,TOKYO_DC,2021-11-30,0,0,0
K210A,TOKYO_DC,2021-12-31,0,0,0
K210A,TOKYO_DC,2022-01-31,0,0,0
K210A,TOKYO_DC,2022-02-28,0,0,0
K210A,TOKYO_DC,2022-03-31,0,0,0
K210A,TOKYO_DC,2022-04-30,1,1,0
K210A,TOKYO_DC,2022-05-31,1,1,0
K210A,TOKYO_DC,2022-06-30,2,2,0
K210A,TOKYO_DC,2022-07-31,1,2,0
K210A,TOKYO_DC,2022-08-31,2,2,0
K210A,TOKYO_DC,2022-09-30,1,2,0
K210A,TOKYO_DC,2022-10-31,2,2,0
K210A,TOKYO_DC,2022-11-30,1,2,0
K210A,TOKYO_DC,2022-12-31,3,2,0
K210A,TOKYO_DC,2023-01-31,2,2,0
K210A,TOKYO_DC,2023-02-28,1,1,0
K210A,TOKYO_DC,2023-03-31,1,1,0
K210A,TOKYO_DC,2023-04-30,1,1,0
K210A,TOKYO_DC,2023-05-31,0,1,1
K210A,TOKYO_DC,2023-06-30,0,1,1
K210A,TOKYO_DC,2023-07-31,1,1,0
K210A,TOKYO_DC,2023-08-31,2,1,0
K210A,TOKYO_DC,2023-09-30,1,1,0
K210A,TOKYO_DC,2023-10-31,1,1,0
K210A,TOKYO_DC,2023-11-30,1,1,0
K210A,TOKYO_DC,2023-12-31,1,1,0
K210A,TOKYO_DC,2024-01-31,2,1,0
K210A,TOKYO_DC,2024-02-29,0,1,1
K210A,TOKYO_DC,2024-03-31,1,1,0
K210A,TOKYO_DC,2024-04-30,1,1,0
K210A,TOKYO_DC,2024-05-31,1,2,0
K210A,TOKYO_DC,2024-06-30,2,2,0
K210A,TOKYO_DC,2024-07-31,0,1,1
K210A,TOKYO_DC,2024-08-31,2,2,0
K210A,TOKYO_DC,2024-09-30,1,1,0
K210A,TOKYO_DC,2024-10-31,1,1,0
K210A,TOKYO_DC,2024-11-30,1,1,0
K210A,TOKYO_DC,2024-12-31,1,1,0
K210A,TOKYO_DC,2025-01-31,1,1,0
K210A,TOKYO_DC,2025-02-28,2,1,0
K210A,TOKYO_DC,2025-03-31,1,2,0
K210A,TOKYO_DC,2025-04-30,0,2,1
K210A,TOKYO_DC,2025-05-31,2,2,0
K210A,TOKYO_DC,2025-06-30,0,2,1
K210A,TOKYO_DC,2025-07-31,2,2,0
K210A,TOKYO_DC,2025-08-31,2,2,0
K210A,TOKYO_DC,2025-09-30,2,2,0
K210A,TOKYO_DC,2025-10-31,3,2,0
K210A,TOKYO_DC,2025-11-30,1,1,0
K210A,TOKYO_DC,2025-12-31,0,1,1
K210A,TOKYO_DC,2026-01-31,1,1,0
K210A,TOKYO_DC,2026-02-28,1,1,0
K210A,TOKYO_DC,2026-03-31,1,1,0
K210A,TOKYO_DC,2026-04-30,1,1,0
K210A,TOKYO_DC,2026-05-31,1,1,0
K210A,TOKYO_DC,2026-06-30,1,1,0
K210A,TOKYO_DC,2026-07-31,0,1,1
K210A,TOKYO_DC,2026-08-31,1,1,0
K210A,OSAKA_DC,2020-01-31,0,0,0
K210A,OSAKA_DC,2020-02-29,0,0,0
K210A,OSAKA_DC,2020-03-31,0,0,0
K210A,OSAKA_DC,2020-04-30,0,0,0
K210A,OSAKA_DC,2020-05-31,0,0,0
K210A,OSAKA_DC,2020-06-30,0,0,0
K210A,OSAKA_DC,2020-07-31,0,0,0
K210A,OSAKA_DC,2020-08-31,0,0,0
K210A,OSAKA_DC,2020-09-30,0,0,0
K210A,OSAKA_DC,2020-10-31,0,0,0
K210A,OSAKA_DC,2020-11-30,0,0,0
K210A,OSAKA_DC,2020-12-31,0,0,0
K210A,OSAKA_DC,2021-01-31,0,0,0
K210A,OSAKA_DC,2021-02-28,0,0,0
K210A,OSAKA_DC,2021-03-31,0,0,0
K210A,OSAKA_DC,2021-04-30,0,0,0
K210A,OSAKA_DC,2021-05-31,0,0,0
K210A,OSAKA_DC,2021-06-30,0,0,0
K210A,OSAKA_DC,2021-07-31,0,0,0
K210A,OSAKA_DC,2021-08-31,0,0,0
K210A,OSAKA_DC,2021-09-30,0,0,0
K210A,OSAKA_DC,2021-10-31,0,0,0
K210A,OSAKA_DC,2021-11-30,0,0,0
K210A,OSAKA_DC,2021-12-31,0,0,0
K210A,OSAKA_DC,2022-01-31,0,0,0
K210A,OSAKA_DC,2022-02-28,0,0,0
K210A,OSAKA_DC,2022-03-31,0,0,0
K210A,OSAKA_DC,2022-04-30,1,1,0
K210A,OSAKA_DC,2022-05-31,1,1,0
K210A,OSAKA_DC,2022-06-30,1,1,0
K210A,OSAKA_DC,2022-07-31,2,2,0
K210A,OSAKA_DC,2022-08-31,1,1,0
K210A,OSAKA_DC,2022-09-30,1,1,0
K210A,OSAKA_DC,2022-10-31,0,1,1
K210A,OSAKA_DC,2022-11-30,0,1,1
K210A,OSAKA_DC,2022-12-31,0,1,1
K210A,OSAKA_DC,2023-01-31,1,1,0
K210A,OSAKA_DC,2023-02-28,1,1,0
K210A,OSAKA_DC,2023-03-31,0,1,1
K210A,OSAKA_DC,2023-04-30,1,1,0
K210A,OSAKA_DC,2023-05-31,0,1,1
K210A,OSAKA_DC,2023-06-30,1,1,0
K210A,OSAKA_DC,2023-07-31,0,0,0
K210A,OSAKA_DC,2023-08-31,0,0,0
K210A,OSAKA_DC,2023-09-30,0,1,1
K210A,OSAKA_DC,2023-10-31,1,1,0
K210A,OSAKA_DC,2023-11-30,2,1,0
K210A,OSAKA_DC,2023-12-31,1,1,0
K210A,OSAKA_DC,2024-01-31,1,1,0
K210A,OSAKA_DC,2024-02-29,1,1,0
K210A,OSAKA_DC,2024-03-31,1,1,0
K210A,OSAKA_DC,2024-04-30,1,1,0
K210A,OSAKA_DC,2024-05-31,1,1,0
K210A,OSAKA_DC,2024-06-30,2,1,0
K210A,OSAKA_DC,2024-07-31,2,1,0
K210A,OSAKA_DC,2024-08-31,1,1,0
K210A,OSAKA_DC,2024-09-30,0,1,1
K210A,OSAKA_DC,2024-10-31,1,1,0
K210A,OSAKA_DC,2024-11-30,1,1,0
K210A,OSAKA_DC,2024-12-31,1,1,0
K210A,OSAKA_DC,2025-01-31,1,1,0
K210A,OSAKA_DC,2025-02-28,1,1,0
K210A,OSAKA_DC,2025-03-31,1,1,0
K210A,OSAKA_DC,2025-04-30,1,1,0
K210A,OSAKA_DC,2025-05-31,1,1,0
K210A,OSAKA_DC,2025-06-30,0,1,1
K210A,OSAKA_DC,2025-07-31,1,1,0
K210A,OSAKA_DC,2025-08-31,1,1,0
K210A,OSAKA_DC,2025-09-30,0,1,1
K210A,OSAKA_DC,2025-10-31,1,1,0
K210A,OSAKA_DC,2025-11-30,1,1,0
K210A,OSAKA_DC,2025-12-31,1,1,0
K210A,OSAKA_DC,2026-01-31,1,1,0
K210A,OSAKA_DC,2026-02-28,1,1,0
K210A,OSAKA_DC,2026-03-31,1,1,0
K210A,OSAKA_DC,2026-04-30,1,1,0
K210A,OSAKA_DC,2026-05-31,1,1,0
K210A,OSAKA_DC,2026-06-30,1,1,0
K210A,OSAKA_DC,2026-07-31,0,1,1
K210A,OSAKA_DC,2026-08-31,2,1,0
K210A,OVERSEAS_HUB,2020-01-31,0,0,0
K210A,OVERSEAS_HUB,2020-02-29,0,0,0
K210A,OVERSEAS_HUB,2020-03-31,0,0,0
K210A,OVERSEAS_HUB,2020-04-30,0,0,0
K210A,OVERSEAS_HUB,2020-05-31,0,0,0
K210A,OVERSEAS_HUB,2020-06-30,0,0,0
K210A,OVERSEAS_HUB,2020-07-31,0,0,0
K210A,OVERSEAS_HUB,2020-08-31,0,0,0
K210A,OVERSEAS_HUB,2020-09-30,0,0,0
K210A,OVERSEAS_HUB,2020-10-31,0,0,0
K210A,OVERSEAS_HUB,2020-11-30,0,0,0
K210A,OVERSEAS_HUB,2020-12-31,0,0,0
K210A,OVERSEAS_HUB,2021-01-31,0,0,0
K210A,OVERSEAS_HUB,2021-02-28,0,0,0
K210A,OVERSEAS_HUB,2021-03-31,0,0,0
K210A,OVERSEAS_HUB,2021-04-30,0,0,0
K210A,OVERSEAS_HUB,2021-05-31,0,0,0
K210A,OVERSEAS_HUB,2021-06-30,0,0,0
K210A,OVERSEAS_HUB,2021-07-31,0,0,0
K210A,OVERSEAS_HUB,2021-08-31,0,0,0
K210A,OVERSEAS_HUB,2021-09-30,0,0,0
K210A,OVERSEAS_HUB,2021-10-31,0,0,0
K210A,OVERSEAS_HUB,2021-11-30,0,0,0
K210A,OVERSEAS_HUB,2021-12-31,0,0,0
K210A,OVERSEAS_HUB,2022-01-31,0,0,0
K210A,OVERSEAS_HUB,2022-02-28,0,0,0
K210A,OVERSEAS_HUB,2022-03-31,0,0,0
K210A,OVERSEAS_HUB,2022-04-30,2,2,0
K210A,OVERSEAS_HUB,2022-05-31,4,3,0
K210A,OVERSEAS_HUB,2022-06-30,0,2,1
K210A,OVERSEAS_HUB,2022-07-31,2,2,0
K210A,OVERSEAS_HUB,2022-08-31,1,1,0
K210A,OVERSEAS_HUB,2022-09-30,0,1,1
K210A,OVERSEAS_HUB,2022-10-31,1,1,0
K210A,OVERSEAS_HUB,2022-11-30,1,1,0
K210A,OVERSEAS_HUB,2022-12-31,2,1,0
K210A,OVERSEAS_HUB,2023-01-31,1,1,0
K210A,OVERSEAS_HUB,2023-02-28,1,1,0
K210A,OVERSEAS_HUB,2023-03-31,1,1,0
K210A,OVERSEAS_HUB,2023-04-30,1,1,0
K210A,OVERSEAS_HUB,2023-05-31,1,1,0
K210A,OVERSEAS_HUB,2023-06-30,2,1,0
K210A,OVERSEAS_HUB,2023-07-31,0,1,1
K210A,OVERSEAS_HUB,2023-08-31,1,1,0
K210A,OVERSEAS_HUB,2023-09-30,1,1,0
K210A,OVERSEAS_HUB,2023-10-31,1,1,0
K210A,OVERSEAS_HUB,2023-11-30,0,1,1
K210A,OVERSEAS_HUB,2023-12-31,0,0,0
K210A,OVERSEAS_HUB,2024-01-31,0,0,0
K210A,OVERSEAS_HUB,2024-02-29,0,0,0
K210A,OVERSEAS_HUB,2024-03-31,0,1,1
K210A,OVERSEAS_HUB,2024-04-30,1,1,0
K210A,OVERSEAS_HUB,2024-05-31,1,1,0
K210A,OVERSEAS_HUB,2024-06-30,1,1,0
K210A,OVERSEAS_HUB,2024-07-31,1,1,0
K210A,OVERSEAS_HUB,2024-08-31,1,1,0
K210A,OVERSEAS_HUB,2024-09-30,0,1,1
K210A,OVERSEAS_HUB,2024-10-31,3,2,0
K210A,OVERSEAS_HUB,2024-11-30,0,2,1
K210A,OVERSEAS_HUB,2024-12-31,1,2,0
K210A,OVERSEAS_HUB,2025-01-31,2,2,0
K210A,OVERSEAS_HUB,2025-02-28,2,2,0
K210A,OVERSEAS_HUB,2025-03-31,4,2,0
K210A,OVERSEAS_HUB,2025-04-30,3,2,0
K210A,OVERSEAS_HUB,2025-05-31,1,2,0
K210A,OVERSEAS_HUB,2025-06-30,2,2,0
K210A,OVERSEAS_HUB,2025-07-31,0,2,1
K210A,OVERSEAS_HUB,2025-08-31,1,2,0
K210A,OVERSEAS_HUB,2025-09-30,2,2,0
K210A,OVERSEAS_HUB,2025-10-31,1,2,0
K210A,OVERSEAS_HUB,2025-11-30,1,2,0
K210A,OVERSEAS_HUB,2025-12-31,3,2,0
K210A,OVERSEAS_HUB,2026-01-31,0,2,1
K210A,OVERSEAS_HUB,2026-02-28,1,1,0
K210A,OVERSEAS_HUB,2026-03-31,1,1,0
K210A,OVERSEAS_HUB,2026-04-30,1,1,0
K210A,OVERSEAS_HUB,2026-05-31,1,1,0
K210A,OVERSEAS_HUB,2026-06-30,1,1,0
K210A,OVERSEAS_HUB,2026-07-31,1,1,0
K210A,OVERSEAS_HUB,2026-08-31,2,1,0
K210B,TOKYO_DC,2020-01-31,85,70,0
K210B,TOKYO_DC,2020-02-29,25,45,0
K210B,TOKYO_DC,2020-03-31,56,41,0
K210B,TOKYO_DC,2020-04-30,54,45,0
K210B,TOKYO_DC,2020-05-31,66,46,0
K210B,TOKYO_DC,2020-06-30,59,46,0
K210B,TOKYO_DC,2020-07-31,2,42,0
K210B,TOKYO_DC,2020-08-31,43,39,0
K210B,TOKYO_DC,2020-09-30,44,38,0
K210B,TOKYO_DC,2020-10-31,45,40,0
K210B,TOKYO_DC,2020-11-30,25,39,0
K210B,TOKYO_DC,2020-12-31,13,37,0
K210B,TOKYO_DC,2021-01-31,37,38,0
K210B,TOKYO_DC,2021-02-28,0,40,1
K210B,TOKYO_DC,2021-03-31,39,42,0
K210B,TOKYO_DC,2021-04-30,4,39,0
K210B,TOKYO_DC,2021-05-31,53,38,0
K210B,TOKYO_DC,2021-06-30,48,35,0
K210B,TOKYO_DC,2021-07-31,26,36,0
K210B,TOKYO_DC,2021-08-31,45,36,0
K210B,TOKYO_DC,2021-09-30,41,35,0
K210B,TOKYO_DC,2021-10-31,0,32,1
K210B,TOKYO_DC,2021-11-30,49,33,0
K210B,TOKYO_DC,2021-12-31,69,32,0
K210B,TOKYO_DC,2022-01-31,25,27,0
K210B,TOKYO_DC,2022-02-28,13,25,0
K210B,TOKYO_DC,2022-03-31,0,23,1
K210B,TOKYO_DC,2022-04-30,15,24,0
K210B,TOKYO_DC,2022-05-31,15,24,0
K210B,TOKYO_DC,2022-06-30,43,34,0
K210B,TOKYO_DC,2022-07-31,40,33,0
K210B,TOKYO_DC,2022-08-31,0,35,1
K210B,TOKYO_DC,2022-09-30,31,35,0
K210B,TOKYO_DC,2022-10-31,44,35,0
K210B,TOKYO_DC,2022-11-30,0,32,1
K210B,TOKYO_DC,2022-12-31,36,33,0
K210B,TOKYO_DC,2023-01-31,40,36,0
K210B,TOKYO_DC,2023-02-28,19,37,0
K210B,TOKYO_DC,2023-03-31,40,37,0
K210B,TOKYO_DC,2023-04-30,44,36,0
K210B,TOKYO_DC,2023-05-31,36,35,0
K210B,TOKYO_DC,2023-06-30,36,28,0
K210B,TOKYO_DC,2023-07-31,22,29,0
K210B,TOKYO_DC,2023-08-31,38,27,0
K210B,TOKYO_DC,2023-09-30,29,25,0
K210B,TOKYO_DC,2023-10-31,12,28,0
K210B,TOKYO_DC,2023-11-30,15,30,0
K210B,TOKYO_DC,2023-12-31,24,37,0
K210B,TOKYO_DC,2024-01-31,5,36,0
K210B,TOKYO_DC,2024-02-29,20,39,0
K210B,TOKYO_DC,2024-03-31,0,39,1
K210B,TOKYO_DC,2024-04-30,14,40,0
K210B,TOKYO_DC,2024-05-31,0,38,1
K210B,TOKYO_DC,2024-06-30,16,37,0
K210B,TOKYO_DC,2024-07-31,52,36,0
K210B,TOKYO_DC,2024-08-31,57,36,0
K210B,TOKYO_DC,2024-09-30,11,37,0
K210B,TOKYO_DC,2024-10-31,37,37,0
K210B,TOKYO_DC,2024-11-30,45,36,0
K210B,TOKYO_DC,2024-12-31,55,29,0
K210B,TOKYO_DC,2025-01-31,59,30,0
K210B,TOKYO_DC,2025-02-28,0,25,1
K210B,TOKYO_DC,2025-03-31,26,24,0
K210B,TOKYO_DC,2025-04-30,21,23,0
K210B,TOKYO_DC,2025-05-31,48,26,0
K210B,TOKYO_DC,2025-06-30,46,27,0
K210B,TOKYO_DC,2025-07-31,22,27,0
K210B,TOKYO_DC,2025-08-31,37,29,0
K210B,TOKYO_DC,2025-09-30,45,30,0
K210B,TOKYO_DC,2025-10-31,23,28,0
K210B,TOKYO_DC,2025-11-30,26,28,0
K210B,TOKYO_DC,2025-12-31,33,28,0
K210B,TOKYO_DC,2026-01-31,7,27,0
K210B,TOKYO_DC,2026-02-28,0,28,1
K210B,TOKYO_DC,2026-03-31,30,31,0
K210B,TOKYO_DC,2026-04-30,34,35,0
K210B,TOKYO_DC,2026-05-31,27,36,0
K210B,TOKYO_DC,2026-06-30,51,33,0
K210B,TOKYO_DC,2026-07-31,42,33,0
K210B,TOKYO_DC,2026-08-31,41,31,0
K210B,OSAKA_DC,2020-01-31,55,47,0
K210B,OSAKA_DC,2020-02-29,18,30,0
K210B,OSAKA_DC,2020-03-31,6,27,0
K210B,OSAKA_DC,2020-04-30,10,30,0
K210B,OSAKA_DC,2020-05-31,29,31,0
K210B,OSAKA_DC,2020-06-30,24,30,0
K210B,OSAKA_DC,2020-07-31,17,28,0
K210B,OSAKA_DC,2020-08-31,32,26,0
K210B,OSAKA_DC,2020-09-30,48,26,0
K210B,OSAKA_DC,2020-10-31,42,27,0
K210B,OSAKA_DC,2020-11-30,39,26,0
K210B,OSAKA_DC,2020-12-31,37,25,0
K210B,OSAKA_DC,2021-01-31,23,25,0
K210B,OSAKA_DC,2021-02-28,18,27,0
K210B,OSAKA_DC,2021-03-31,28,28,0
K210B,OSAKA_DC,2021-04-30,25,26,0
K210B,OSAKA_DC,2021-05-31,22,25,0
K210B,OSAKA_DC,2021-06-30,16,24,0
K210B,OSAKA_DC,2021-07-31,18,24,0
K210B,OSAKA_DC,2021-08-31,9,24,0
K210B,OSAKA_DC,2021-09-30,37,23,0
K210B,OSAKA_DC,2021-10-31,33,21,0
K210B,OSAKA_DC,2021-11-30,0,22,1
K210B,OSAKA_DC,2021-12-31,5,21,0
K210B,OSAKA_DC,2022-01-31,5,18,0
K210B,OSAKA_DC,2022-02-28,12,17,0
K210B,OSAKA_DC,2022-03-31,15,15,0
K210B,OSAKA_DC,2022-04-30,3,16,0
K210B,OSAKA_DC,2022-05-31,14,16,0
K210B,OSAKA_DC,2022-06-30,0,23,1
K210B,OSAKA_DC,2022-07-31,20,22,0
K210B,OSAKA_DC,2022-08-31,26,23,0
K210B,OSAKA_DC,2022-09-30,20,24,0
K210B,OSAKA_DC,2022-10-31,9,23,0
K210B,OSAKA_DC,2022-11-30,0,21,1
K210B,OSAKA_DC,2022-12-31,0,22,1
K210B,OSAKA_DC,2023-01-31,0,24,1
K210B,OSAKA_DC,2023-02-28,36,25,0
K210B,OSAKA_DC,2023-03-31,12,25,0
K210B,OSAKA_DC,2023-04-30,46,24,0
K210B,OSAKA_DC,2023-05-31,27,23,0
K210B,OSAKA_DC,2023-06-30,11,18,0
K210B,OSAKA_DC,2023-07-31,13,19,0
K210B,OSAKA_DC,2023-08-31,18,18,0
K210B,OSAKA_DC,2023-09-30,36,17,0
K210B,OSAKA_DC,2023-10-31,18,19,0
K210B,OSAKA_DC,2023-11-30,6,20,0
K210B,OSAKA_DC,2023-12-31,36,24,0
K210B,OSAKA_DC,2024-01-31,15,24,0
K210B,OSAKA_DC,2024-02-29,21,26,0
K210B,OSAKA_DC,2024-03-31,35,26,0
K210B,OSAKA_DC,2024-04-30,26,27,0
K210B,OSAKA_DC,2024-05-31,23,25,0
K210B,OSAKA_DC,2024-06-30,42,25,0
K210B,OSAKA_DC,2024-07-31,13,24,0
K210B,OSAKA_DC,2024-08-31,33,24,0
K210B,OSAKA_DC,2024-09-30,18,25,0
K210B,OSAKA_DC,2024-10-31,17,25,0
K210B,OSAKA_DC,2024-11-30,29,24,0
K210B,OSAKA_DC,2024-12-31,0,19,1
K210B,OSAKA_DC,2025-01-31,28,20,0
K210B,OSAKA_DC,2025-02-28,12,17,0
K210B,OSAKA_DC,2025-03-31,22,16,0
K210B,OSAKA_DC,2025-04-30,7,16,0
K210B,OSAKA_DC,2025-05-31,21,17,0
K210B,OSAKA_DC,2025-06-30,25,18,0
K210B,OSAKA_DC,2025-07-31,23,18,0
K210B,OSAKA_DC,2025-08-31,16,20,0
K210B,OSAKA_DC,2025-09-30,34,20,0
K210B,OSAKA_DC,2025-10-31,30,19,0
K210B,OSAKA_DC,2025-11-30,16,19,0
K210B,OSAKA_DC,2025-12-31,24,19,0
K210B,OSAKA_DC,2026-01-31,0,18,1
K210B,OSAKA_DC,2026-02-28,20,19,0
K210B,OSAKA_DC,2026-03-31,20,21,0
K210B,OSAKA_DC,2026-04-30,8,23,0
K210B,OSAKA_DC,2026-05-31,28,24,0
K210B,OSAKA_DC,2026-06-30,7,22,0
K210B,OSAKA_DC,2026-07-31,8,22,0
K210B,OSAKA_DC,2026-08-31,35,20,0
K210B,OVERSEAS_HUB,2020-01-31,0,0,0
K210B,OVERSEAS_HUB,2020-02-29,0,0,0
K210B,OVERSEAS_HUB,2020-03-31,11,12,0
K210B,OVERSEAS_HUB,2020-04-30,26,26,0
K210B,OVERSEAS_HUB,2020-05-31,45,32,0
K210B,OVERSEAS_HUB,2020-06-30,17,34,0
K210B,OVERSEAS_HUB,2020-07-31,23,33,0
K210B,OVERSEAS_HUB,2020-08-31,48,31,0
K210B,OVERSEAS_HUB,2020-09-30,24,32,0
K210B,OVERSEAS_HUB,2020-10-31,12,29,0
K210B,OVERSEAS_HUB,2020-11-30,6,28,0
K210B,OVERSEAS_HUB,2020-12-31,48,26,0
K210B,OVERSEAS_HUB,2021-01-31,54,26,0
K210B,OVERSEAS_HUB,2021-02-28,21,30,0
K210B,OVERSEAS_HUB,2021-03-31,11,27,0
K210B,OVERSEAS_HUB,2021-04-30,17,21,0
K210B,OVERSEAS_HUB,2021-05-31,28,16,0
K210B,OVERSEAS_HUB,2021-06-30,16,14,0
K210B,OVERSEAS_HUB,2021-07-31,18,12,0
K210B,OVERSEAS_HUB,2021-08-31,14,12,0
K210B,OVERSEAS_HUB,2021-09-30,9,10,0
K210B,OVERSEAS_HUB,2021-10-31,16,12,0
K210B,OVERSEAS_HUB,2021-11-30,8,14,0
K210B,OVERSEAS_HUB,2021-12-31,2,14,0
K210B,OVERSEAS_HUB,2022-01-31,14,16,0
K210B,OVERSEAS_HUB,2022-02-28,12,13,0
K210B,OVERSEAS_HUB,2022-03-31,21,16,0
K210B,OVERSEAS_HUB,2022-04-30,25,20,0
K210B,OVERSEAS_HUB,2022-05-31,11,20,0
K210B,OVERSEAS_HUB,2022-06-30,13,18,0
K210B,OVERSEAS_HUB,2022-07-31,13,20,0
K210B,OVERSEAS_HUB,2022-08-31,19,21,0
K210B,OVERSEAS_HUB,2022-09-30,15,22,0
K210B,OVERSEAS_HUB,2022-10-31,23,21,0
K210B,OVERSEAS_HUB,2022-11-30,23,19,0
K210B,OVERSEAS_HUB,2022-12-31,26,21,0
K210B,OVERSEAS_HUB,2023-01-31,21,24,0
K210B,OVERSEAS_HUB,2023-02-28,14,25,0
K210B,OVERSEAS_HUB,2023-03-31,1,24,0
K210B,OVERSEAS_HUB,2023-04-30,35,21,0
K210B,OVERSEAS_HUB,2023-05-31,20,21,0
K210B,OVERSEAS_HUB,2023-06-30,18,21,0
K210B,OVERSEAS_HUB,2023-07-31,29,22,0
K210B,OVERSEAS_HUB,2023-08-31,20,18,0
K210B,OVERSEAS_HUB,2023-09-30,7,16,0
K210B,OVERSEAS_HUB,2023-10-31,25,19,0
K210B,OVERSEAS_HUB,2023-11-30,28,21,0
K210B,OVERSEAS_HUB,2023-12-31,6,19,0
K210B,OVERSEAS_HUB,2024-01-31,4,14,0
K210B,OVERSEAS_HUB,2024-02-29,19,11,0
K210B,OVERSEAS_HUB,2024-03-31,11,11,0
K210B,OVERSEAS_HUB,2024-04-30,17,11,0
K210B,OVERSEAS_HUB,2024-05-31,16,15,0
K210B,OVERSEAS_HUB,2024-06-30,24,15,0
K210B,OVERSEAS_HUB,2024-07-31,16,14,0
K210B,OVERSEAS_HUB,2024-08-31,19,14,0
K210B,OVERSEAS_HUB,2024-09-30,3,15,0
K210B,OVERSEAS_HUB,2024-10-31,0,12,1
K210B,OVERSEAS_HUB,2024-11-30,0,9,1
K210B,OVERSEAS_HUB,2024-12-31,7,9,0
K210B,OVERSEAS_HUB,2025-01-31,17,14,0
K210B,OVERSEAS_HUB,2025-02-28,7,15,0
K210B,OVERSEAS_HUB,2025-03-31,9,19,0
K210B,OVERSEAS_HUB,2025-04-30,24,21,0
K210B,OVERSEAS_HUB,2025-05-31,19,20,0
K210B,OVERSEAS_HUB,2025-06-30,35,25,0
K210B,OVERSEAS_HUB,2025-07-31,27,25,0
K210B,OVERSEAS_HUB,2025-08-31,12,25,0
K210B,OVERSEAS_HUB,2025-09-30,37,26,0
K210B,OVERSEAS_HUB,2025-10-31,21,27,0
K210B,OVERSEAS_HUB,2025-11-30,29,29,0
K210B,OVERSEAS_HUB,2025-12-31,46,31,0
K210B,OVERSEAS_HUB,2026-01-31,0,26,1
K210B,OVERSEAS_HUB,2026-02-28,38,25,0
K210B,OVERSEAS_HUB,2026-03-31,40,19,0
K210B,OVERSEAS_HUB,2026-04-30,0,17,1
K210B,OVERSEAS_HUB,2026-05-31,23,18,0
K210B,OVERSEAS_HUB,2026-06-30,11,13,0
K210B,OVERSEAS_HUB,2026-07-31,16,12,0
K210B,OVERSEAS_HUB,2026-08-31,15,12,0
K210C,TOKYO_DC,2020-01-31,7,4,0
K210C,TOKYO_DC,2020-02-29,2,3,0
K210C,TOKYO_DC,2020-03-31,3,3,0
K210C,TOKYO_DC,2020-04-30,3,3,0
K210C,TOKYO_DC,2020-05-31,5,4,0
K210C,TOKYO_DC,2020-06-30,0,8,1
K210C,TOKYO_DC,2020-07-31,10,8,0
K210C,TOKYO_DC,2020-08-31,11,8,0
K210C,TOKYO_DC,2020-09-30,9,8,0
K210C,TOKYO_DC,2020-10-31,12,9,0
K210C,TOKYO_DC,2020-11-30,8,8,0
K210C,TOKYO_DC,2020-12-31,10,9,0
K210C,TOKYO_DC,2021-01-31,10,9,0
K210C,TOKYO_DC,2021-02-28,18,11,0
K210C,TOKYO_DC,2021-03-31,12,11,0
K210C,TOKYO_DC,2021-04-30,11,11,0
K210C,TOKYO_DC,2021-05-31,15,11,0
K210C,TOKYO_DC,2021-06-30,12,9,0
K210C,TOKYO_DC,2021-07-31,8,8,0
K210C,TOKYO_DC,2021-08-31,15,10,0
K210C,TOKYO_DC,2021-09-30,9,11,0
K210C,TOKYO_DC,2021-10-31,16,11,0
K210C,TOKYO_DC,2021-11-30,9,11,0
K210C,TOKYO_DC,2021-12-31,14,11,0
K210C,TOKYO_DC,2022-01-31,13,13,0
K210C,TOKYO_DC,2022-02-28,22,16,0
K210C,TOKYO_DC,2022-03-31,23,17,0
K210C,TOKYO_DC,2022-04-30,8,17,0
K210C,TOKYO_DC,2022-05-31,19,17,0
K210C,TOKYO_DC,2022-06-30,16,17,0
K210C,TOKYO_DC,2022-07-31,7,18,0
K210C,TOKYO_DC,2022-08-31,26,16,0
K210C,TOKYO_DC,2022-09-30,12,15,0
K210C,TOKYO_DC,2022-10-31,22,14,0
K210C,TOKYO_DC,2022-11-30,10,15,0
K210C,TOKYO_DC,2022-12-31,10,14,0
K210C,TOKYO_DC,2023-01-31,13,13,0
K210C,TOKYO_DC,2023-02-28,8,8,0
K210C,TOKYO_DC,2023-03-31,7,7,0
K210C,TOKYO_DC,2023-04-30,6,11,0
K210C,TOKYO_DC,2023-05-31,0,12,1
K210C,TOKYO_DC,2023-06-30,7,11,0
K210C,TOKYO_DC,2023-07-31,5,10,0
K210C,TOKYO_DC,2023-08-31,15,11,0
K210C,TOKYO_DC,2023-09-30,13,12,0
K210C,TOKYO_DC,2023-10-31,12,12,0
K210C,TOKYO_DC,2023-11-30,0,11,1
K210C,TOKYO_DC,2023-12-31,22,22,0
K210C,TOKYO_DC,2024-01-31,21,22,0
K210C,TOKYO_DC,2024-02-29,14,22,0
K210C,TOKYO_DC,2024-03-31,30,26,0
K210C,TOKYO_DC,2024-04-30,23,25,0
K210C,TOKYO_DC,2024-05-31,0,25,1
K210C,TOKYO_DC,2024-06-30,0,26,1
K210C,TOKYO_DC,2024-07-31,1,27,0
K210C,TOKYO_DC,2024-08-31,22,26,0
K210C,TOKYO_DC,2024-09-30,15,27,0
K210C,TOKYO_DC,2024-10-31,46,26,0
K210C,TOKYO_DC,2024-11-30,23,26,0
K210C,TOKYO_DC,2024-12-31,25,16,0
K210C,TOKYO_DC,2025-01-31,13,16,0
K210C,TOKYO_DC,2025-02-28,27,16,0
K210C,TOKYO_DC,2025-03-31,12,13,0
K210C,TOKYO_DC,2025-04-30,13,10,0
K210C,TOKYO_DC,2025-05-31,6,10,0
K210C,TOKYO_DC,2025-06-30,8,12,0
K210C,TOKYO_DC,2025-07-31,8,11,0
K210C,TOKYO_DC,2025-08-31,3,11,0
K210C,TOKYO_DC,2025-09-30,6,10,0
K210C,TOKYO_DC,2025-10-31,19,19,0
K210C,TOKYO_DC,2025-11-30,0,22,1
K210C,TOKYO_DC,2025-12-31,22,22,0
K210C,TOKYO_DC,2026-01-31,25,22,0
K210C,TOKYO_DC,2026-02-28,0,22,1
K210C,TOKYO_DC,2026-03-31,30,22,0
K210C,TOKYO_DC,2026-04-30,20,20,0
K210C,TOKYO_DC,2026-05-31,0,21,1
K210C,TOKYO_DC,2026-06-30,36,19,0
K210C,TOKYO_DC,2026-07-31,26,19,0
K210C,TOKYO_DC,2026-08-31,14,19,0
K210C,OSAKA_DC,2020-01-31,2,2,0
K210C,OSAKA_DC,2020-02-29,2,2,0
K210C,OSAKA_DC,2020-03-31,1,2,0
K210C,OSAKA_DC,2020-04-30,1,2,0
K210C,OSAKA_DC,2020-05-31,2,2,0
K210C,OSAKA_DC,2020-06-30,8,6,0
K210C,OSAKA_DC,2020-07-31,5,6,0
K210C,OSAKA_DC,2020-08-31,8,6,0
K210C,OSAKA_DC,2020-09-30,4,5,0
K210C,OSAKA_DC,2020-10-31,5,6,0
K210C,OSAKA_DC,2020-11-30,6,5,0
K210C,OSAKA_DC,2020-12-31,8,6,0
K210C,OSAKA_DC,2021-01-31,11,6,0
K210C,OSAKA_DC,2021-02-28,7,7,0
K210C,OSAKA_DC,2021-03-31,7,7,0
K210C,OSAKA_DC,2021-04-30,13,7,0
K210C,OSAKA_DC,2021-05-31,5,7,0
K210C,OSAKA_DC,2021-06-30,6,6,0
K210C,OSAKA_DC,2021-07-31,6,6,0
K210C,OSAKA_DC,2021-08-31,8,7,0
K210C,OSAKA_DC,2021-09-30,8,8,0
K210C,OSAKA_DC,2021-10-31,9,7,0
K210C,OSAKA_DC,2021-11-30,4,8,0
K210C,OSAKA_DC,2021-12-31,7,8,0
K210C,OSAKA_DC,2022-01-31,6,9,0
K210C,OSAKA_DC,2022-02-28,8,11,0
K210C,OSAKA_DC,2022-03-31,12,12,0
K210C,OSAKA_DC,2022-04-30,0,12,1
K210C,OSAKA_DC,2022-05-31,5,11,0
K210C,OSAKA_DC,2022-06-30,16,11,0
K210C,OSAKA_DC,2022-07-31,9,12,0
K210C,OSAKA_DC,2022-08-31,8,11,0
K210C,OSAKA_DC,2022-09-30,8,10,0
K210C,OSAKA_DC,2022-10-31,14,10,0
K210C,OSAKA_DC,2022-11-30,6,10,0
K210C,OSAKA_DC,2022-12-31,16,10,0
K210C,OSAKA_DC,2023-01-31,9,9,0
K210C,OSAKA_DC,2023-02-28,0,5,1
K210C,OSAKA_DC,2023-03-31,2,4,0
K210C,OSAKA_DC,2023-04-30,7,8,0
K210C,OSAKA_DC,2023-05-31,9,8,0
K210C,OSAKA_DC,2023-06-30,6,7,0
K210C,OSAKA_DC,2023-07-31,11,7,0
K210C,OSAKA_DC,2023-08-31,0,8,1
K210C,OSAKA_DC,2023-09-30,7,8,0
K210C,OSAKA_DC,2023-10-31,9,8,0
K210C,OSAKA_DC,2023-11-30,6,8,0
K210C,OSAKA_DC,2023-12-31,0,15,1
K210C,OSAKA_DC,2024-01-31,10,15,0
K210C,OSAKA_DC,2024-02-29,16,15,0
K210C,OSAKA_DC,2024-03-31,22,17,0
K210C,OSAKA_DC,2024-04-30,0,17,1
K210C,OSAKA_DC,2024-05-31,24,17,0
K210C,OSAKA_DC,2024-06-30,26,17,0
K210C,OSAKA_DC,2024-07-31,28,18,0
K210C,OSAKA_DC,2024-08-31,21,17,0
K210C,OSAKA_DC,2024-09-30,26,18,0
K210C,OSAKA_DC,2024-10-31,8,17,0
K210C,OSAKA_DC,2024-11-30,31,18,0
K210C,OSAKA_DC,2024-12-31,13,10,0
K210C,OSAKA_DC,2025-01-31,8,11,0
K210C,OSAKA_DC,2025-02-28,12,11,0
K210C,OSAKA_DC,2025-03-31,12,9,0
K210C,OSAKA_DC,2025-04-30,4,7,0
K210C,OSAKA_DC,2025-05-31,7,7,0
K210C,OSAKA_DC,2025-06-30,5,8,0
K210C,OSAKA_DC,2025-07-31,10,7,0
K210C,OSAKA_DC,2025-08-31,5,8,0
K210C,OSAKA_DC,2025-09-30,7,7,0
K210C,OSAKA_DC,2025-10-31,14,13,0
K210C,OSAKA_DC,2025-11-30,0,15,1
K210C,OSAKA_DC,2025-12-31,5,15,0
K210C,OSAKA_DC,2026-01-31,11,15,0
K210C,OSAKA_DC,2026-02-28,24,14,0
K210C,OSAKA_DC,2026-03-31,12,14,0
K210C,OSAKA_DC,2026-04-30,17,14,0
K210C,OSAKA_DC,2026-05-31,27,14,0
K210C,OSAKA_DC,2026-06-30,16,13,0
K210C,OSAKA_DC,2026-07-31,7,12,0
K210C,OSAKA_DC,2026-08-31,11,13,0
K210C,OVERSEAS_HUB,2020-01-31,0,0,0
K210C,OVERSEAS_HUB,2020-02-29,3,3,0
K210C,OVERSEAS_HUB,2020-03-31,2,2,0
K210C,OVERSEAS_HUB,2020-04-30,4,5,0
K210C,OVERSEAS_HUB,2020-05-31,7,7,0
K210C,OVERSEAS_HUB,2020-06-30,7,6,0
K210C,OVERSEAS_HUB,2020-07-31,0,5,1
K210C,OVERSEAS_HUB,2020-08-31,2,5,0
K210C,OVERSEAS_HUB,2020-09-30,5,6,0
K210C,OVERSEAS_HUB,2020-10-31,10,9,0
K210C,OVERSEAS_HUB,2020-11-30,8,9,0
K210C,OVERSEAS_HUB,2020-12-31,4,8,0
K210C,OVERSEAS_HUB,2021-01-31,9,10,0
K210C,OVERSEAS_HUB,2021-02-28,0,14,1
K210C,OVERSEAS_HUB,2021-03-31,6,15,0
K210C,OVERSEAS_HUB,2021-04-30,17,14,0
K210C,OVERSEAS_HUB,2021-05-31,13,13,0
K210C,OVERSEAS_HUB,2021-06-30,5,14,0
K210C,OVERSEAS_HUB,2021-07-31,19,15,0
K210C,OVERSEAS_HUB,2021-08-31,24,15,0
K210C,OVERSEAS_HUB,2021-09-30,8,13,0
K210C,OVERSEAS_HUB,2021-10-31,0,12,1
K210C,OVERSEAS_HUB,2021-11-30,10,13,0
K210C,OVERSEAS_HUB,2021-12-31,18,13,0
K210C,OVERSEAS_HUB,2022-01-31,4,12,0
K210C,OVERSEAS_HUB,2022-02-28,5,7,0
K210C,OVERSEAS_HUB,2022-03-31,5,6,0
K210C,OVERSEAS_HUB,2022-04-30,5,6,0
K210C,OVERSEAS_HUB,2022-05-31,6,9,0
K210C,OVERSEAS_HUB,2022-06-30,4,8,0
K210C,OVERSEAS_HUB,2022-07-31,8,7,0
K210C,OVERSEAS_HUB,2022-08-31,6,7,0
K210C,OVERSEAS_HUB,2022-09-30,7,9,0
K210C,OVERSEAS_HUB,2022-10-31,4,7,0
K210C,OVERSEAS_HUB,2022-11-30,4,6,0
K210C,OVERSEAS_HUB,2022-12-31,4,6,0
K210C,OVERSEAS_HUB,2023-01-31,2,7,0
K210C,OVERSEAS_HUB,2023-02-28,6,8,0
K210C,OVERSEAS_HUB,2023-03-31,10,9,0
K210C,OVERSEAS_HUB,2023-04-30,11,8,0
K210C,OVERSEAS_HUB,2023-05-31,0,5,1
K210C,OVERSEAS_HUB,2023-06-30,4,5,0
K210C,OVERSEAS_HUB,2023-07-31,4,6,0
K210C,OVERSEAS_HUB,2023-08-31,13,11,0
K210C,OVERSEAS_HUB,2023-09-30,5,9,0
K210C,OVERSEAS_HUB,2023-10-31,7,12,0
K210C,OVERSEAS_HUB,2023-11-30,11,12,0
K210C,OVERSEAS_HUB,2023-12-31,19,12,0
K210C,OVERSEAS_HUB,2024-01-31,17,11,0
K210C,OVERSEAS_HUB,2024-02-29,11,11,0
K210C,OVERSEAS_HUB,2024-03-31,12,11,0
K210C,OVERSEAS_HUB,2024-04-30,10,11,0
K210C,OVERSEAS_HUB,2024-05-31,17,12,0
K210C,OVERSEAS_HUB,2024-06-30,15,15,0
K210C,OVERSEAS_HUB,2024-07-31,18,18,0
K210C,OVERSEAS_HUB,2024-08-31,2,14,0
K210C,OVERSEAS_HUB,2024-09-30,4,21,0
K210C,OVERSEAS_HUB,2024-10-31,25,18,0
K210C,OVERSEAS_HUB,2024-11-30,31,18,0
K210C,OVERSEAS_HUB,2024-12-31,0,18,1
K210C,OVERSEAS_HUB,2025-01-31,18,18,0
K210C,OVERSEAS_HUB,2025-02-28,21,19,0
K210C,OVERSEAS_HUB,2025-03-31,19,19,0
K210C,OVERSEAS_HUB,2025-04-30,0,19,1
K210C,OVERSEAS_HUB,2025-05-31,24,18,0
K210C,OVERSEAS_HUB,2025-06-30,24,15,0
K210C,OVERSEAS_HUB,2025-07-31,13,12,0
K210C,OVERSEAS_HUB,2025-08-31,14,14,0
K210C,OVERSEAS_HUB,2025-09-30,6,7,0
K210C,OVERSEAS_HUB,2025-10-31,7,6,0
K210C,OVERSEAS_HUB,2025-11-30,3,6,0
K210C,OVERSEAS_HUB,2025-12-31,12,6,0
K210C,OVERSEAS_HUB,2026-01-31,8,7,0
K210C,OVERSEAS_HUB,2026-02-28,4,7,0
K210C,OVERSEAS_HUB,2026-03-31,6,7,0
K210C,OVERSEAS_HUB,2026-04-30,4,7,0
K210C,OVERSEAS_HUB,2026-05-31,9,7,0
K210C,OVERSEAS_HUB,2026-06-30,10,8,0
K210C,OVERSEAS_HUB,2026-07-31,3,8,0
K210C,OVERSEAS_HUB,2026-08-31,2,9,0
K210D,TOKYO_DC,2020-01-31,0,0,0
K210D,TOKYO_DC,2020-02-29,0,0,0
K210D,TOKYO_DC,2020-03-31,0,0,0
K210D,TOKYO_DC,2020-04-30,0,0,0
K210D,TOKYO_DC,2020-05-31,0,0,0
K210D,TOKYO_DC,2020-06-30,0,0,0
K210D,TOKYO_DC,2020-07-31,0,0,0
K210D,TOKYO_DC,2020-08-31,0,0,0
K210D,TOKYO_DC,2020-09-30,0,0,0
K210D,TOKYO_DC,2020-10-31,0,0,0
K210D,TOKYO_DC,2020-11-30,0,0,0
K210D,TOKYO_DC,2020-12-31,0,0,0
K210D,TOKYO_DC,2021-01-31,0,0,0
K210D,TOKYO_DC,2021-02-28,0,0,0
K210D,TOKYO_DC,2021-03-31,0,0,0
K210D,TOKYO_DC,2021-04-30,0,0,0
K210D,TOKYO_DC,2021-05-31,0,0,0
K210D,TOKYO_DC,2021-06-30,0,0,0
K210D,TOKYO_DC,2021-07-31,0,0,0
K210D,TOKYO_DC,2021-08-31,0,0,0
K210D,TOKYO_DC,2021-09-30,0,0,0
K210D,TOKYO_DC,2021-10-31,0,0,0
K210D,TOKYO_DC,2021-11-30,0,0,0
K210D,TOKYO_DC,2021-12-31,0,0,0
K210D,TOKYO_DC,2022-01-31,0,0,0
K210D,TOKYO_DC,2022-02-28,0,0,0
K210D,TOKYO_DC,2022-03-31,0,0,0
K210D,TOKYO_DC,2022-04-30,0,0,0
K210D,TOKYO_DC,2022-05-31,0,0,0
K210D,TOKYO_DC,2022-06-30,0,0,0
K210D,TOKYO_DC,2022-07-31,0,0,0
K210D,TOKYO_DC,2022-08-31,0,0,0
K210D,TOKYO_DC,2022-09-30,0,0,0
K210D,TOKYO_DC,2022-10-31,0,0,0
K210D,TOKYO_DC,2022-11-30,0,0,0
K210D,TOKYO_DC,2022-12-31,0,0,0
K210D,TOKYO_DC,2023-01-31,0,0,0
K210D,TOKYO_DC,2023-02-28,0,0,0
K210D,TOKYO_DC,2023-03-31,0,0,0
K210D,TOKYO_DC,2023-04-30,0,0,0
K210D,TOKYO_DC,2023-05-31,0,0,0
K210D,TOKYO_DC,2023-06-30,0,0,0
K210D,TOKYO_DC,2023-07-31,0,0,0
K210D,TOKYO_DC,2023-08-31,0,0,0
K210D,TOKYO_DC,2023-09-30,0,0,0
K210D,TOKYO_DC,2023-10-31,0,0,0
K210D,TOKYO_DC,2023-11-30,0,0,0
K210D,TOKYO_DC,2023-12-31,0,0,0
K210D,TOKYO_DC,2024-01-31,0,0,0
K210D,TOKYO_DC,2024-02-29,0,0,0
K210D,TOKYO_DC,2024-03-31,0,0,0
K210D,TOKYO_DC,2024-04-30,0,0,0
K210D,TOKYO_DC,2024-05-31,0,0,0
K210D,TOKYO_DC,2024-06-30,0,0,0
K210D,TOKYO_DC,2024-07-31,0,0,0
K210D,TOKYO_DC,2024-08-31,0,0,0
K210D,TOKYO_DC,2024-09-30,0,0,0
K210D,TOKYO_DC,2024-10-31,0,0,0
K210D,TOKYO_DC,2024-11-30,0,0,0
K210D,TOKYO_DC,2024-12-31,0,0,0
K210D,TOKYO_DC,2025-01-31,0,0,0
K210D,TOKYO_DC,2025-02-28,0,0,0
K210D,TOKYO_DC,2025-03-31,0,0,0
K210D,TOKYO_DC,2025-04-30,0,0,0
K210D,TOKYO_DC,2025-05-31,0,0,0
K210D,TOKYO_DC,2025-06-30,0,0,0
K210D,TOKYO_DC,2025-07-31,0,0,0
K210D,TOKYO_DC,2025-08-31,0,0,0
K210D,TOKYO_DC,2025-09-30,0,0,0
K210D,TOKYO_DC,2025-10-31,0,0,0
K210D,TOKYO_DC,2025-11-30,0,0,0
K210D,TOKYO_DC,2025-12-31,0,0,0
K210D,TOKYO_DC,2026-01-31,0,0,0
K210D,TOKYO_DC,2026-02-28,0,0,0
K210D,TOKYO_DC,2026-03-31,0,0,0
K210D,TOKYO_DC,2026-04-30,0,0,0
K210D,TOKYO_DC,2026-05-31,0,0,0
K210D,TOKYO_DC,2026-06-30,0,0,0
K210D,TOKYO_DC,2026-07-31,0,0,0
K210D,TOKYO_DC,2026-08-31,0,0,0
K210D,OSAKA_DC,2020-01-31,0,0,0
K210D,OSAKA_DC,2020-02-29,0,0,0
K210D,OSAKA_DC,2020-03-31,0,0,0
K210D,OSAKA_DC,2020-04-30,0,0,0
K210D,OSAKA_DC,2020-05-31,0,0,0
K210D,OSAKA_DC,2020-06-30,0,0,0
K210D,OSAKA_DC,2020-07-31,0,0,0
K210D,OSAKA_DC,2020-08-31,0,0,0
K210D,OSAKA_DC,2020-09-30,0,0,0
K210D,OSAKA_DC,2020-10-31,0,0,0
K210D,OSAKA_DC,2020-11-30,0,0,0
K210D,OSAKA_DC,2020-12-31,0,0,0
K210D,OSAKA_DC,2021-01-31,0,0,0
K210D,OSAKA_DC,2021-02-28,0,0,0
K210D,OSAKA_DC,2021-03-31,0,0,0
K210D,OSAKA_DC,2021-04-30,0,0,0
K210D,OSAKA_DC,2021-05-31,0,0,0
K210D,OSAKA_DC,2021-06-30,0,0,0
K210D,OSAKA_DC,2021-07-31,0,0,0
K210D,OSAKA_DC,2021-08-31,0,0,0
K210D,OSAKA_DC,2021-09-30,0,0,0
K210D,OSAKA_DC,2021-10-31,0,0,0
K210D,OSAKA_DC,2021-11-30,0,0,0
K210D,OSAKA_DC,2021-12-31,0,0,0
K210D,OSAKA_DC,2022-01-31,0,0,0
K210D,OSAKA_DC,2022-02-28,0,0,0
K210D,OSAKA_DC,2022-03-31,0,0,0
K210D,OSAKA_DC,2022-04-30,0,0,0
K210D,OSAKA_DC,2022-05-31,0,0,0
K210D,OSAKA_DC,2022-06-30,0,0,0
K210D,OSAKA_DC,2022-07-31,0,0,0
K210D,OSAKA_DC,2022-08-31,0,0,0
K210D,OSAKA_DC,2022-09-30,0,0,0
K210D,OSAKA_DC,2022-10-31,0,0,0
K210D,OSAKA_DC,2022-11-30,0,0,0
K210D,OSAKA_DC,2022-12-31,0,0,0
K210D,OSAKA_DC,2023-01-31,0,0,0
K210D,OSAKA_DC,2023-02-28,0,0,0
K210D,OSAKA_DC,2023-03-31,0,0,0
K210D,OSAKA_DC,2023-04-30,0,0,0
K210D,OSAKA_DC,2023-05-31,0,0,0
K210D,OSAKA_DC,2023-06-30,0,0,0
K210D,OSAKA_DC,2023-07-31,0,0,0
K210D,OSAKA_DC,2023-08-31,0,0,0
K210D,OSAKA_DC,2023-09-30,0,0,0
K210D,OSAKA_DC,2023-10-31,0,0,0
K210D,OSAKA_DC,2023-11-30,0,0,0
K210D,OSAKA_DC,2023-12-31,0,0,0
K210D,OSAKA_DC,2024-01-31,0,0,0
K210D,OSAKA_DC,2024-02-29,0,0,0
K210D,OSAKA_DC,2024-03-31,0,0,0
K210D,OSAKA_DC,2024-04-30,0,0,0
K210D,OSAKA_DC,2024-05-31,0,0,0
K210D,OSAKA_DC,2024-06-30,0,0,0
K210D,OSAKA_DC,2024-07-31,0,0,0
K210D,OSAKA_DC,2024-08-31,0,0,0
K210D,OSAKA_DC,2024-09-30,0,0,0
K210D,OSAKA_DC,2024-10-31,0,0,0
K210D,OSAKA_DC,2024-11-30,0,0,0
K210D,OSAKA_DC,2024-12-31,0,0,0
K210D,OSAKA_DC,2025-01-31,0,0,0
K210D,OSAKA_DC,2025-02-28,0,0,0
K210D,OSAKA_DC,2025-03-31,0,0,0
K210D,OSAKA_DC,2025-04-30,0,0,0
K210D,OSAKA_DC,2025-05-31,0,0,0
K210D,OSAKA_DC,2025-06-30,0,0,0
K210D,OSAKA_DC,2025-07-31,0,0,0
K210D,OSAKA_DC,2025-08-31,0,0,0
K210D,OSAKA_DC,2025-09-30,0,0,0
K210D,OSAKA_DC,2025-10-31,0,0,0
K210D,OSAKA_DC,2025-11-30,0,0,0
K210D,OSAKA_DC,2025-12-31,0,0,0
K210D,OSAKA_DC,2026-01-31,0,0,0
K210D,OSAKA_DC,2026-02-28,0,0,0
K210D,OSAKA_DC,2026-03-31,0,0,0
K210D,OSAKA_DC,2026-04-30,0,0,0
K210D,OSAKA_DC,2026-05-31,0,0,0
K210D,OSAKA_DC,2026-06-30,0,0,0
K210D,OSAKA_DC,2026-07-31,0,0,0
K210D,OSAKA_DC,2026-08-31,0,0,0
K210D,OVERSEAS_HUB,2020-01-31,0,0,0
K210D,OVERSEAS_HUB,2020-02-29,0,0,0
K210D,OVERSEAS_HUB,2020-03-31,0,0,0
K210D,OVERSEAS_HUB,2020-04-30,0,0,0
K210D,OVERSEAS_HUB,2020-05-31,0,0,0
K210D,OVERSEAS_HUB,2020-06-30,0,0,0
K210D,OVERSEAS_HUB,2020-07-31,0,0,0
K210D,OVERSEAS_HUB,2020-08-31,0,0,0
K210D,OVERSEAS_HUB,2020-09-30,0,0,0
K210D,OVERSEAS_HUB,2020-10-31,0,0,0
K210D,OVERSEAS_HUB,2020-11-30,0,0,0
K210D,OVERSEAS_HUB,2020-12-31,0,0,0
K210D,OVERSEAS_HUB,2021-01-31,0,0,0
K210D,OVERSEAS_HUB,2021-02-28,0,0,0
K210D,OVERSEAS_HUB,2021-03-31,0,0,0
K210D,OVERSEAS_HUB,2021-04-30,0,0,0
K210D,OVERSEAS_HUB,2021-05-31,0,0,0
K210D,OVERSEAS_HUB,2021-06-30,0,0,0
K210D,OVERSEAS_HUB,2021-07-31,0,0,0
K210D,OVERSEAS_HUB,2021-08-31,0,0,0
K210D,OVERSEAS_HUB,2021-09-30,0,0,0
K210D,OVERSEAS_HUB,2021-10-31,0,0,0
K210D,OVERSEAS_HUB,2021-11-30,0,0,0
K210D,OVERSEAS_HUB,2021-12-31,0,0,0
K210D,OVERSEAS_HUB,2022-01-31,0,0,0
K210D,OVERSEAS_HUB,2022-02-28,0,0,0
K210D,OVERSEAS_HUB,2022-03-31,0,0,0
K210D,OVERSEAS_HUB,2022-04-30,0,0,0
K210D,OVERSEAS_HUB,2022-05-31,0,0,0
K210D,OVERSEAS_HUB,2022-06-30,0,0,0
K210D,OVERSEAS_HUB,2022-07-31,0,0,0
K210D,OVERSEAS_HUB,2022-08-31,0,0,0
K210D,OVERSEAS_HUB,2022-09-30,0,0,0
K210D,OVERSEAS_HUB,2022-10-31,0,0,0
K210D,OVERSEAS_HUB,2022-11-30,0,0,0
K210D,OVERSEAS_HUB,2022-12-31,0,0,0
K210D,OVERSEAS_HUB,2023-01-31,0,0,0
K210D,OVERSEAS_HUB,2023-02-28,0,0,0
K210D,OVERSEAS_HUB,2023-03-31,0,0,0
K210D,OVERSEAS_HUB,2023-04-30,0,0,0
K210D,OVERSEAS_HUB,2023-05-31,0,0,0
K210D,OVERSEAS_HUB,2023-06-30,0,0,0
K210D,OVERSEAS_HUB,2023-07-31,0,0,0
K210D,OVERSEAS_HUB,2023-08-31,0,0,0
K210D,OVERSEAS_HUB,2023-09-30,0,0,0
K210D,OVERSEAS_HUB,2023-10-31,0,0,0
K210D,OVERSEAS_HUB,2023-11-30,0,0,0
K210D,OVERSEAS_HUB,2023-12-31,0,0,0
K210D,OVERSEAS_HUB,2024-01-31,0,0,0
K210D,OVERSEAS_HUB,2024-02-29,0,0,0
K210D,OVERSEAS_HUB,2024-03-31,0,0,0
K210D,OVERSEAS_HUB,2024-04-30,0,0,0
K210D,OVERSEAS_HUB,2024-05-31,0,0,0
K210D,OVERSEAS_HUB,2024-06-30,0,0,0
K210D,OVERSEAS_HUB,2024-07-31,0,0,0
K210D,OVERSEAS_HUB,2024-08-31,0,0,0
K210D,OVERSEAS_HUB,2024-09-30,0,0,0
K210D,OVERSEAS_HUB,2024-10-31,0,0,0
K210D,OVERSEAS_HUB,2024-11-30,0,0,0
K210D,OVERSEAS_HUB,2024-12-31,0,0,0
K210D,OVERSEAS_HUB,2025-01-31,0,0,0
K210D,OVERSEAS_HUB,2025-02-28,0,0,0
K210D,OVERSEAS_HUB,2025-03-31,1,1,0
K210D,OVERSEAS_HUB,2025-04-30,2,1,0
K210D,OVERSEAS_HUB,2025-05-31,0,1,1
K210D,OVERSEAS_HUB,2025-06-30,1,1,0
K210D,OVERSEAS_HUB,2025-07-31,1,1,0
K210D,OVERSEAS_HUB,2025-08-31,1,1,0
K210D,OVERSEAS_HUB,2025-09-30,1,1,0
K210D,OVERSEAS_HUB,2025-10-31,1,1,0
K210D,OVERSEAS_HUB,2025-11-30,1,1,0
K210D,OVERSEAS_HUB,2025-12-31,1,1,0
K210D,OVERSEAS_HUB,2026-01-31,2,1,0
K210D,OVERSEAS_HUB,2026-02-28,0,1,1
K210D,OVERSEAS_HUB,2026-03-31,0,0,0
K210D,OVERSEAS_HUB,2026-04-30,0,0,0
K210D,OVERSEAS_HUB,2026-05-31,0,0,0
K210D,OVERSEAS_HUB,2026-06-30,0,0,0
K210D,OVERSEAS_HUB,2026-07-31,0,0,0
K210D,OVERSEAS_HUB,2026-08-31,0,0,0
K240,TOKYO_DC,2020-01-31,3,3,0
K240,TOKYO_DC,2020-02-29,1,1,0
K240,TOKYO_DC,2020-03-31,1,1,0
K240,TOKYO_DC,2020-04-30,1,2,0
K240,TOKYO_DC,2020-05-31,3,6,0
K240,TOKYO_DC,2020-06-30,1,5,0
K240,TOKYO_DC,2020-07-31,0,5,1
K240,TOKYO_DC,2020-08-31,6,5,0
K240,TOKYO_DC,2020-09-30,5,5,0
K240,TOKYO_DC,2020-10-31,6,4,0
K240,TOKYO_DC,2020-11-30,6,5,0
K240,TOKYO_DC,2020-12-31,7,5,0
K240,TOKYO_DC,2021-01-31,7,5,0
K240,TOKYO_DC,2021-02-28,7,6,0
K240,TOKYO_DC,2021-03-31,9,6,0
K240,TOKYO_DC,2021-04-30,12,6,0
K240,TOKYO_DC,2021-05-31,5,4,0
K240,TOKYO_DC,2021-06-30,8,5,0
K240,TOKYO_DC,2021-07-31,9,6,0
K240,TOKYO_DC,2021-08-31,6,6,0
K240,TOKYO_DC,2021-09-30,10,6,0
K240,TOKYO_DC,2021-10-31,9,7,0
K240,TOKYO_DC,2021-11-30,8,5,0
K240,TOKYO_DC,2021-12-31,4,5,0
K240,TOKYO_DC,2022-01-31,2,5,0
K240,TOKYO_DC,2022-02-28,5,5,0
K240,TOKYO_DC,2022-03-31,3,5,0
K240,TOKYO_DC,2022-04-30,14,6,0
K240,TOKYO_DC,2022-05-31,5,6,0
K240,TOKYO_DC,2022-06-30,0,5,1
K240,TOKYO_DC,2022-07-31,4,3,0
K240,TOKYO_DC,2022-08-31,3,3,0
K240,TOKYO_DC,2022-09-30,3,3,0
K240,TOKYO_DC,2022-10-31,4,4,0
K240,TOKYO_DC,2022-11-30,7,4,0
K240,TOKYO_DC,2022-12-31,0,4,1
K240,TOKYO_DC,2023-01-31,3,4,0
K240,TOKYO_DC,2023-02-28,2,4,0
K240,TOKYO_DC,2023-03-31,4,4,0
K240,TOKYO_DC,2023-04-30,4,3,0
K240,TOKYO_DC,2023-05-31,3,3,0
K240,TOKYO_DC,2023-06-30,2,3,0
K240,TOKYO_DC,2023-07-31,4,3,0
K240,TOKYO_DC,2023-08-31,2,3,0
K240,TOKYO_DC,2023-09-30,6,4,0
K240,TOKYO_DC,2023-10-31,3,4,0
K240,TOKYO_DC,2023-11-30,8,6,0
K240,TOKYO_DC,2023-12-31,5,6,0
K240,TOKYO_DC,2024-01-31,0,6,1
K240,TOKYO_DC,2024-02-29,8,6,0
K240,TOKYO_DC,2024-03-31,7,6,0
K240,TOKYO_DC,2024-04-30,10,7,0
K240,TOKYO_DC,2024-05-31,7,7,0
K240,TOKYO_DC,2024-06-30,8,7,0
K240,TOKYO_DC,2024-07-31,7,8,0
K240,TOKYO_DC,2024-08-31,7,7,0
K240,TOKYO_DC,2024-09-30,9,5,0
K240,TOKYO_DC,2024-10-31,3,6,0
K240,TOKYO_DC,2024-11-30,2,5,0
K240,TOKYO_DC,2024-12-31,5,6,0
K240,TOKYO_DC,2025-01-31,4,6,0
K240,TOKYO_DC,2025-02-28,0,6,1
K240,TOKYO_DC,2025-03-31,9,7,0
K240,TOKYO_DC,2025-04-30,5,5,0
K240,TOKYO_DC,2025-05-31,3,5,0
K240,TOKYO_DC,2025-06-30,6,6,0
K240,TOKYO_DC,2025-07-31,6,6,0
K240,TOKYO_DC,2025-08-31,3,6,0
K240,TOKYO_DC,2025-09-30,4,6,0
K240,TOKYO_DC,2025-10-31,4,6,0
K240,TOKYO_DC,2025-11-30,4,6,0
K240,TOKYO_DC,2025-12-31,5,4,0
K240,TOKYO_DC,2026-01-31,3,5,0
K240,TOKYO_DC,2026-02-28,7,5,0
K240,TOKYO_DC,2026-03-31,7,4,0
K240,TOKYO_DC,2026-04-30,5,4,0
K240,TOKYO_DC,2026-05-31,1,5,0
K240,TOKYO_DC,2026-06-30,2,4,0
K240,TOKYO_DC,2026-07-31,9,4,0
K240,TOKYO_DC,2026-08-31,4,4,0
K240,OSAKA_DC,2020-01-31,1,2,0
K240,OSAKA_DC,2020-02-29,1,1,0
K240,OSAKA_DC,2020-03-31,1,1,0
K240,OSAKA_DC,2020-04-30,1,1,0
K240,OSAKA_DC,2020-05-31,1,4,0
K240,OSAKA_DC,2020-06-30,3,4,0
K240,OSAKA_DC,2020-07-31,6,4,0
K240,OSAKA_DC,2020-08-31,2,3,0
K240,OSAKA_DC,2020-09-30,3,3,0
K240,OSAKA_DC,2020-10-31,4,3,0
K240,OSAKA_DC,2020-11-30,0,4,1
K240,OSAKA_DC,2020-12-31,1,3,0
K240,OSAKA_DC,2021-01-31,4,3,0
K240,OSAKA_DC,2021-02-28,2,4,0
K240,OSAKA_DC,2021-03-31,6,4,0
K240,OSAKA_DC,2021-04-30,6,4,0
K240,OSAKA_DC,2021-05-31,4,3,0
K240,OSAKA_DC,2021-06-30,3,3,0
K240,OSAKA_DC,2021-07-31,2,4,0
K240,OSAKA_DC,2021-08-31,6,4,0
K240,OSAKA_DC,2021-09-30,6,4,0
K240,OSAKA_DC,2021-10-31,6,4,0
K240,OSAKA_DC,2021-11-30,2,3,0
K240,OSAKA_DC,2021-12-31,2,3,0
K240,OSAKA_DC,2022-01-31,3,3,0
K240,OSAKA_DC,2022-02-28,2,3,0
K240,OSAKA_DC,2022-03-31,3,3,0
K240,OSAKA_DC,2022-04-30,6,4,0
K240,OSAKA_DC,2022-05-31,4,4,0
K240,OSAKA_DC,2022-06-30,5,3,0
K240,OSAKA_DC,2022-07-31,2,2,0
K240,OSAKA_DC,2022-08-31,1,2,0
K240,OSAKA_DC,2022-09-30,2,2,0
K240,OSAKA_DC,2022-10-31,3,2,0
K240,OSAKA_DC,2022-11-30,2,2,0
K240,OSAKA_DC,2022-12-31,3,3,0
K240,OSAKA_DC,2023-01-31,3,3,0
K240,OSAKA_DC,2023-02-28,3,3,0
K240,OSAKA_DC,2023-03-31,2,2,0
K240,OSAKA_DC,2023-04-30,0,2,1
K240,OSAKA_DC,2023-05-31,3,2,0
K240,OSAKA_DC,2023-06-30,1,2,0
K240,OSAKA_DC,2023-07-31,2,2,0
K240,OSAKA_DC,2023-08-31,3,2,0
K240,OSAKA_DC,2023-09-30,4,3,0
K240,OSAKA_DC,2023-10-31,2,3,0
K240,OSAKA_DC,2023-11-30,2,4,0
K240,OSAKA_DC,2023-12-31,1,4,0
K240,OSAKA_DC,2024-01-31,6,4,0
K240,OSAKA_DC,2024-02-29,3,4,0
K240,OSAKA_DC,2024-03-31,7,4,0
K240,OSAKA_DC,2024-04-30,4,5,0
K240,OSAKA_DC,2024-05-31,9,5,0
K240,OSAKA_DC,2024-06-30,6,5,0
K240,OSAKA_DC,2024-07-31,3,5,0
K240,OSAKA_DC,2024-08-31,4,5,0
K240,OSAKA_DC,2024-09-30,5,4,0
K240,OSAKA_DC,2024-10-31,3,4,0
K240,OSAKA_DC,2024-11-30,4,3,0
K240,OSAKA_DC,2024-12-31,4,4,0
K240,OSAKA_DC,2025-01-31,5,4,0
K240,OSAKA_DC,2025-02-28,2,4,0
K240,OSAKA_DC,2025-03-31,9,5,0
K240,OSAKA_DC,2025-04-30,2,3,0
K240,OSAKA_DC,2025-05-31,5,4,0
K240,OSAKA_DC,2025-06-30,2,4,0
K240,OSAKA_DC,2025-07-31,5,4,0
K240,OSAKA_DC,2025-08-31,2,4,0
K240,OSAKA_DC,2025-09-30,3,4,0
K240,OSAKA_DC,2025-10-31,4,4,0
K240,OSAKA_DC,2025-11-30,2,4,0
K240,OSAKA_DC,2025-12-31,6,3,0
K240,OSAKA_DC,2026-01-31,3,3,0
K240,OSAKA_DC,2026-02-28,6,3,0
K240,OSAKA_DC,2026-03-31,3,3,0
K240,OSAKA_DC,2026-04-30,5,3,0
K240,OSAKA_DC,2026-05-31,4,3,0
K240,OSAKA_DC,2026-06-30,4,3,0
K240,OSAKA_DC,2026-07-31,6,3,0
K240,OSAKA_DC,2026-08-31,3,3,0
K240,OVERSEAS_HUB,2020-01-31,10,8,0
K240,OVERSEAS_HUB,2020-02-29,2,4,0
K240,OVERSEAS_HUB,2020-03-31,4,3,0
K240,OVERSEAS_HUB,2020-04-30,2,2,0
K240,OVERSEAS_HUB,2020-05-31,2,2,0
K240,OVERSEAS_HUB,2020-06-30,2,2,0
K240,OVERSEAS_HUB,2020-07-31,1,1,0
K240,OVERSEAS_HUB,2020-08-31,1,1,0
K240,OVERSEAS_HUB,2020-09-30,0,1,1
K240,OVERSEAS_HUB,2020-10-31,1,1,0
K240,OVERSEAS_HUB,2020-11-30,1,1,0
K240,OVERSEAS_HUB,2020-12-31,1,1,0
K240,OVERSEAS_HUB,2021-01-31,1,1,0
K240,OVERSEAS_HUB,2021-02-28,0,1,1
K240,OVERSEAS_HUB,2021-03-31,1,1,0
K240,OVERSEAS_HUB,2021-04-30,0,1,1
K240,OVERSEAS_HUB,2021-05-31,2,1,0
K240,OVERSEAS_HUB,2021-06-30,2,2,0
K240,OVERSEAS_HUB,2021-07-31,3,2,0
K240,OVERSEAS_HUB,2021-08-31,2,2,0
K240,OVERSEAS_HUB,2021-09-30,6,3,0
K240,OVERSEAS_HUB,2021-10-31,0,3,1
K240,OVERSEAS_HUB,2021-11-30,3,3,0
K240,OVERSEAS_HUB,2021-12-31,4,3,0
K240,OVERSEAS_HUB,2022-01-31,3,3,0
K240,OVERSEAS_HUB,2022-02-28,3,3,0
K240,OVERSEAS_HUB,2022-03-31,4,3,0
K240,OVERSEAS_HUB,2022-04-30,6,6,0
K240,OVERSEAS_HUB,2022-05-31,9,6,0
K240,OVERSEAS_HUB,2022-06-30,0,4,1
K240,OVERSEAS_HUB,2022-07-31,5,4,0
K240,OVERSEAS_HUB,2022-08-31,0,4,1
K240,OVERSEAS_HUB,2022-09-30,8,8,0
K240,OVERSEAS_HUB,2022-10-31,11,8,0
K240,OVERSEAS_HUB,2022-11-30,9,8,0
K240,OVERSEAS_HUB,2022-12-31,0,8,1
K240,OVERSEAS_HUB,2023-01-31,12,9,0
K240,OVERSEAS_HUB,2023-02-28,4,9,0
K240,OVERSEAS_HUB,2023-03-31,9,9,0
K240,OVERSEAS_HUB,2023-04-30,7,6,0
K240,OVERSEAS_HUB,2023-05-31,7,6,0
K240,OVERSEAS_HUB,2023-06-30,7,6,0
K240,OVERSEAS_HUB,2023-07-31,0,6,1
K240,OVERSEAS_HUB,2023-08-31,3,7,0
K240,OVERSEAS_HUB,2023-09-30,6,3,0
K240,OVERSEAS_HUB,2023-10-31,0,2,1
K240,OVERSEAS_HUB,2023-11-30,2,2,0
K240,OVERSEAS_HUB,2023-12-31,2,3,0
K240,OVERSEAS_HUB,2024-01-31,1,2,0
K240,OVERSEAS_HUB,2024-02-29,2,2,0
K240,OVERSEAS_HUB,2024-03-31,0,2,1
K240,OVERSEAS_HUB,2024-04-30,4,6,0
K240,OVERSEAS_HUB,2024-05-31,8,6,0
K240,OVERSEAS_HUB,2024-06-30,8,8,0
K240,OVERSEAS_HUB,2024-07-31,4,8,0
K240,OVERSEAS_HUB,2024-08-31,0,8,1
K240,OVERSEAS_HUB,2024-09-30,11,8,0
K240,OVERSEAS_HUB,2024-10-31,6,8,0
K240,OVERSEAS_HUB,2024-11-30,4,8,0
K240,OVERSEAS_HUB,2024-12-31,9,8,0
K240,OVERSEAS_HUB,2025-01-31,7,8,0
K240,OVERSEAS_HUB,2025-02-28,7,8,0
K240,OVERSEAS_HUB,2025-03-31,5,8,0
K240,OVERSEAS_HUB,2025-04-30,3,4,0
K240,OVERSEAS_HUB,2025-05-31,0,5,1
K240,OVERSEAS_HUB,2025-06-30,3,3,0
K240,OVERSEAS_HUB,2025-07-31,3,3,0
K240,OVERSEAS_HUB,2025-08-31,0,3,1
K240,OVERSEAS_HUB,2025-09-30,2,4,0
K240,OVERSEAS_HUB,2025-10-31,1,3,0
K240,OVERSEAS_HUB,2025-11-30,3,3,0
K240,OVERSEAS_HUB,2025-12-31,4,3,0
K240,OVERSEAS_HUB,2026-01-31,2,3,0
K240,OVERSEAS_HUB,2026-02-28,3,3,0
K240,OVERSEAS_HUB,2026-03-31,5,3,0
K240,OVERSEAS_HUB,2026-04-30,4,3,0
K240,OVERSEAS_HUB,2026-05-31,2,3,0
K240,OVERSEAS_HUB,2026-06-30,5,3,0
K240,OVERSEAS_HUB,2026-07-31,3,3,0
K240,OVERSEAS_HUB,2026-08-31,1,3,0
K240B,TOKYO_DC,2020-01-31,0,0,0
K240B,TOKYO_DC,2020-02-29,0,0,0
K240B,TOKYO_DC,2020-03-31,0,0,0
K240B,TOKYO_DC,2020-04-30,0,0,0
K240B,TOKYO_DC,2020-05-31,0,0,0
K240B,TOKYO_DC,2020-06-30,0,0,0
K240B,TOKYO_DC,2020-07-31,0,0,0
K240B,TOKYO_DC,2020-08-31,0,0,0
K240B,TOKYO_DC,2020-09-30,0,0,0
K240B,TOKYO_DC,2020-10-31,0,0,0
K240B,TOKYO_DC,2020-11-30,0,0,0
K240B,TOKYO_DC,2020-12-31,0,0,0
K240B,TOKYO_DC,2021-01-31,0,0,0
K240B,TOKYO_DC,2021-02-28,0,0,0
K240B,TOKYO_DC,2021-03-31,0,0,0
K240B,TOKYO_DC,2021-04-30,0,0,0
K240B,TOKYO_DC,2021-05-31,0,0,0
K240B,TOKYO_DC,2021-06-30,0,0,0
K240B,TOKYO_DC,2021-07-31,0,0,0
K240B,TOKYO_DC,2021-08-31,0,0,0
K240B,TOKYO_DC,2021-09-30,0,0,0
K240B,TOKYO_DC,2021-10-31,0,0,0
K240B,TOKYO_DC,2021-11-30,0,0,0
K240B,TOKYO_DC,2021-12-31,0,0,0
K240B,TOKYO_DC,2022-01-31,0,0,0
K240B,TOKYO_DC,2022-02-28,0,0,0
K240B,TOKYO_DC,2022-03-31,0,1,1
K240B,TOKYO_DC,2022-04-30,0,1,1
K240B,TOKYO_DC,2022-05-31,0,1,1
K240B,TOKYO_DC,2022-06-30,1,1,0
K240B,TOKYO_DC,2022-07-31,2,2,0
K240B,TOKYO_DC,2022-08-31,3,2,0
K240B,TOKYO_DC,2022-09-30,1,2,0
K240B,TOKYO_DC,2022-10-31,2,2,0
K240B,TOKYO_DC,2022-11-30,2,2,0
K240B,TOKYO_DC,2022-12-31,3,2,0
K240B,TOKYO_DC,2023-01-31,1,2,0
K240B,TOKYO_DC,2023-02-28,1,2,0
K240B,TOKYO_DC,2023-03-31,2,2,0
K240B,TOKYO_DC,2023-04-30,1,2,0
K240B,TOKYO_DC,2023-05-31,3,2,0
K240B,TOKYO_DC,2023-06-30,1,2,0
K240B,TOKYO_DC,2023-07-31,1,1,0
K240B,TOKYO_DC,2023-08-31,0,1,1
K240B,TOKYO_DC,2023-09-30,1,1,0
K240B,TOKYO_DC,2023-10-31,1,1,0
K240B,TOKYO_DC,2023-11-30,0,1,1
K240B,TOKYO_DC,2023-12-31,1,1,0
K240B,TOKYO_DC,2024-01-31,1,1,0
K240B,TOKYO_DC,2024-02-29,0,1,1
K240B,TOKYO_DC,2024-03-31,1,1,0
K240B,TOKYO_DC,2024-04-30,1,1,0
K240B,TOKYO_DC,2024-05-31,1,1,0
K240B,TOKYO_DC,2024-06-30,1,1,0
K240B,TOKYO_DC,2024-07-31,1,1,0
K240B,TOKYO_DC,2024-08-31,1,1,0
K240B,TOKYO_DC,2024-09-30,1,1,0
K240B,TOKYO_DC,2024-10-31,1,1,0
K240B,TOKYO_DC,2024-11-30,1,1,0
K240B,TOKYO_DC,2024-12-31,1,1,0
K240B,TOKYO_DC,2025-01-31,1,1,0
K240B,TOKYO_DC,2025-02-28,1,1,0
K240B,TOKYO_DC,2025-03-31,1,1,0
K240B,TOKYO_DC,2025-04-30,1,1,0
K240B,TOKYO_DC,2025-05-31,1,1,0
K240B,TOKYO_DC,2025-06-30,1,1,0
K240B,TOKYO_DC,2025-07-31,1,1,0
K240B,TOKYO_DC,2025-08-31,0,1,1
K240B,TOKYO_DC,2025-09-30,1,1,0
K240B,TOKYO_DC,2025-10-31,1,1,0
K240B,TOKYO_DC,2025-11-30,1,1,0
K240B,TOKYO_DC,2025-12-31,1,1,0
K240B,TOKYO_DC,2026-01-31,2,1,0
K240B,TOKYO_DC,2026-02-28,1,1,0
K240B,TOKYO_DC,2026-03-31,2,1,0
K240B,TOKYO_DC,2026-04-30,0,1,1
K240B,TOKYO_DC,2026-05-31,1,1,0
K240B,TOKYO_DC,2026-06-30,1,1,0
K240B,TOKYO_DC,2026-07-31,3,2,0
K240B,TOKYO_DC,2026-08-31,4,2,0
K240B,OSAKA_DC,2020-01-31,0,0,0
K240B,OSAKA_DC,2020-02-29,0,0,0
K240B,OSAKA_DC,2020-03-31,0,0,0
K240B,OSAKA_DC,2020-04-30,0,0,0
K240B,OSAKA_DC,2020-05-31,0,0,0
K240B,OSAKA_DC,2020-06-30,0,0,0
K240B,OSAKA_DC,2020-07-31,0,0,0
K240B,OSAKA_DC,2020-08-31,0,0,0
K240B,OSAKA_DC,2020-09-30,0,0,0
K240B,OSAKA_DC,2020-10-31,0,0,0
K240B,OSAKA_DC,2020-11-30,0,0,0
K240B,OSAKA_DC,2020-12-31,0,0,0
K240B,OSAKA_DC,2021-01-31,0,0,0
K240B,OSAKA_DC,2021-02-28,0,0,0
K240B,OSAKA_DC,2021-03-31,0,0,0
K240B,OSAKA_DC,2021-04-30,0,0,0
K240B,OSAKA_DC,2021-05-31,0,0,0
K240B,OSAKA_DC,2021-06-30,0,0,0
K240B,OSAKA_DC,2021-07-31,0,0,0
K240B,OSAKA_DC,2021-08-31,0,0,0
K240B,OSAKA_DC,2021-09-30,0,0,0
K240B,OSAKA_DC,2021-10-31,0,0,0
K240B,OSAKA_DC,2021-11-30,0,0,0
K240B,OSAKA_DC,2021-12-31,0,0,0
K240B,OSAKA_DC,2022-01-31,0,0,0
K240B,OSAKA_DC,2022-02-28,0,0,0
K240B,OSAKA_DC,2022-03-31,0,0,0
K240B,OSAKA_DC,2022-04-30,0,0,0
K240B,OSAKA_DC,2022-05-31,0,0,0
K240B,OSAKA_DC,2022-06-30,1,1,0
K240B,OSAKA_DC,2022-07-31,1,1,0
K240B,OSAKA_DC,2022-08-31,1,1,0
K240B,OSAKA_DC,2022-09-30,1,1,0
K240B,OSAKA_DC,2022-10-31,1,1,0
K240B,OSAKA_DC,2022-11-30,2,1,0
K240B,OSAKA_DC,2022-12-31,1,1,0
K240B,OSAKA_DC,2023-01-31,1,1,0
K240B,OSAKA_DC,2023-02-28,2,1,0
K240B,OSAKA_DC,2023-03-31,1,1,0
K240B,OSAKA_DC,2023-04-30,1,1,0
K240B,OSAKA_DC,2023-05-31,1,1,0
K240B,OSAKA_DC,2023-06-30,1,1,0
K240B,OSAKA_DC,2023-07-31,1,1,0
K240B,OSAKA_DC,2023-08-31,1,1,0
K240B,OSAKA_DC,2023-09-30,1,1,0
K240B,OSAKA_DC,2023-10-31,1,1,0
K240B,OSAKA_DC,2023-11-30,1,1,0
K240B,OSAKA_DC,2023-12-31,0,1,1
K240B,OSAKA_DC,2024-01-31,1,1,0
K240B,OSAKA_DC,2024-02-29,1,1,0
K240B,OSAKA_DC,2024-03-31,0,1,1
K240B,OSAKA_DC,2024-04-30,2,1,0
K240B,OSAKA_DC,2024-05-31,1,1,0
K240B,OSAKA_DC,2024-06-30,1,1,0
K240B,OSAKA_DC,2024-07-31,1,1,0
K240B,OSAKA_DC,2024-08-31,1,1,0
K240B,OSAKA_DC,2024-09-30,1,1,0
K240B,OSAKA_DC,2024-10-31,1,1,0
K240B,OSAKA_DC,2024-11-30,1,1,0
K240B,OSAKA_DC,2024-12-31,1,1,0
K240B,OSAKA_DC,2025-01-31,1,1,0
K240B,OSAKA_DC,2025-02-28,0,1,1
K240B,OSAKA_DC,2025-03-31,1,1,0
K240B,OSAKA_DC,2025-04-30,0,0,0
K240B,OSAKA_DC,2025-05-31,0,0,0
K240B,OSAKA_DC,2025-06-30,0,0,0
K240B,OSAKA_DC,2025-07-31,0,0,0
K240B,OSAKA_DC,2025-08-31,0,0,0
K240B,OSAKA_DC,2025-09-30,1,1,0
K240B,OSAKA_DC,2025-10-31,2,1,0
K240B,OSAKA_DC,2025-11-30,0,1,1
K240B,OSAKA_DC,2025-12-31,1,1,0
K240B,OSAKA_DC,2026-01-31,1,1,0
K240B,OSAKA_DC,2026-02-28,1,1,0
K240B,OSAKA_DC,2026-03-31,1,1,0
K240B,OSAKA_DC,2026-04-30,1,1,0
K240B,OSAKA_DC,2026-05-31,1,1,0
K240B,OSAKA_DC,2026-06-30,0,1,1
K240B,OSAKA_DC,2026-07-31,1,1,0
K240B,OSAKA_DC,2026-08-31,0,1,1
K240B,OVERSEAS_HUB,2020-01-31,0,0,0
K240B,OVERSEAS_HUB,2020-02-29,0,0,0
K240B,OVERSEAS_HUB,2020-03-31,0,0,0
K240B,OVERSEAS_HUB,2020-04-30,0,0,0
K240B,OVERSEAS_HUB,2020-05-31,0,0,0
K240B,OVERSEAS_HUB,2020-06-30,0,0,0
K240B,OVERSEAS_HUB,2020-07-31,0,0,0
K240B,OVERSEAS_HUB,2020-08-31,0,0,0
K240B,OVERSEAS_HUB,2020-09-30,0,0,0
K240B,OVERSEAS_HUB,2020-10-31,0,0,0
K240B,OVERSEAS_HUB,2020-11-30,0,0,0
K240B,OVERSEAS_HUB,2020-12-31,0,0,0
K240B,OVERSEAS_HUB,2021-01-31,0,0,0
K240B,OVERSEAS_HUB,2021-02-28,0,0,0
K240B,OVERSEAS_HUB,2021-03-31,0,0,0
K240B,OVERSEAS_HUB,2021-04-30,0,0,0
K240B,OVERSEAS_HUB,2021-05-31,0,0,0
K240B,OVERSEAS_HUB,2021-06-30,0,0,0
K240B,OVERSEAS_HUB,2021-07-31,0,0,0
K240B,OVERSEAS_HUB,2021-08-31,0,0,0
K240B,OVERSEAS_HUB,2021-09-30,0,0,0
K240B,OVERSEAS_HUB,2021-10-31,0,0,0
K240B,OVERSEAS_HUB,2021-11-30,0,0,0
K240B,OVERSEAS_HUB,2021-12-31,0,0,0
K240B,OVERSEAS_HUB,2022-01-31,0,0,0
K240B,OVERSEAS_HUB,2022-02-28,1,1,0
K240B,OVERSEAS_HUB,2022-03-31,1,1,0
K240B,OVERSEAS_HUB,2022-04-30,2,1,0
K240B,OVERSEAS_HUB,2022-05-31,0,1,1
K240B,OVERSEAS_HUB,2022-06-30,2,1,0
K240B,OVERSEAS_HUB,2022-07-31,1,1,0
K240B,OVERSEAS_HUB,2022-08-31,1,1,0
K240B,OVERSEAS_HUB,2022-09-30,1,1,0
K240B,OVERSEAS_HUB,2022-10-31,1,1,0
K240B,OVERSEAS_HUB,2022-11-30,1,1,0
K240B,OVERSEAS_HUB,2022-12-31,1,1,0
K240B,OVERSEAS_HUB,2023-01-31,0,1,1
K240B,OVERSEAS_HUB,2023-02-28,0,0,0
K240B,OVERSEAS_HUB,2023-03-31,0,0,0
K240B,OVERSEAS_HUB,2023-04-30,0,0,0
K240B,OVERSEAS_HUB,2023-05-31,0,0,0
K240B,OVERSEAS_HUB,2023-06-30,0,0,0
K240B,OVERSEAS_HUB,2023-07-31,0,0,0
K240B,OVERSEAS_HUB,2023-08-31,0,0,0
K240B,OVERSEAS_HUB,2023-09-30,0,0,0
K240B,OVERSEAS_HUB,2023-10-31,0,0,0
K240B,OVERSEAS_HUB,2023-11-30,0,0,0
K240B,OVERSEAS_HUB,2023-12-31,0,0,0
K240B,OVERSEAS_HUB,2024-01-31,0,0,0
K240B,OVERSEAS_HUB,2024-02-29,1,1,0
K240B,OVERSEAS_HUB,2024-03-31,1,1,0
K240B,OVERSEAS_HUB,2024-04-30,2,1,0
K240B,OVERSEAS_HUB,2024-05-31,2,1,0
K240B,OVERSEAS_HUB,2024-06-30,1,1,0
K240B,OVERSEAS_HUB,2024-07-31,1,1,0
K240B,OVERSEAS_HUB,2024-08-31,1,1,0
K240B,OVERSEAS_HUB,2024-09-30,0,1,1
K240B,OVERSEAS_HUB,2024-10-31,1,1,0
K240B,OVERSEAS_HUB,2024-11-30,1,1,0
K240B,OVERSEAS_HUB,2024-12-31,1,1,0
K240B,OVERSEAS_HUB,2025-01-31,1,1,0
K240B,OVERSEAS_HUB,2025-02-28,0,0,0
K240B,OVERSEAS_HUB,2025-03-31,0,0,0
K240B,OVERSEAS_HUB,2025-04-30,0,0,0
K240B,OVERSEAS_HUB,2025-05-31,0,0,0
K240B,OVERSEAS_HUB,2025-06-30,0,0,0
K240B,OVERSEAS_HUB,2025-07-31,0,0,0
K240B,OVERSEAS_HUB,2025-08-31,0,0,0
K240B,OVERSEAS_HUB,2025-09-30,0,0,0
K240B,OVERSEAS_HUB,2025-10-31,0,0,0
K240B,OVERSEAS_HUB,2025-11-30,0,0,0
K240B,OVERSEAS_HUB,2025-12-31,0,0,0
K240B,OVERSEAS_HUB,2026-01-31,0,0,0
K240B,OVERSEAS_HUB,2026-02-28,0,0,0
K240B,OVERSEAS_HUB,2026-03-31,0,0,0
K240B,OVERSEAS_HUB,2026-04-30,0,0,0
K240B,OVERSEAS_HUB,2026-05-31,0,0,0
K240B,OVERSEAS_HUB,2026-06-30,0,0,0
K240B,OVERSEAS_HUB,2026-07-31,0,0,0
K240B,OVERSEAS_HUB,2026-08-31,0,0,0
K250A,TOKYO_DC,2020-01-31,183,152,0
K250A,TOKYO_DC,2020-02-29,225,134,0
K250A,TOKYO_DC,2020-03-31,267,142,0
K250A,TOKYO_DC,2020-04-30,177,149,0
K250A,TOKYO_DC,2020-05-31,161,166,0
K250A,TOKYO_DC,2020-06-30,106,170,0
K250A,TOKYO_DC,2020-07-31,254,172,0
K250A,TOKYO_DC,2020-08-31,0,173,1
K250A,TOKYO_DC,2020-09-30,110,176,0
K250A,TOKYO_DC,2020-10-31,173,174,0
K250A,TOKYO_DC,2020-11-30,324,186,0
K250A,TOKYO_DC,2020-12-31,18,182,0
K250A,TOKYO_DC,2021-01-31,338,190,0
K250A,TOKYO_DC,2021-02-28,371,226,0
K250A,TOKYO_DC,2021-03-31,294,233,0
K250A,TOKYO_DC,2021-04-30,262,230,0
K250A,TOKYO_DC,2021-05-31,302,225,0
K250A,TOKYO_DC,2021-06-30,48,236,0
K250A,TOKYO_DC,2021-07-31,166,233,0
K250A,TOKYO_DC,2021-08-31,273,228,0
K250A,TOKYO_DC,2021-09-30,287,220,0
K250A,TOKYO_DC,2021-10-31,209,220,0
K250A,TOKYO_DC,2021-11-30,262,210,0
K250A,TOKYO_DC,2021-12-31,164,215,0
K250A,TOKYO_DC,2022-01-31,193,208,0
K250A,TOKYO_DC,2022-02-28,147,174,0
K250A,TOKYO_DC,2022-03-31,140,165,0
K250A,TOKYO_DC,2022-04-30,141,175,0
K250A,TOKYO_DC,2022-05-31,135,170,0
K250A,TOKYO_DC,2022-06-30,98,150,0
K250A,TOKYO_DC,2022-07-31,100,156,0
K250A,TOKYO_DC,2022-08-31,230,159,0
K250A,TOKYO_DC,2022-09-30,155,162,0
K250A,TOKYO_DC,2022-10-31,246,172,0
K250A,TOKYO_DC,2022-11-30,147,169,0
K250A,TOKYO_DC,2022-12-31,264,181,0
K250A,TOKYO_DC,2023-01-31,53,184,0
K250A,TOKYO_DC,2023-02-28,133,185,0
K250A,TOKYO_DC,2023-03-31,139,188,0
K250A,TOKYO_DC,2023-04-30,204,189,0
K250A,TOKYO_DC,2023-05-31,139,197,0
K250A,TOKYO_DC,2023-06-30,127,205,0
K250A,TOKYO_DC,2023-07-31,262,210,0
K250A,TOKYO_DC,2023-08-31,183,206,0
K250A,TOKYO_DC,2023-09-30,213,198,0
K250A,TOKYO_DC,2023-10-31,346,205,0
K250A,TOKYO_DC,2023-11-30,167,208,0
K250A,TOKYO_DC,2023-12-31,30,189,0
K250A,TOKYO_DC,2024-01-31,235,182,0
K250A,TOKYO_DC,2024-02-29,254,181,0
K250A,TOKYO_DC,2024-03-31,219,183,0
K250A,TOKYO_DC,2024-04-30,127,164,0
K250A,TOKYO_DC,2024-05-31,59,156,0
K250A,TOKYO_DC,2024-06-30,156,159,0
K250A,TOKYO_DC,2024-07-31,103,147,0
K250A,TOKYO_DC,2024-08-31,151,153,0
K250A,TOKYO_DC,2024-09-30,129,167,0
K250A,TOKYO_DC,2024-10-31,287,149,0
K250A,TOKYO_DC,2024-11-30,125,140,0
K250A,TOKYO_DC,2024-12-31,204,140,0
K250A,TOKYO_DC,2025-01-31,97,139,0
K250A,TOKYO_DC,2025-02-28,86,140,0
K250A,TOKYO_DC,2025-03-31,197,136,0
K250A,TOKYO_DC,2025-04-30,134,142,0
K250A,TOKYO_DC,2025-05-31,129,153,0
K250A,TOKYO_DC,2025-06-30,91,149,0
K250A,TOKYO_DC,2025-07-31,173,159,0
K250A,TOKYO_DC,2025-08-31,71,155,0
K250A,TOKYO_DC,2025-09-30,156,151,0
K250A,TOKYO_DC,2025-10-31,181,157,0
K250A,TOKYO_DC,2025-11-30,155,161,0
K250A,TOKYO_DC,2025-12-31,154,166,0
K250A,TOKYO_DC,2026-01-31,98,167,0
K250A,TOKYO_DC,2026-02-28,152,172,0
K250A,TOKYO_DC,2026-03-31,162,172,0
K250A,TOKYO_DC,2026-04-30,313,181,0
K250A,TOKYO_DC,2026-05-31,208,171,0
K250A,TOKYO_DC,2026-06-30,157,165,0
K250A,TOKYO_DC,2026-07-31,0,155,1
K250A,TOKYO_DC,2026-08-31,159,152,0
K250A,OSAKA_DC,2020-01-31,105,101,0
K250A,OSAKA_DC,2020-02-29,0,89,1
K250A,OSAKA_DC,2020-03-31,105,95,0
K250A,OSAKA_DC,2020-04-30,0,100,1
K250A,OSAKA_DC,2020-05-31,65,111,0
K250A,OSAKA_DC,2020-06-30,108,113,0
K250A,OSAKA_DC,2020-07-31,95,115,0
K250A,OSAKA_DC,2020-08-31,115,116,0
K250A,OSAKA_DC,2020-09-30,29,117,0
K250A,OSAKA_DC,2020-10-31,123,116,0
K250A,OSAKA_DC,2020-11-30,29,124,0
K250A,OSAKA_DC,2020-12-31,30,122,0
K250A,OSAKA_DC,2021-01-31,194,127,0
K250A,OSAKA_DC,2021-02-28,151,150,0
K250A,OSAKA_DC,2021-03-31,134,156,0
K250A,OSAKA_DC,2021-04-30,148,153,0
K250A,OSAKA_DC,2021-05-31,93,150,0
K250A,OSAKA_DC,2021-06-30,247,157,0
K250A,OSAKA_DC,2021-07-31,131,155,0
K250A,OSAKA_DC,2021-08-31,97,152,0
K250A,OSAKA_DC,2021-09-30,234,147,0
K250A,OSAKA_DC,2021-10-31,80,147,0
K250A,OSAKA_DC,2021-11-30,138,140,0
K250A,OSAKA_DC,2021-12-31,218,143,0
K250A,OSAKA_DC,2022-01-31,159,139,0
K250A,OSAKA_DC,2022-02-28,75,116,0
K250A,OSAKA_DC,2022-03-31,83,110,0
K250A,OSAKA_DC,2022-04-30,136,117,0
K250A,OSAKA_DC,2022-05-31,100,113,0
K250A,OSAKA_DC,2022-06-30,86,100,0
K250A,OSAKA_DC,2022-07-31,0,104,1
K250A,OSAKA_DC,2022-08-31,56,106,0
K250A,OSAKA_DC,2022-09-30,53,108,0
K250A,OSAKA_DC,2022-10-31,153,114,0
K250A,OSAKA_DC,2022-11-30,38,113,0
K250A,OSAKA_DC,2022-12-31,58,120,0
K250A,OSAKA_DC,2023-01-31,112,122,0
K250A,OSAKA_DC,2023-02-28,122,124,0
K250A,OSAKA_DC,2023-03-31,108,125,0
K250A,OSAKA_DC,2023-04-30,0,126,1
K250A,OSAKA_DC,2023-05-31,205,131,0
K250A,OSAKA_DC,2023-06-30,129,137,0
K250A,OSAKA_DC,2023-07-31,195,140,0
K250A,OSAKA_DC,2023-08-31,169,137,0
K250A,OSAKA_DC,2023-09-30,72,132,0
K250A,OSAKA_DC,2023-10-31,27,136,0
K250A,OSAKA_DC,2023-11-30,156,138,0
K250A,OSAKA_DC,2023-12-31,229,126,0
K250A,OSAKA_DC,2024-01-31,125,121,0
K250A,OSAKA_DC,2024-02-29,32,121,0
K250A,OSAKA_DC,2024-03-31,156,122,0
K250A,OSAKA_DC,2024-04-30,108,110,0
K250A,OSAKA_DC,2024-05-31,152,104,0
K250A,OSAKA_DC,2024-06-30,178,106,0
K250A,OSAKA_DC,2024-07-31,109,98,0
K250A,OSAKA_DC,2024-08-31,72,102,0
K250A,OSAKA_DC,2024-09-30,92,111,0
K250A,OSAKA_DC,2024-10-31,126,99,0
K250A,OSAKA_DC,2024-11-30,84,93,0
K250A,OSAKA_DC,2024-12-31,46,93,0
K250A,OSAKA_DC,2025-01-31,94,92,0
K250A,OSAKA_DC,2025-02-28,102,93,0
K250A,OSAKA_DC,2025-03-31,74,91,0
K250A,OSAKA_DC,2025-04-30,90,94,0
K250A,OSAKA_DC,2025-05-31,137,102,0
K250A,OSAKA_DC,2025-06-30,126,100,0
K250A,OSAKA_DC,2025-07-31,0,106,1
K250A,OSAKA_DC,2025-08-31,156,103,0
K250A,OSAKA_DC,2025-09-30,40,101,0
K250A,OSAKA_DC,2025-10-31,107,105,0
K250A,OSAKA_DC,2025-11-30,11,107,0
K250A,OSAKA_DC,2025-12-31,36,111,0
K250A,OSAKA_DC,2026-01-31,199,112,0
K250A,OSAKA_DC,2026-02-28,244,115,0
K250A,OSAKA_DC,2026-03-31,0,114,1
K250A,OSAKA_DC,2026-04-30,96,121,0
K250A,OSAKA_DC,2026-05-31,162,114,0
K250A,OSAKA_DC,2026-06-30,100,110,0
K250A,OSAKA_DC,2026-07-31,92,103,0
K250A,OSAKA_DC,2026-08-31,207,101,0
K250A,OVERSEAS_HUB,2020-01-31,113,197,0
K250A,OVERSEAS_HUB,2020-02-29,243,173,0
K250A,OVERSEAS_HUB,2020-03-31,229,183,0
K250A,OVERSEAS_HUB,2020-04-30,260,192,0
K250A,OVERSEAS_HUB,2020-05-31,161,154,0
K250A,OVERSEAS_HUB,2020-06-30,151,128,0
K250A,OVERSEAS_HUB,2020-07-31,241,144,0
K250A,OVERSEAS_HUB,2020-08-31,129,126,0
K250A,OVERSEAS_HUB,2020-09-30,229,112,0
K250A,OVERSEAS_HUB,2020-10-31,121,122,0
K250A,OVERSEAS_HUB,2020-11-30,154,111,0
K250A,OVERSEAS_HUB,2020-12-31,125,116,0
K250A,OVERSEAS_HUB,2021-01-31,102,100,0
K250A,OVERSEAS_HUB,2021-02-28,113,87,0
K250A,OVERSEAS_HUB,2021-03-31,66,70,0
K250A,OVERSEAS_HUB,2021-04-30,86,65,0
K250A,OVERSEAS_HUB,2021-05-31,83,85,0
K250A,OVERSEAS_HUB,2021-06-30,96,85,0
K250A,OVERSEAS_HUB,2021-07-31,0,81,1
K250A,OVERSEAS_HUB,2021-08-31,132,94,0
K250A,OVERSEAS_HUB,2021-09-30,67,105,0
K250A,OVERSEAS_HUB,2021-10-31,0,105,1
K250A,OVERSEAS_HUB,2021-11-30,155,105,0
K250A,OVERSEAS_HUB,2021-12-31,107,91,0
K250A,OVERSEAS_HUB,2022-01-31,39,91,0
K250A,OVERSEAS_HUB,2022-02-28,39,104,0
K250A,OVERSEAS_HUB,2022-03-31,1,119,0
K250A,OVERSEAS_HUB,2022-04-30,61,106,0
K250A,OVERSEAS_HUB,2022-05-31,81,100,0
K250A,OVERSEAS_HUB,2022-06-30,152,108,0
K250A,OVERSEAS_HUB,2022-07-31,89,92,0
K250A,OVERSEAS_HUB,2022-08-31,109,79,0
K250A,OVERSEAS_HUB,2022-09-30,42,82,0
K250A,OVERSEAS_HUB,2022-10-31,64,64,0
K250A,OVERSEAS_HUB,2022-11-30,55,64,0
K250A,OVERSEAS_HUB,2022-12-31,53,64,0
K250A,OVERSEAS_HUB,2023-01-31,0,64,1
K250A,OVERSEAS_HUB,2023-02-28,80,67,0
K250A,OVERSEAS_HUB,2023-03-31,0,70,1
K250A,OVERSEAS_HUB,2023-04-30,77,70,0
K250A,OVERSEAS_HUB,2023-05-31,39,57,0
K250A,OVERSEAS_HUB,2023-06-30,17,48,0
K250A,OVERSEAS_HUB,2023-07-31,0,48,1
K250A,OVERSEAS_HUB,2023-08-31,24,61,0
K250A,OVERSEAS_HUB,2023-09-30,87,79,0
K250A,OVERSEAS_HUB,2023-10-31,84,79,0
K250A,OVERSEAS_HUB,2023-11-30,73,79,0
K250A,OVERSEAS_HUB,2023-12-31,25,90,0
K250A,OVERSEAS_HUB,2024-01-31,58,103,0
K250A,OVERSEAS_HUB,2024-02-29,102,102,0
K250A,OVERSEAS_HUB,2024-03-31,125,84,0
K250A,OVERSEAS_HUB,2024-04-30,162,110,0
K250A,OVERSEAS_HUB,2024-05-31,46,122,0
K250A,OVERSEAS_HUB,2024-06-30,235,122,0
K250A,OVERSEAS_HUB,2024-07-31,239,137,0
K250A,OVERSEAS_HUB,2024-08-31,83,145,0
K250A,OVERSEAS_HUB,2024-09-30,6,135,0
K250A,OVERSEAS_HUB,2024-10-31,292,150,0
K250A,OVERSEAS_HUB,2024-11-30,171,159,0
K250A,OVERSEAS_HUB,2024-12-31,89,158,0
K250A,OVERSEAS_HUB,2025-01-31,235,157,0
K250A,OVERSEAS_HUB,2025-02-28,224,159,0
K250A,OVERSEAS_HUB,2025-03-31,300,159,0
K250A,OVERSEAS_HUB,2025-04-30,166,143,0
K250A,OVERSEAS_HUB,2025-05-31,152,131,0
K250A,OVERSEAS_HUB,2025-06-30,16,131,0
K250A,OVERSEAS_HUB,2025-07-31,167,116,0
K250A,OVERSEAS_HUB,2025-08-31,119,110,0
K250A,OVERSEAS_HUB,2025-09-30,77,106,0
K250A,OVERSEAS_HUB,2025-10-31,125,90,0
K250A,OVERSEAS_HUB,2025-11-30,85,95,0
K250A,OVERSEAS_HUB,2025-12-31,77,84,0
K250A,OVERSEAS_HUB,2026-01-31,68,86,0
K250A,OVERSEAS_HUB,2026-02-28,52,69,0
K250A,OVERSEAS_HUB,2026-03-31,72,85,0
K250A,OVERSEAS_HUB,2026-04-30,87,74,0
K250A,OVERSEAS_HUB,2026-05-31,72,90,0
K250A,OVERSEAS_HUB,2026-06-30,104,100,0
K250A,OVERSEAS_HUB,2026-07-31,69,114,0
K250A,OVERSEAS_HUB,2026-08-31,114,110,0
K250B,TOKYO_DC,2020-01-31,15,45,0
K250B,TOKYO_DC,2020-02-29,58,82,0
K250B,TOKYO_DC,2020-03-31,56,65,0
K250B,TOKYO_DC,2020-04-30,13,59,0
K250B,TOKYO_DC,2020-05-31,49,56,0
K250B,TOKYO_DC,2020-06-30,12,52,0
K250B,TOKYO_DC,2020-07-31,112,53,0
K250B,TOKYO_DC,2020-08-31,80,51,0
K250B,TOKYO_DC,2020-09-30,23,48,0
K250B,TOKYO_DC,2020-10-31,21,53,0
K250B,TOKYO_DC,2020-11-30,26,52,0
K250B,TOKYO_DC,2020-12-31,57,52,0
K250B,TOKYO_DC,2021-01-31,61,51,0
K250B,TOKYO_DC,2021-02-28,28,44,0
K250B,TOKYO_DC,2021-03-31,24,45,0
K250B,TOKYO_DC,2021-04-30,41,44,0
K250B,TOKYO_DC,2021-05-31,29,46,0
K250B,TOKYO_DC,2021-06-30,32,47,0
K250B,TOKYO_DC,2021-07-31,39,52,0
K250B,TOKYO_DC,2021-08-31,36,57,0
K250B,TOKYO_DC,2021-09-30,66,62,0
K250B,TOKYO_DC,2021-10-31,70,68,0
K250B,TOKYO_DC,2021-11-30,32,68,0
K250B,TOKYO_DC,2021-12-31,62,69,0
K250B,TOKYO_DC,2022-01-31,40,70,0
K250B,TOKYO_DC,2022-02-28,102,71,0
K250B,TOKYO_DC,2022-03-31,87,70,0
K250B,TOKYO_DC,2022-04-30,71,72,0
K250B,TOKYO_DC,2022-05-31,121,69,0
K250B,TOKYO_DC,2022-06-30,84,77,0
K250B,TOKYO_DC,2022-07-31,48,70,0
K250B,TOKYO_DC,2022-08-31,47,64,0
K250B,TOKYO_DC,2022-09-30,64,64,0
K250B,TOKYO_DC,2022-10-31,54,55,0
K250B,TOKYO_DC,2022-11-30,64,55,0
K250B,TOKYO_DC,2022-12-31,65,57,0
K250B,TOKYO_DC,2023-01-31,39,55,0
K250B,TOKYO_DC,2023-02-28,61,53,0
K250B,TOKYO_DC,2023-03-31,44,52,0
K250B,TOKYO_DC,2023-04-30,46,51,0
K250B,TOKYO_DC,2023-05-31,27,50,0
K250B,TOKYO_DC,2023-06-30,60,45,0
K250B,TOKYO_DC,2023-07-31,38,44,0
K250B,TOKYO_DC,2023-08-31,61,46,0
K250B,TOKYO_DC,2023-09-30,0,42,1
K250B,TOKYO_DC,2023-10-31,0,46,1
K250B,TOKYO_DC,2023-11-30,44,43,0
K250B,TOKYO_DC,2023-12-31,40,40,0
K250B,TOKYO_DC,2024-01-31,0,43,1
K250B,TOKYO_DC,2024-02-29,66,46,0
K250B,TOKYO_DC,2024-03-31,59,46,0
K250B,TOKYO_DC,2024-04-30,75,53,0
K250B,TOKYO_DC,2024-05-31,62,60,0
K250B,TOKYO_DC,2024-06-30,60,58,0
K250B,TOKYO_DC,2024-07-31,33,58,0
K250B,TOKYO_DC,2024-08-31,72,57,0
K250B,TOKYO_DC,2024-09-30,117,59,0
K250B,TOKYO_DC,2024-10-31,89,60,0
K250B,TOKYO_DC,2024-11-30,33,64,0
K250B,TOKYO_DC,2024-12-31,93,65,0
K250B,TOKYO_DC,2025-01-31,90,63,0
K250B,TOKYO_DC,2025-02-28,79,62,0
K250B,TOKYO_DC,2025-03-31,132,63,0
K250B,TOKYO_DC,2025-04-30,55,59,0
K250B,TOKYO_DC,2025-05-31,88,62,0
K250B,TOKYO_DC,2025-06-30,66,62,0
K250B,TOKYO_DC,2025-07-31,36,62,0
K250B,TOKYO_DC,2025-08-31,72,60,0
K250B,TOKYO_DC,2025-09-30,42,58,0
K250B,TOKYO_DC,2025-10-31,49,53,0
K250B,TOKYO_DC,2025-11-30,19,52,0
K250B,TOKYO_DC,2025-12-31,23,59,0
K250B,TOKYO_DC,2026-01-31,57,61,0
K250B,TOKYO_DC,2026-02-28,53,63,0
K250B,TOKYO_DC,2026-03-31,15,63,0
K250B,TOKYO_DC,2026-04-30,73,61,0
K250B,TOKYO_DC,2026-05-31,8,55,0
K250B,TOKYO_DC,2026-06-30,100,56,0
K250B,TOKYO_DC,2026-07-31,29,59,0
K250B,TOKYO_DC,2026-08-31,106,59,0
K250B,OSAKA_DC,2020-01-31,38,30,0
K250B,OSAKA_DC,2020-02-29,61,55,0
K250B,OSAKA_DC,2020-03-31,1,43,0
K250B,OSAKA_DC,2020-04-30,18,39,0
K250B,OSAKA_DC,2020-05-31,47,37,0
K250B,OSAKA_DC,2020-06-30,15,35,0
K250B,OSAKA_DC,2020-07-31,24,35,0
K250B,OSAKA_DC,2020-08-31,42,34,0
K250B,OSAKA_DC,2020-09-30,40,32,0
K250B,OSAKA_DC,2020-10-31,30,35,0
K250B,OSAKA_DC,2020-11-30,37,35,0
K250B,OSAKA_DC,2020-12-31,17,35,0
K250B,OSAKA_DC,2021-01-31,15,34,0
K250B,OSAKA_DC,2021-02-28,39,29,0
K250B,OSAKA_DC,2021-03-31,36,30,0
K250B,OSAKA_DC,2021-04-30,0,29,1
K250B,OSAKA_DC,2021-05-31,19,31,0
K250B,OSAKA_DC,2021-06-30,21,31,0
K250B,OSAKA_DC,2021-07-31,46,35,0
K250B,OSAKA_DC,2021-08-31,29,38,0
K250B,OSAKA_DC,2021-09-30,41,41,0
K250B,OSAKA_DC,2021-10-31,49,45,0
K250B,OSAKA_DC,2021-11-30,30,45,0
K250B,OSAKA_DC,2021-12-31,37,46,0
K250B,OSAKA_DC,2022-01-31,52,47,0
K250B,OSAKA_DC,2022-02-28,45,47,0
K250B,OSAKA_DC,2022-03-31,61,47,0
K250B,OSAKA_DC,2022-04-30,48,48,0
K250B,OSAKA_DC,2022-05-31,0,46,1
K250B,OSAKA_DC,2022-06-30,59,51,0
K250B,OSAKA_DC,2022-07-31,56,47,0
K250B,OSAKA_DC,2022-08-31,62,42,0
K250B,OSAKA_DC,2022-09-30,68,43,0
K250B,OSAKA_DC,2022-10-31,33,37,0
K250B,OSAKA_DC,2022-11-30,0,37,1
K250B,OSAKA_DC,2022-12-31,28,38,0
K250B,OSAKA_DC,2023-01-31,11,37,0
K250B,OSAKA_DC,2023-02-28,29,35,0
K250B,OSAKA_DC,2023-03-31,55,35,0
K250B,OSAKA_DC,2023-04-30,60,34,0
K250B,OSAKA_DC,2023-05-31,25,33,0
K250B,OSAKA_DC,2023-06-30,32,30,0
K250B,OSAKA_DC,2023-07-31,30,30,0
K250B,OSAKA_DC,2023-08-31,25,31,0
K250B,OSAKA_DC,2023-09-30,33,28,0
K250B,OSAKA_DC,2023-10-31,29,31,0
K250B,OSAKA_DC,2023-11-30,26,28,0
K250B,OSAKA_DC,2023-12-31,29,27,0
K250B,OSAKA_DC,2024-01-31,11,29,0
K250B,OSAKA_DC,2024-02-29,54,31,0
K250B,OSAKA_DC,2024-03-31,22,31,0
K250B,OSAKA_DC,2024-04-30,56,35,0
K250B,OSAKA_DC,2024-05-31,50,40,0
K250B,OSAKA_DC,2024-06-30,11,38,0
K250B,OSAKA_DC,2024-07-31,43,39,0
K250B,OSAKA_DC,2024-08-31,24,38,0
K250B,OSAKA_DC,2024-09-30,53,39,0
K250B,OSAKA_DC,2024-10-31,32,40,0
K250B,OSAKA_DC,2024-11-30,36,43,0
K250B,OSAKA_DC,2024-12-31,15,44,0
K250B,OSAKA_DC,2025-01-31,38,42,0
K250B,OSAKA_DC,2025-02-28,38,41,0
K250B,OSAKA_DC,2025-03-31,42,42,0
K250B,OSAKA_DC,2025-04-30,41,40,0
K250B,OSAKA_DC,2025-05-31,48,41,0
K250B,OSAKA_DC,2025-06-30,32,41,0
K250B,OSAKA_DC,2025-07-31,45,41,0
K250B,OSAKA_DC,2025-08-31,37,40,0
K250B,OSAKA_DC,2025-09-30,0,39,1
K250B,OSAKA_DC,2025-10-31,38,35,0
K250B,OSAKA_DC,2025-11-30,42,35,0
K250B,OSAKA_DC,2025-12-31,46,39,0
K250B,OSAKA_DC,2026-01-31,29,41,0
K250B,OSAKA_DC,2026-02-28,50,42,0
K250B,OSAKA_DC,2026-03-31,7,42,0
K250B,OSAKA_DC,2026-04-30,52,41,0
K250B,OSAKA_DC,2026-05-31,33,37,0
K250B,OSAKA_DC,2026-06-30,81,38,0
K250B,OSAKA_DC,2026-07-31,2,39,0
K250B,OSAKA_DC,2026-08-31,38,40,0
K310,TOKYO_DC,2020-01-31,0,471,1
K310,TOKYO_DC,2020-02-29,744,789,0
K310,TOKYO_DC,2020-03-31,680,715,0
K310,TOKYO_DC,2020-04-30,574,903,0
K310,TOKYO_DC,2020-05-31,944,899,0
K310,TOKYO_DC,2020-06-30,253,835,0
K310,TOKYO_DC,2020-07-31,597,763,0
K310,TOKYO_DC,2020-08-31,246,721,0
K310,TOKYO_DC,2020-09-30,726,730,0
K310,TOKYO_DC,2020-10-31,575,700,0
K310,TOKYO_DC,2020-11-30,354,695,0
K310,TOKYO_DC,2020-12-31,0,675,1
K310,TOKYO_DC,2021-01-31,1372,673,0
K310,TOKYO_DC,2021-02-28,826,650,0
K310,TOKYO_DC,2021-03-31,1158,680,0
K310,TOKYO_DC,2021-04-30,424,621,0
K310,TOKYO_DC,2021-05-31,661,608,0
K310,TOKYO_DC,2021-06-30,614,614,0
K310,TOKYO_DC,2021-07-31,576,624,0
K310,TOKYO_DC,2021-08-31,435,623,0
K310,TOKYO_DC,2021-09-30,1015,618,0
K310,TOKYO_DC,2021-10-31,161,601,0
K310,TOKYO_DC,2021-11-30,426,692,0
K310,TOKYO_DC,2021-12-31,201,768,0
K310,TOKYO_DC,2022-01-31,1437,931,0
K310,TOKYO_DC,2022-02-28,1752,958,0
K310,TOKYO_DC,2022-03-31,1836,912,0
K310,TOKYO_DC,2022-04-30,1540,908,0
K310,TOKYO_DC,2022-05-31,378,872,0
K310,TOKYO_DC,2022-06-30,1199,934,0
K310,TOKYO_DC,2022-07-31,866,995,0
K310,TOKYO_DC,2022-08-31,1360,993,0
K310,TOKYO_DC,2022-09-30,389,974,0
K310,TOKYO_DC,2022-10-31,1435,1019,0
K310,TOKYO_DC,2022-11-30,1047,936,0
K310,TOKYO_DC,2022-12-31,1008,860,0
K310,TOKYO_DC,2023-01-31,0,708,1
K310,TOKYO_DC,2023-02-28,521,710,0
K310,TOKYO_DC,2023-03-31,1390,744,0
K310,TOKYO_DC,2023-04-30,890,793,0
K310,TOKYO_DC,2023-05-31,1258,808,0
K310,TOKYO_DC,2023-06-30,630,822,0
K310,TOKYO_DC,2023-07-31,310,818,0
K310,TOKYO_DC,2023-08-31,670,817,0
K310,TOKYO_DC,2023-09-30,1071,886,0
K310,TOKYO_DC,2023-10-31,1189,885,0
K310,TOKYO_DC,2023-11-30,1579,917,0
K310,TOKYO_DC,2023-12-31,554,957,0
K310,TOKYO_DC,2024-01-31,1734,928,0
K310,TOKYO_DC,2024-02-29,1036,871,0
K310,TOKYO_DC,2024-03-31,1174,814,0
K310,TOKYO_DC,2024-04-30,536,758,0
K310,TOKYO_DC,2024-05-31,769,735,0
K310,TOKYO_DC,2024-06-30,822,678,0
K310,TOKYO_DC,2024-07-31,0,602,1
K310,TOKYO_DC,2024-08-31,462,679,0
K310,TOKYO_DC,2024-09-30,469,603,0
K310,TOKYO_DC,2024-10-31,836,603,0
K310,TOKYO_DC,2024-11-30,378,552,0
K310,TOKYO_DC,2024-12-31,861,548,0
K310,TOKYO_DC,2025-01-31,532,557,0
K310,TOKYO_DC,2025-02-28,706,556,0
K310,TOKYO_DC,2025-03-31,736,614,0
K310,TOKYO_DC,2025-04-30,960,655,0
K310,TOKYO_DC,2025-05-31,780,652,0
K310,TOKYO_DC,2025-06-30,954,636,0
K310,TOKYO_DC,2025-07-31,541,634,0
K310,TOKYO_DC,2025-08-31,621,645,0
K310,TOKYO_DC,2025-09-30,649,698,0
K310,TOKYO_DC,2025-10-31,844,693,0
K310,TOKYO_DC,2025-11-30,636,787,0
K310,TOKYO_DC,2025-12-31,840,755,0
K310,TOKYO_DC,2026-01-31,1188,761,0
K310,TOKYO_DC,2026-02-28,551,755,0
K310,TOKYO_DC,2026-03-31,680,778,0
K310,TOKYO_DC,2026-04-30,412,792,0
K310,TOKYO_DC,2026-05-31,1690,825,0
K310,TOKYO_DC,2026-06-30,457,808,0
K310,TOKYO_DC,2026-07-31,0,893,1
K310,TOKYO_DC,2026-08-31,1536,839,0
K310,OSAKA_DC,2020-01-31,93,314,0
K310,OSAKA_DC,2020-02-29,457,526,0
K310,OSAKA_DC,2020-03-31,899,477,0
K310,OSAKA_DC,2020-04-30,288,602,0
K310,OSAKA_DC,2020-05-31,699,600,0
K310,OSAKA_DC,2020-06-30,541,557,0
K310,OSAKA_DC,2020-07-31,124,509,0
K310,OSAKA_DC,2020-08-31,572,481,0
K310,OSAKA_DC,2020-09-30,655,486,0
K310,OSAKA_DC,2020-10-31,317,466,0
K310,OSAKA_DC,2020-11-30,667,463,0
K310,OSAKA_DC,2020-12-31,509,450,0
K310,OSAKA_DC,2021-01-31,496,449,0
K310,OSAKA_DC,2021-02-28,515,433,0
K310,OSAKA_DC,2021-03-31,868,453,0
K310,OSAKA_DC,2021-04-30,359,414,0
K310,OSAKA_DC,2021-05-31,447,405,0
K310,OSAKA_DC,2021-06-30,549,410,0
K310,OSAKA_DC,2021-07-31,342,416,0
K310,OSAKA_DC,2021-08-31,123,415,0
K310,OSAKA_DC,2021-09-30,403,412,0
K310,OSAKA_DC,2021-10-31,250,401,0
K310,OSAKA_DC,2021-11-30,630,461,0
K310,OSAKA_DC,2021-12-31,383,512,0
K310,OSAKA_DC,2022-01-31,476,620,0
K310,OSAKA_DC,2022-02-28,944,639,0
K310,OSAKA_DC,2022-03-31,528,608,0
K310,OSAKA_DC,2022-04-30,465,606,0
K310,OSAKA_DC,2022-05-31,464,581,0
K310,OSAKA_DC,2022-06-30,0,622,1
K310,OSAKA_DC,2022-07-31,542,663,0
K310,OSAKA_DC,2022-08-31,902,662,0
K310,OSAKA_DC,2022-09-30,551,649,0
K310,OSAKA_DC,2022-10-31,813,680,0
K310,OSAKA_DC,2022-11-30,921,624,0
K310,OSAKA_DC,2022-12-31,1469,573,0
K310,OSAKA_DC,2023-01-31,210,472,0
K310,OSAKA_DC,2023-02-28,538,473,0
K310,OSAKA_DC,2023-03-31,0,496,1
K310,OSAKA_DC,2023-04-30,778,529,0
K310,OSAKA_DC,2023-05-31,467,539,0
K310,OSAKA_DC,2023-06-30,572,548,0
K310,OSAKA_DC,2023-07-31,1195,546,0
K310,OSAKA_DC,2023-08-31,320,545,0
K310,OSAKA_DC,2023-09-30,716,591,0
K310,OSAKA_DC,2023-10-31,85,590,0
K310,OSAKA_DC,2023-11-30,593,612,0
K310,OSAKA_DC,2023-12-31,750,638,0
K310,OSAKA_DC,2024-01-31,468,619,0
K310,OSAKA_DC,2024-02-29,605,580,0
K310,OSAKA_DC,2024-03-31,607,543,0
K310,OSAKA_DC,2024-04-30,239,506,0
K310,OSAKA_DC,2024-05-31,837,490,0
K310,OSAKA_DC,2024-06-30,570,452,0
K310,OSAKA_DC,2024-07-31,480,402,0
K310,OSAKA_DC,2024-08-31,352,452,0
K310,OSAKA_DC,2024-09-30,331,402,0
K310,OSAKA_DC,2024-10-31,869,402,0
K310,OSAKA_DC,2024-11-30,561,368,0
K310,OSAKA_DC,2024-12-31,231,365,0
K310,OSAKA_DC,2025-01-31,560,372,0
K310,OSAKA_DC,2025-02-28,566,371,0
K310,OSAKA_DC,2025-03-31,413,409,0
K310,OSAKA_DC,2025-04-30,357,437,0
K310,OSAKA_DC,2025-05-31,373,434,0
K310,OSAKA_DC,2025-06-30,78,424,0
K310,OSAKA_DC,2025-07-31,557,422,0
K310,OSAKA_DC,2025-08-31,483,430,0
K310,OSAKA_DC,2025-09-30,134,465,0
K310,OSAKA_DC,2025-10-31,608,462,0
K310,OSAKA_DC,2025-11-30,496,525,0
K310,OSAKA_DC,2025-12-31,283,504,0
K310,OSAKA_DC,2026-01-31,271,507,0
K310,OSAKA_DC,2026-02-28,593,503,0
K310,OSAKA_DC,2026-03-31,740,519,0
K310,OSAKA_DC,2026-04-30,365,528,0
K310,OSAKA_DC,2026-05-31,1030,550,0
K310,OSAKA_DC,2026-06-30,0,539,1
K310,OSAKA_DC,2026-07-31,907,595,0
K310,OSAKA_DC,2026-08-31,370,559,0
K310,OVERSEAS_HUB,2020-01-31,664,942,0
K310,OVERSEAS_HUB,2020-02-29,660,471,0
K310,OVERSEAS_HUB,2020-03-31,567,693,0
K310,OVERSEAS_HUB,2020-04-30,337,520,0
K310,OVERSEAS_HUB,2020-05-31,587,416,0
K310,OVERSEAS_HUB,2020-06-30,646,518,0
K310,OVERSEAS_HUB,2020-07-31,612,538,0
K310,OVERSEAS_HUB,2020-08-31,765,578,0
K310,OVERSEAS_HUB,2020-09-30,940,691,0
K310,OVERSEAS_HUB,2020-10-31,312,708,0
K310,OVERSEAS_HUB,2020-11-30,717,644,0
K310,OVERSEAS_HUB,2020-12-31,635,666,0
K310,OVERSEAS_HUB,2021-01-31,912,662,0
K310,OVERSEAS_HUB,2021-02-28,654,662,0
K310,OVERSEAS_HUB,2021-03-31,435,567,0
K310,OVERSEAS_HUB,2021-04-30,541,567,0
K310,OVERSEAS_HUB,2021-05-31,515,567,0
K310,OVERSEAS_HUB,2021-06-30,0,481,1
K310,OVERSEAS_HUB,2021-07-31,516,500,0
K310,OVERSEAS_HUB,2021-08-31,0,499,1
K310,OVERSEAS_HUB,2021-09-30,361,366,0
K310,OVERSEAS_HUB,2021-10-31,365,331,0
K310,OVERSEAS_HUB,2021-11-30,366,331,0
K310,OVERSEAS_HUB,2021-12-31,347,255,0
K310,OVERSEAS_HUB,2022-01-31,217,181,0
K310,OVERSEAS_HUB,2022-02-28,253,373,0
K310,OVERSEAS_HUB,2022-03-31,416,436,0
K310,OVERSEAS_HUB,2022-04-30,582,436,0
K310,OVERSEAS_HUB,2022-05-31,731,485,0
K310,OVERSEAS_HUB,2022-06-30,659,485,0
K310,OVERSEAS_HUB,2022-07-31,544,608,0
K310,OVERSEAS_HUB,2022-08-31,724,604,0
K310,OVERSEAS_HUB,2022-09-30,887,689,0
K310,OVERSEAS_HUB,2022-10-31,929,652,0
K310,OVERSEAS_HUB,2022-11-30,1301,775,0
K310,OVERSEAS_HUB,2022-12-31,19,850,0
K310,OVERSEAS_HUB,2023-01-31,662,947,0
K310,OVERSEAS_HUB,2023-02-28,1396,950,0
K310,OVERSEAS_HUB,2023-03-31,0,1017,1
K310,OVERSEAS_HUB,2023-04-30,601,1235,0
K310,OVERSEAS_HUB,2023-05-31,393,1265,0
K310,OVERSEAS_HUB,2023-06-30,560,1265,0
K310,OVERSEAS_HUB,2023-07-31,699,1069,0
K310,OVERSEAS_HUB,2023-08-31,1287,1066,0
K310,OVERSEAS_HUB,2023-09-30,1309,981,0
K310,OVERSEAS_HUB,2023-10-31,872,981,0
K310,OVERSEAS_HUB,2023-11-30,770,858,0
K310,OVERSEAS_HUB,2023-12-31,0,938,1
K310,OVERSEAS_HUB,2024-01-31,624,880,0
K310,OVERSEAS_HUB,2024-02-29,38,765,0
K310,OVERSEAS_HUB,2024-03-31,627,717,0
K310,OVERSEAS_HUB,2024-04-30,1164,500,0
K310,OVERSEAS_HUB,2024-05-31,468,453,0
K310,OVERSEAS_HUB,2024-06-30,594,453,0
K310,OVERSEAS_HUB,2024-07-31,870,492,0
K310,OVERSEAS_HUB,2024-08-31,597,428,0
K310,OVERSEAS_HUB,2024-09-30,383,498,0
K310,OVERSEAS_HUB,2024-10-31,959,626,0
K310,OVERSEAS_HUB,2024-11-30,0,712,1
K310,OVERSEAS_HUB,2024-12-31,906,703,0
K310,OVERSEAS_HUB,2025-01-31,875,722,0
K310,OVERSEAS_HUB,2025-02-28,573,720,0
K310,OVERSEAS_HUB,2025-03-31,807,769,0
K310,OVERSEAS_HUB,2025-04-30,1656,769,0
K310,OVERSEAS_HUB,2025-05-31,1042,858,0
K310,OVERSEAS_HUB,2025-06-30,811,962,0
K310,OVERSEAS_HUB,2025-07-31,1450,1081,0
K310,OVERSEAS_HUB,2025-08-31,784,1081,0
K310,OVERSEAS_HUB,2025-09-30,1285,1011,0
K310,OVERSEAS_HUB,2025-10-31,568,1002,0
K310,OVERSEAS_HUB,2025-11-30,0,917,1
K310,OVERSEAS_HUB,2025-12-31,681,854,0
K310,OVERSEAS_HUB,2026-01-31,0,865,1
K310,OVERSEAS_HUB,2026-02-28,0,852,1
K310,OVERSEAS_HUB,2026-03-31,740,900,0
K310,OVERSEAS_HUB,2026-04-30,761,900,0
K310,OVERSEAS_HUB,2026-05-31,0,870,1
K310,OVERSEAS_HUB,2026-06-30,839,836,0
K310,OVERSEAS_HUB,2026-07-31,922,679,0
K310,OVERSEAS_HUB,2026-08-31,1069,811,0
K311,TOKYO_DC,2020-01-31,69,99,0
K311,TOKYO_DC,2020-02-29,0,96,1
K311,TOKYO_DC,2020-03-31,20,92,0
K311,TOKYO_DC,2020-04-30,69,77,0
K311,TOKYO_DC,2020-05-31,110,76,0
K311,TOKYO_DC,2020-06-30,59,78,0
K311,TOKYO_DC,2020-07-31,65,72,0
K311,TOKYO_DC,2020-08-31,69,73,0
K311,TOKYO_DC,2020-09-30,77,66,0
K311,TOKYO_DC,2020-10-31,60,63,0
K311,TOKYO_DC,2020-11-30,106,65,0
K311,TOKYO_DC,2020-12-31,61,67,0
K311,TOKYO_DC,2021-01-31,46,61,0
K311,TOKYO_DC,2021-02-28,42,58,0
K311,TOKYO_DC,2021-03-31,72,57,0
K311,TOKYO_DC,2021-04-30,65,58,0
K311,TOKYO_DC,2021-05-31,88,57,0
K311,TOKYO_DC,2021-06-30,51,56,0
K311,TOKYO_DC,2021-07-31,50,57,0
K311,TOKYO_DC,2021-08-31,107,53,0
K311,TOKYO_DC,2021-09-30,0,61,1
K311,TOKYO_DC,2021-10-31,48,66,0
K311,TOKYO_DC,2021-11-30,52,63,0
K311,TOKYO_DC,2021-12-31,138,63,0
K311,TOKYO_DC,2022-01-31,46,69,0
K311,TOKYO_DC,2022-02-28,116,69,0
K311,TOKYO_DC,2022-03-31,77,67,0
K311,TOKYO_DC,2022-04-30,59,70,0
K311,TOKYO_DC,2022-05-31,83,68,0
K311,TOKYO_DC,2022-06-30,63,64,0
K311,TOKYO_DC,2022-07-31,67,64,0
K311,TOKYO_DC,2022-08-31,46,65,0
K311,TOKYO_DC,2022-09-30,30,63,0
K311,TOKYO_DC,2022-10-31,55,65,0
K311,TOKYO_DC,2022-11-30,91,68,0
K311,TOKYO_DC,2022-12-31,35,72,0
K311,TOKYO_DC,2023-01-31,39,68,0
K311,TOKYO_DC,2023-02-28,68,68,0
K311,TOKYO_DC,2023-03-31,65,67,0
K311,TOKYO_DC,2023-04-30,67,67,0
K311,TOKYO_DC,2023-05-31,36,66,0
K311,TOKYO_DC,2023-06-30,53,67,0
K311,TOKYO_DC,2023-07-31,34,65,0
K311,TOKYO_DC,2023-08-31,67,65,0
K311,TOKYO_DC,2023-09-30,9,59,0
K311,TOKYO_DC,2023-10-31,0,52,1
K311,TOKYO_DC,2023-11-30,67,50,0
K311,TOKYO_DC,2023-12-31,42,42,0
K311,TOKYO_DC,2024-01-31,42,43,0
K311,TOKYO_DC,2024-02-29,45,39,0
K311,TOKYO_DC,2024-03-31,39,43,0
K311,TOKYO_DC,2024-04-30,27,41,0
K311,TOKYO_DC,2024-05-31,40,48,0
K311,TOKYO_DC,2024-06-30,34,48,0
K311,TOKYO_DC,2024-07-31,67,55,0
K311,TOKYO_DC,2024-08-31,54,56,0
K311,TOKYO_DC,2024-09-30,24,59,0
K311,TOKYO_DC,2024-10-31,112,59,0
K311,TOKYO_DC,2024-11-30,41,60,0
K311,TOKYO_DC,2024-12-31,75,61,0
K311,TOKYO_DC,2025-01-31,0,65,1
K311,TOKYO_DC,2025-02-28,51,67,0
K311,TOKYO_DC,2025-03-31,63,65,0
K311,TOKYO_DC,2025-04-30,29,69,0
K311,TOKYO_DC,2025-05-31,60,67,0
K311,TOKYO_DC,2025-06-30,90,66,0
K311,TOKYO_DC,2025-07-31,122,64,0
K311,TOKYO_DC,2025-08-31,89,64,0
K311,TOKYO_DC,2025-09-30,79,64,0
K311,TOKYO_DC,2025-10-31,51,70,0
K311,TOKYO_DC,2025-11-30,74,68,0
K311,TOKYO_DC,2025-12-31,59,69,0
K311,TOKYO_DC,2026-01-31,118,64,0
K311,TOKYO_DC,2026-02-28,50,70,0
K311,TOKYO_DC,2026-03-31,105,76,0
K311,TOKYO_DC,2026-04-30,1,72,0
K311,TOKYO_DC,2026-05-31,59,73,0
K311,TOKYO_DC,2026-06-30,40,77,0
K311,TOKYO_DC,2026-07-31,66,75,0
K311,TOKYO_DC,2026-08-31,39,82,0
K311,OSAKA_DC,2020-01-31,0,66,1
K311,OSAKA_DC,2020-02-29,66,64,0
K311,OSAKA_DC,2020-03-31,72,61,0
K311,OSAKA_DC,2020-04-30,36,52,0
K311,OSAKA_DC,2020-05-31,0,51,1
K311,OSAKA_DC,2020-06-30,26,52,0
K311,OSAKA_DC,2020-07-31,25,48,0
K311,OSAKA_DC,2020-08-31,88,48,0
K311,OSAKA_DC,2020-09-30,72,44,0
K311,OSAKA_DC,2020-10-31,30,42,0
K311,OSAKA_DC,2020-11-30,54,44,0
K311,OSAKA_DC,2020-12-31,85,45,0
K311,OSAKA_DC,2021-01-31,35,41,0
K311,OSAKA_DC,2021-02-28,45,39,0
K311,OSAKA_DC,2021-03-31,33,38,0
K311,OSAKA_DC,2021-04-30,34,39,0
K311,OSAKA_DC,2021-05-31,34,38,0
K311,OSAKA_DC,2021-06-30,50,37,0
K311,OSAKA_DC,2021-07-31,5,38,0
K311,OSAKA_DC,2021-08-31,34,35,0
K311,OSAKA_DC,2021-09-30,8,41,0
K311,OSAKA_DC,2021-10-31,43,44,0
K311,OSAKA_DC,2021-11-30,0,42,1
K311,OSAKA_DC,2021-12-31,0,42,1
K311,OSAKA_DC,2022-01-31,58,46,0
K311,OSAKA_DC,2022-02-28,18,46,0
K311,OSAKA_DC,2022-03-31,35,45,0
K311,OSAKA_DC,2022-04-30,64,47,0
K311,OSAKA_DC,2022-05-31,53,46,0
K311,OSAKA_DC,2022-06-30,23,43,0
K311,OSAKA_DC,2022-07-31,33,43,0
K311,OSAKA_DC,2022-08-31,51,43,0
K311,OSAKA_DC,2022-09-30,38,42,0
K311,OSAKA_DC,2022-10-31,22,43,0
K311,OSAKA_DC,2022-11-30,68,45,0
K311,OSAKA_DC,2022-12-31,61,48,0
K311,OSAKA_DC,2023-01-31,65,45,0
K311,OSAKA_DC,2023-02-28,34,45,0
K311,OSAKA_DC,2023-03-31,33,45,0
K311,OSAKA_DC,2023-04-30,39,45,0
K311,OSAKA_DC,2023-05-31,0,44,1
K311,OSAKA_DC,2023-06-30,18,45,0
K311,OSAKA_DC,2023-07-31,79,43,0
K311,OSAKA_DC,2023-08-31,100,43,0
K311,OSAKA_DC,2023-09-30,13,39,0
K311,OSAKA_DC,2023-10-31,45,34,0
K311,OSAKA_DC,2023-11-30,21,34,0
K311,OSAKA_DC,2023-12-31,44,28,0
K311,OSAKA_DC,2024-01-31,47,28,0
K311,OSAKA_DC,2024-02-29,27,26,0
K311,OSAKA_DC,2024-03-31,16,28,0
K311,OSAKA_DC,2024-04-30,12,27,0
K311,OSAKA_DC,2024-05-31,18,32,0
K311,OSAKA_DC,2024-06-30,45,32,0
K311,OSAKA_DC,2024-07-31,3,37,0
K311,OSAKA_DC,2024-08-31,34,37,0
K311,OSAKA_DC,2024-09-30,14,40,0
K311,OSAKA_DC,2024-10-31,48,40,0
K311,OSAKA_DC,2024-11-30,48,40,0
K311,OSAKA_DC,2024-12-31,0,41,1
K311,OSAKA_DC,2025-01-31,67,43,0
K311,OSAKA_DC,2025-02-28,53,45,0
K311,OSAKA_DC,2025-03-31,42,44,0
K311,OSAKA_DC,2025-04-30,52,46,0
K311,OSAKA_DC,2025-05-31,31,45,0
K311,OSAKA_DC,2025-06-30,43,44,0
K311,OSAKA_DC,2025-07-31,71,42,0
K311,OSAKA_DC,2025-08-31,56,43,0
K311,OSAKA_DC,2025-09-30,7,43,0
K311,OSAKA_DC,2025-10-31,24,47,0
K311,OSAKA_DC,2025-11-30,28,45,0
K311,OSAKA_DC,2025-12-31,29,46,0
K311,OSAKA_DC,2026-01-31,23,43,0
K311,OSAKA_DC,2026-02-28,62,47,0
K311,OSAKA_DC,2026-03-31,40,51,0
K311,OSAKA_DC,2026-04-30,42,48,0
K311,OSAKA_DC,2026-05-31,60,49,0
K311,OSAKA_DC,2026-06-30,5,52,0
K311,OSAKA_DC,2026-07-31,52,50,0
K311,OSAKA_DC,2026-08-31,48,55,0
K311,OVERSEAS_HUB,2020-01-31,0,0,0
K311,OVERSEAS_HUB,2020-02-29,0,0,0
K311,OVERSEAS_HUB,2020-03-31,0,0,0
K311,OVERSEAS_HUB,2020-04-30,13,13,0
K311,OVERSEAS_HUB,2020-05-31,15,11,0
K311,OVERSEAS_HUB,2020-06-30,6,9,0
K311,OVERSEAS_HUB,2020-07-31,14,15,0
K311,OVERSEAS_HUB,2020-08-31,10,13,0
K311,OVERSEAS_HUB,2020-09-30,13,29,0
K311,OVERSEAS_HUB,2020-10-31,53,32,0
K311,OVERSEAS_HUB,2020-11-30,62,29,0
K311,OVERSEAS_HUB,2020-12-31,44,27,0
K311,OVERSEAS_HUB,2021-01-31,0,30,1
K311,OVERSEAS_HUB,2021-02-28,72,37,0
K311,OVERSEAS_HUB,2021-03-31,25,37,0
K311,OVERSEAS_HUB,2021-04-30,22,39,0
K311,OVERSEAS_HUB,2021-05-31,42,45,0
K311,OVERSEAS_HUB,2021-06-30,46,45,0
K311,OVERSEAS_HUB,2021-07-31,56,46,0
K311,OVERSEAS_HUB,2021-08-31,66,50,0
K311,OVERSEAS_HUB,2021-09-30,63,37,0
K311,OVERSEAS_HUB,2021-10-31,33,32,0
K311,OVERSEAS_HUB,2021-11-30,41,38,0
K311,OVERSEAS_HUB,2021-12-31,48,38,0
K311,OVERSEAS_HUB,2022-01-31,19,35,0
K311,OVERSEAS_HUB,2022-02-28,26,34,0
K311,OVERSEAS_HUB,2022-03-31,17,34,0
K311,OVERSEAS_HUB,2022-04-30,0,28,1
K311,OVERSEAS_HUB,2022-05-31,5,26,0
K311,OVERSEAS_HUB,2022-06-30,29,30,0
K311,OVERSEAS_HUB,2022-07-31,14,31,0
K311,OVERSEAS_HUB,2022-08-31,29,31,0
K311,OVERSEAS_HUB,2022-09-30,48,31,0
K311,OVERSEAS_HUB,2022-10-31,37,31,0
K311,OVERSEAS_HUB,2022-11-30,32,25,0
K311,OVERSEAS_HUB,2022-12-31,33,25,0
K311,OVERSEAS_HUB,2023-01-31,29,31,0
K311,OVERSEAS_HUB,2023-02-28,49,31,0
K311,OVERSEAS_HUB,2023-03-31,12,37,0
K311,OVERSEAS_HUB,2023-04-30,23,37,0
K311,OVERSEAS_HUB,2023-05-31,31,46,0
K311,OVERSEAS_HUB,2023-06-30,33,49,0
K311,OVERSEAS_HUB,2023-07-31,67,58,0
K311,OVERSEAS_HUB,2023-08-31,46,57,0
K311,OVERSEAS_HUB,2023-09-30,89,68,0
K311,OVERSEAS_HUB,2023-10-31,42,73,0
K311,OVERSEAS_HUB,2023-11-30,115,73,0
K311,OVERSEAS_HUB,2023-12-31,84,77,0
K311,OVERSEAS_HUB,2024-01-31,8,78,0
K311,OVERSEAS_HUB,2024-02-29,90,80,0
K311,OVERSEAS_HUB,2024-03-31,48,74,0
K311,OVERSEAS_HUB,2024-04-30,27,81,0
K311,OVERSEAS_HUB,2024-05-31,80,68,0
K311,OVERSEAS_HUB,2024-06-30,152,68,0
K311,OVERSEAS_HUB,2024-07-31,72,53,0
K311,OVERSEAS_HUB,2024-08-31,81,55,0
K311,OVERSEAS_HUB,2024-09-30,53,50,0
K311,OVERSEAS_HUB,2024-10-31,49,50,0
K311,OVERSEAS_HUB,2024-11-30,60,50,0
K311,OVERSEAS_HUB,2024-12-31,28,52,0
K311,OVERSEAS_HUB,2025-01-31,62,45,0
K311,OVERSEAS_HUB,2025-02-28,54,41,0
K311,OVERSEAS_HUB,2025-03-31,21,41,0
K311,OVERSEAS_HUB,2025-04-30,35,34,0
K311,OVERSEAS_HUB,2025-05-31,28,34,0
K311,OVERSEAS_HUB,2025-06-30,34,31,0
K311,OVERSEAS_HUB,2025-07-31,24,31,0
K311,OVERSEAS_HUB,2025-08-31,31,32,0
K311,OVERSEAS_HUB,2025-09-30,0,25,1
K311,OVERSEAS_HUB,2025-10-31,27,20,0
K311,OVERSEAS_HUB,2025-11-30,47,27,0
K311,OVERSEAS_HUB,2025-12-31,38,28,0
K311,OVERSEAS_HUB,2026-01-31,32,34,0
K311,OVERSEAS_HUB,2026-02-28,37,30,0
K311,OVERSEAS_HUB,2026-03-31,36,30,0
K311,OVERSEAS_HUB,2026-04-30,39,36,0
K311,OVERSEAS_HUB,2026-05-31,49,36,0
K311,OVERSEAS_HUB,2026-06-30,52,33,0
K311,OVERSEAS_HUB,2026-07-31,47,38,0
K311,OVERSEAS_HUB,2026-08-31,33,32,0
K312,TOKYO_DC,2020-01-31,7,10,0
K312,TOKYO_DC,2020-02-29,12,18,0
K312,TOKYO_DC,2020-03-31,26,19,0
K312,TOKYO_DC,2020-04-30,16,16,0
K312,TOKYO_DC,2020-05-31,44,23,0
K312,TOKYO_DC,2020-06-30,31,20,0
K312,TOKYO_DC,2020-07-31,30,18,0
K312,TOKYO_DC,2020-08-31,14,16,0
K312,TOKYO_DC,2020-09-30,26,16,0
K312,TOKYO_DC,2020-10-31,13,15,0
K312,TOKYO_DC,2020-11-30,20,16,0
K312,TOKYO_DC,2020-12-31,20,16,0
K312,TOKYO_DC,2021-01-31,5,16,0
K312,TOKYO_DC,2021-02-28,28,15,0
K312,TOKYO_DC,2021-03-31,8,16,0
K312,TOKYO_DC,2021-04-30,27,18,0
K312,TOKYO_DC,2021-05-31,15,16,0
K312,TOKYO_DC,2021-06-30,28,18,0
K312,TOKYO_DC,2021-07-31,23,18,0
K312,TOKYO_DC,2021-08-31,20,19,0
K312,TOKYO_DC,2021-09-30,24,18,0
K312,TOKYO_DC,2021-10-31,27,20,0
K312,TOKYO_DC,2021-11-30,24,19,0
K312,TOKYO_DC,2021-12-31,23,19,0
K312,TOKYO_DC,2022-01-31,0,18,1
K312,TOKYO_DC,2022-02-28,28,18,0
K312,TOKYO_DC,2022-03-31,14,16,0
K312,TOKYO_DC,2022-04-30,7,17,0
K312,TOKYO_DC,2022-05-31,21,16,0
K312,TOKYO_DC,2022-06-30,13,15,0
K312,TOKYO_DC,2022-07-31,12,15,0
K312,TOKYO_DC,2022-08-31,9,15,0
K312,TOKYO_DC,2022-09-30,23,17,0
K312,TOKYO_DC,2022-10-31,11,16,0
K312,TOKYO_DC,2022-11-30,35,15,0
K312,TOKYO_DC,2022-12-31,21,14,0
K312,TOKYO_DC,2023-01-31,15,16,0
K312,TOKYO_DC,2023-02-28,20,16,0
K312,TOKYO_DC,2023-03-31,16,16,0
K312,TOKYO_DC,2023-04-30,8,13,0
K312,TOKYO_DC,2023-05-31,14,15,0
K312,TOKYO_DC,2023-06-30,24,15,0
K312,TOKYO_DC,2023-07-31,14,16,0
K312,TOKYO_DC,2023-08-31,12,16,0
K312,TOKYO_DC,2023-09-30,9,16,0
K312,TOKYO_DC,2023-10-31,22,16,0
K312,TOKYO_DC,2023-11-30,10,16,0
K312,TOKYO_DC,2023-12-31,14,16,0
K312,TOKYO_DC,2024-01-31,20,16,0
K312,TOKYO_DC,2024-02-29,22,17,0
K312,TOKYO_DC,2024-03-31,16,16,0
K312,TOKYO_DC,2024-04-30,15,17,0
K312,TOKYO_DC,2024-05-31,7,15,0
K312,TOKYO_DC,2024-06-30,17,15,0
K312,TOKYO_DC,2024-07-31,15,14,0
K312,TOKYO_DC,2024-08-31,16,14,0
K312,TOKYO_DC,2024-09-30,21,12,0
K312,TOKYO_DC,2024-10-31,0,12,1
K312,TOKYO_DC,2024-11-30,17,13,0
K312,TOKYO_DC,2024-12-31,17,13,0
K312,TOKYO_DC,2025-01-31,10,12,0
K312,TOKYO_DC,2025-02-28,8,11,0
K312,TOKYO_DC,2025-03-31,8,11,0
K312,TOKYO_DC,2025-04-30,11,12,0
K312,TOKYO_DC,2025-05-31,18,13,0
K312,TOKYO_DC,2025-06-30,9,13,0
K312,TOKYO_DC,2025-07-31,19,13,0
K312,TOKYO_DC,2025-08-31,1,12,0
K312,TOKYO_DC,2025-09-30,12,14,0
K312,TOKYO_DC,2025-10-31,20,14,0
K312,TOKYO_DC,2025-11-30,6,14,0
K312,TOKYO_DC,2025-12-31,16,14,0
K312,TOKYO_DC,2026-01-31,15,15,0
K312,TOKYO_DC,2026-02-28,18,15,0
K312,TOKYO_DC,2026-03-31,4,15,0
K312,TOKYO_DC,2026-04-30,15,15,0
K312,TOKYO_DC,2026-05-31,17,14,0
K312,TOKYO_DC,2026-06-30,0,14,1
K312,TOKYO_DC,2026-07-31,25,14,0
K312,TOKYO_DC,2026-08-31,9,14,0
K312,OSAKA_DC,2020-01-31,9,7,0
K312,OSAKA_DC,2020-02-29,6,12,0
K312,OSAKA_DC,2020-03-31,13,13,0
K312,OSAKA_DC,2020-04-30,8,11,0
K312,OSAKA_DC,2020-05-31,0,15,1
K312,OSAKA_DC,2020-06-30,0,13,1
K312,OSAKA_DC,2020-07-31,10,12,0
K312,OSAKA_DC,2020-08-31,10,11,0
K312,OSAKA_DC,2020-09-30,7,10,0
K312,OSAKA_DC,2020-10-31,11,10,0
K312,OSAKA_DC,2020-11-30,8,11,0
K312,OSAKA_DC,2020-12-31,17,11,0
K312,OSAKA_DC,2021-01-31,15,11,0
K312,OSAKA_DC,2021-02-28,9,10,0
K312,OSAKA_DC,2021-03-31,9,11,0
K312,OSAKA_DC,2021-04-30,14,12,0
K312,OSAKA_DC,2021-05-31,11,10,0
K312,OSAKA_DC,2021-06-30,19,12,0
K312,OSAKA_DC,2021-07-31,13,12,0
K312,OSAKA_DC,2021-08-31,18,13,0
K312,OSAKA_DC,2021-09-30,16,12,0
K312,OSAKA_DC,2021-10-31,17,13,0
K312,OSAKA_DC,2021-11-30,10,12,0
K312,OSAKA_DC,2021-12-31,18,12,0
K312,OSAKA_DC,2022-01-31,17,12,0
K312,OSAKA_DC,2022-02-28,6,12,0
K312,OSAKA_DC,2022-03-31,8,11,0
K312,OSAKA_DC,2022-04-30,8,11,0
K312,OSAKA_DC,2022-05-31,11,11,0
K312,OSAKA_DC,2022-06-30,11,10,0
K312,OSAKA_DC,2022-07-31,7,10,0
K312,OSAKA_DC,2022-08-31,8,10,0
K312,OSAKA_DC,2022-09-30,15,11,0
K312,OSAKA_DC,2022-10-31,10,10,0
K312,OSAKA_DC,2022-11-30,5,10,0
K312,OSAKA_DC,2022-12-31,10,10,0
K312,OSAKA_DC,2023-01-31,8,11,0
K312,OSAKA_DC,2023-02-28,14,11,0
K312,OSAKA_DC,2023-03-31,8,11,0
K312,OSAKA_DC,2023-04-30,0,9,1
K312,OSAKA_DC,2023-05-31,13,10,0
K312,OSAKA_DC,2023-06-30,6,10,0
K312,OSAKA_DC,2023-07-31,12,10,0
K312,OSAKA_DC,2023-08-31,15,11,0
K312,OSAKA_DC,2023-09-30,0,11,1
K312,OSAKA_DC,2023-10-31,14,10,0
K312,OSAKA_DC,2023-11-30,9,11,0
K312,OSAKA_DC,2023-12-31,9,11,0
K312,OSAKA_DC,2024-01-31,12,11,0
K312,OSAKA_DC,2024-02-29,7,11,0
K312,OSAKA_DC,2024-03-31,0,11,1
K312,OSAKA_DC,2024-04-30,12,11,0
K312,OSAKA_DC,2024-05-31,0,10,1
K312,OSAKA_DC,2024-06-30,10,10,0
K312,OSAKA_DC,2024-07-31,13,9,0
K312,OSAKA_DC,2024-08-31,4,9,0
K312,OSAKA_DC,2024-09-30,5,8,0
K312,OSAKA_DC,2024-10-31,8,8,0
K312,OSAKA_DC,2024-11-30,13,9,0
K312,OSAKA_DC,2024-12-31,15,9,0
K312,OSAKA_DC,2025-01-31,2,8,0
K312,OSAKA_DC,2025-02-28,5,7,0
K312,OSAKA_DC,2025-03-31,2,8,0
K312,OSAKA_DC,2025-04-30,8,8,0
K312,OSAKA_DC,2025-05-31,5,8,0
K312,OSAKA_DC,2025-06-30,16,9,0
K312,OSAKA_DC,2025-07-31,5,9,0
K312,OSAKA_DC,2025-08-31,11,8,0
K312,OSAKA_DC,2025-09-30,12,9,0
K312,OSAKA_DC,2025-10-31,12,10,0
K312,OSAKA_DC,2025-11-30,14,9,0
K312,OSAKA_DC,2025-12-31,13,9,0
K312,OSAKA_DC,2026-01-31,14,10,0
K312,OSAKA_DC,2026-02-28,5,10,0
K312,OSAKA_DC,2026-03-31,11,10,0
K312,OSAKA_DC,2026-04-30,10,10,0
K312,OSAKA_DC,2026-05-31,10,9,0
K312,OSAKA_DC,2026-06-30,6,9,0
K312,OSAKA_DC,2026-07-31,18,10,0
K312,OSAKA_DC,2026-08-31,4,10,0
K312,OVERSEAS_HUB,2020-01-31,7,8,0
K312,OVERSEAS_HUB,2020-02-29,5,4,0
K312,OVERSEAS_HUB,2020-03-31,5,3,0
K312,OVERSEAS_HUB,2020-04-30,3,3,0
K312,OVERSEAS_HUB,2020-05-31,4,3,0
K312,OVERSEAS_HUB,2020-06-30,1,3,0
K312,OVERSEAS_HUB,2020-07-31,1,4,0
K312,OVERSEAS_HUB,2020-08-31,0,6,1
K312,OVERSEAS_HUB,2020-09-30,5,6,0
K312,OVERSEAS_HUB,2020-10-31,0,6,1
K312,OVERSEAS_HUB,2020-11-30,6,6,0
K312,OVERSEAS_HUB,2020-12-31,9,6,0
K312,OVERSEAS_HUB,2021-01-31,7,6,0
K312,OVERSEAS_HUB,2021-02-28,4,6,0
K312,OVERSEAS_HUB,2021-03-31,0,6,1
K312,OVERSEAS_HUB,2021-04-30,4,5,0
K312,OVERSEAS_HUB,2021-05-31,3,5,0
K312,OVERSEAS_HUB,2021-06-30,10,5,0
K312,OVERSEAS_HUB,2021-07-31,0,5,1
K312,OVERSEAS_HUB,2021-08-31,4,4,0
K312,OVERSEAS_HUB,2021-09-30,9,7,0
K312,OVERSEAS_HUB,2021-10-31,5,6,0
K312,OVERSEAS_HUB,2021-11-30,10,7,0
K312,OVERSEAS_HUB,2021-12-31,15,6,0
K312,OVERSEAS_HUB,2022-01-31,5,6,0
K312,OVERSEAS_HUB,2022-02-28,9,6,0
K312,OVERSEAS_HUB,2022-03-31,4,6,0
K312,OVERSEAS_HUB,2022-04-30,4,6,0
K312,OVERSEAS_HUB,2022-05-31,6,7,0
K312,OVERSEAS_HUB,2022-06-30,5,7,0
K312,OVERSEAS_HUB,2022-07-31,4,6,0
K312,OVERSEAS_HUB,2022-08-31,5,6,0
K312,OVERSEAS_HUB,2022-09-30,3,3,0
K312,OVERSEAS_HUB,2022-10-31,4,4,0
K312,OVERSEAS_HUB,2022-11-30,0,4,1
K312,OVERSEAS_HUB,2022-12-31,11,7,0
K312,OVERSEAS_HUB,2023-01-31,0,7,1
K312,OVERSEAS_HUB,2023-02-28,10,7,0
K312,OVERSEAS_HUB,2023-03-31,11,7,0
K312,OVERSEAS_HUB,2023-04-30,17,10,0
K312,OVERSEAS_HUB,2023-05-31,14,9,0
K312,OVERSEAS_HUB,2023-06-30,19,10,0
K312,OVERSEAS_HUB,2023-07-31,10,10,0
K312,OVERSEAS_HUB,2023-08-31,10,9,0
K312,OVERSEAS_HUB,2023-09-30,10,9,0
K312,OVERSEAS_HUB,2023-10-31,8,9,0
K312,OVERSEAS_HUB,2023-11-30,11,9,0
K312,OVERSEAS_HUB,2023-12-31,12,6,0
K312,OVERSEAS_HUB,2024-01-31,6,6,0
K312,OVERSEAS_HUB,2024-02-29,1,5,0
K312,OVERSEAS_HUB,2024-03-31,4,6,0
K312,OVERSEAS_HUB,2024-04-30,7,4,0
K312,OVERSEAS_HUB,2024-05-31,3,4,0
K312,OVERSEAS_HUB,2024-06-30,7,4,0
K312,OVERSEAS_HUB,2024-07-31,3,4,0
K312,OVERSEAS_HUB,2024-08-31,5,4,0
K312,OVERSEAS_HUB,2024-09-30,4,5,0
K312,OVERSEAS_HUB,2024-10-31,6,6,0
K312,OVERSEAS_HUB,2024-11-30,4,6,0
K312,OVERSEAS_HUB,2024-12-31,5,6,0
K312,OVERSEAS_HUB,2025-01-31,3,7,0
K312,OVERSEAS_HUB,2025-02-28,10,7,0
K312,OVERSEAS_HUB,2025-03-31,8,6,0
K312,OVERSEAS_HUB,2025-04-30,7,7,0
K312,OVERSEAS_HUB,2025-05-31,4,6,0
K312,OVERSEAS_HUB,2025-06-30,4,6,0
K312,OVERSEAS_HUB,2025-07-31,9,7,0
K312,OVERSEAS_HUB,2025-08-31,10,10,0
K312,OVERSEAS_HUB,2025-09-30,8,9,0
K312,OVERSEAS_HUB,2025-10-31,0,9,1
K312,OVERSEAS_HUB,2025-11-30,1,9,0
K312,OVERSEAS_HUB,2025-12-31,6,9,0
K312,OVERSEAS_HUB,2026-01-31,8,10,0
K312,OVERSEAS_HUB,2026-02-28,8,11,0
K312,OVERSEAS_HUB,2026-03-31,8,11,0
K312,OVERSEAS_HUB,2026-04-30,6,10,0
K312,OVERSEAS_HUB,2026-05-31,8,13,0
K312,OVERSEAS_HUB,2026-06-30,19,13,0
K312,OVERSEAS_HUB,2026-07-31,10,12,0
K312,OVERSEAS_HUB,2026-08-31,8,9,0
K350A,TOKYO_DC,2020-01-31,7,8,0
K350A,TOKYO_DC,2020-02-29,11,9,0
K350A,TOKYO_DC,2020-03-31,12,8,0
K350A,TOKYO_DC,2020-04-30,0,8,1
K350A,TOKYO_DC,2020-05-31,0,8,1
K350A,TOKYO_DC,2020-06-30,5,8,0
K350A,TOKYO_DC,2020-07-31,9,8,0
K350A,TOKYO_DC,2020-08-31,7,8,0
K350A,TOKYO_DC,2020-09-30,6,8,0
K350A,TOKYO_DC,2020-10-31,10,7,0
K350A,TOKYO_DC,2020-11-30,5,7,0
K350A,TOKYO_DC,2020-12-31,9,8,0
K350A,TOKYO_DC,2021-01-31,3,7,0
K350A,TOKYO_DC,2021-02-28,10,7,0
K350A,TOKYO_DC,2021-03-31,0,8,1
K350A,TOKYO_DC,2021-04-30,10,7,0
K350A,TOKYO_DC,2021-05-31,9,7,0
K350A,TOKYO_DC,2021-06-30,10,7,0
K350A,TOKYO_DC,2021-07-31,3,7,0
K350A,TOKYO_DC,2021-08-31,11,7,0
K350A,TOKYO_DC,2021-09-30,3,7,0
K350A,TOKYO_DC,2021-10-31,6,7,0
K350A,TOKYO_DC,2021-11-30,14,8,0
K350A,TOKYO_DC,2021-12-31,9,8,0
K350A,TOKYO_DC,2022-01-31,6,8,0
K350A,TOKYO_DC,2022-02-28,9,8,0
K350A,TOKYO_DC,2022-03-31,1,8,0
K350A,TOKYO_DC,2022-04-30,7,8,0
K350A,TOKYO_DC,2022-05-31,6,8,0
K350A,TOKYO_DC,2022-06-30,4,8,0
K350A,TOKYO_DC,2022-07-31,10,8,0
K350A,TOKYO_DC,2022-08-31,6,8,0
K350A,TOKYO_DC,2022-09-30,11,8,0
K350A,TOKYO_DC,2022-10-31,4,8,0
K350A,TOKYO_DC,2022-11-30,10,8,0
K350A,TOKYO_DC,2022-12-31,10,8,0
K350A,TOKYO_DC,2023-01-31,14,8,0
K350A,TOKYO_DC,2023-02-28,7,8,0
K350A,TOKYO_DC,2023-03-31,8,8,0
K350A,TOKYO_DC,2023-04-30,5,8,0
K350A,TOKYO_DC,2023-05-31,8,8,0
K350A,TOKYO_DC,2023-06-30,8,8,0
K350A,TOKYO_DC,2023-07-31,8,9,0
K350A,TOKYO_DC,2023-08-31,0,9,1
K350A,TOKYO_DC,2023-09-30,12,9,0
K350A,TOKYO_DC,2023-10-31,12,9,0
K350A,TOKYO_DC,2023-11-30,12,9,0
K350A,TOKYO_DC,2023-12-31,5,9,0
K350A,TOKYO_DC,2024-01-31,12,8,0
K350A,TOKYO_DC,2024-02-29,7,8,0
K350A,TOKYO_DC,2024-03-31,8,8,0
K350A,TOKYO_DC,2024-04-30,4,8,0
K350A,TOKYO_DC,2024-05-31,5,8,0
K350A,TOKYO_DC,2024-06-30,0,9,1
K350A,TOKYO_DC,2024-07-31,3,9,0
K350A,TOKYO_DC,2024-08-31,7,8,0
K350A,TOKYO_DC,2024-09-30,9,9,0
K350A,TOKYO_DC,2024-10-31,6,8,0
K350A,TOKYO_DC,2024-11-30,9,9,0
K350A,TOKYO_DC,2024-12-31,12,9,0
K350A,TOKYO_DC,2025-01-31,7,9,0
K350A,TOKYO_DC,2025-02-28,7,9,0
K350A,TOKYO_DC,2025-03-31,8,9,0
K350A,TOKYO_DC,2025-04-30,4,9,0
K350A,TOKYO_DC,2025-05-31,6,9,0
K350A,TOKYO_DC,2025-06-30,7,8,0
K350A,TOKYO_DC,2025-07-31,16,9,0
K350A,TOKYO_DC,2025-08-31,11,9,0
K350A,TOKYO_DC,2025-09-30,4,9,0
K350A,TOKYO_DC,2025-10-31,13,9,0
K350A,TOKYO_DC,2025-11-30,9,9,0
K350A,TOKYO_DC,2025-12-31,8,9,0
K350A,TOKYO_DC,2026-01-31,11,9,0
K350A,TOKYO_DC,2026-02-28,11,9,0
K350A,TOKYO_DC,2026-03-31,12,9,0
K350A,TOKYO_DC,2026-04-30,10,9,0
K350A,TOKYO_DC,2026-05-31,9,9,0
K350A,TOKYO_DC,2026-06-30,18,9,0
K350A,TOKYO_DC,2026-07-31,18,9,0
K350A,TOKYO_DC,2026-08-31,13,9,0
K350A,OSAKA_DC,2020-01-31,4,5,0
K350A,OSAKA_DC,2020-02-29,5,6,0
K350A,OSAKA_DC,2020-03-31,8,6,0
K350A,OSAKA_DC,2020-04-30,11,6,0
K350A,OSAKA_DC,2020-05-31,11,5,0
K350A,OSAKA_DC,2020-06-30,8,6,0
K350A,OSAKA_DC,2020-07-31,2,5,0
K350A,OSAKA_DC,2020-08-31,6,5,0
K350A,OSAKA_DC,2020-09-30,4,5,0
K350A,OSAKA_DC,2020-10-31,4,5,0
K350A,OSAKA_DC,2020-11-30,2,5,0
K350A,OSAKA_DC,2020-12-31,7,5,0
K350A,OSAKA_DC,2021-01-31,4,5,0
K350A,OSAKA_DC,2021-02-28,7,5,0
K350A,OSAKA_DC,2021-03-31,9,5,0
K350A,OSAKA_DC,2021-04-30,2,5,0
K350A,OSAKA_DC,2021-05-31,7,5,0
K350A,OSAKA_DC,2021-06-30,4,5,0
K350A,OSAKA_DC,2021-07-31,8,5,0
K350A,OSAKA_DC,2021-08-31,2,5,0
K350A,OSAKA_DC,2021-09-30,6,5,0
K350A,OSAKA_DC,2021-10-31,5,5,0
K350A,OSAKA_DC,2021-11-30,7,5,0
K350A,OSAKA_DC,2021-12-31,5,5,0
K350A,OSAKA_DC,2022-01-31,7,5,0
K350A,OSAKA_DC,2022-02-28,7,5,0
K350A,OSAKA_DC,2022-03-31,10,5,0
K350A,OSAKA_DC,2022-04-30,8,5,0
K350A,OSAKA_DC,2022-05-31,6,5,0
K350A,OSAKA_DC,2022-06-30,3,5,0
K350A,OSAKA_DC,2022-07-31,2,5,0
K350A,OSAKA_DC,2022-08-31,7,5,0
K350A,OSAKA_DC,2022-09-30,3,5,0
K350A,OSAKA_DC,2022-10-31,0,5,1
K350A,OSAKA_DC,2022-11-30,2,5,0
K350A,OSAKA_DC,2022-12-31,0,5,1
K350A,OSAKA_DC,2023-01-31,3,5,0
K350A,OSAKA_DC,2023-02-28,5,5,0
K350A,OSAKA_DC,2023-03-31,5,5,0
K350A,OSAKA_DC,2023-04-30,5,6,0
K350A,OSAKA_DC,2023-05-31,5,5,0
K350A,OSAKA_DC,2023-06-30,8,6,0
K350A,OSAKA_DC,2023-07-31,4,6,0
K350A,OSAKA_DC,2023-08-31,3,6,0
K350A,OSAKA_DC,2023-09-30,5,6,0
K350A,OSAKA_DC,2023-10-31,11,6,0
K350A,OSAKA_DC,2023-11-30,4,6,0
K350A,OSAKA_DC,2023-12-31,2,6,0
K350A,OSAKA_DC,2024-01-31,6,5,0
K350A,OSAKA_DC,2024-02-29,6,5,0
K350A,OSAKA_DC,2024-03-31,6,5,0
K350A,OSAKA_DC,2024-04-30,4,5,0
K350A,OSAKA_DC,2024-05-31,4,5,0
K350A,OSAKA_DC,2024-06-30,4,6,0
K350A,OSAKA_DC,2024-07-31,2,6,0
K350A,OSAKA_DC,2024-08-31,4,6,0
K350A,OSAKA_DC,2024-09-30,5,6,0
K350A,OSAKA_DC,2024-10-31,8,6,0
K350A,OSAKA_DC,2024-11-30,2,6,0
K350A,OSAKA_DC,2024-12-31,5,6,0
K350A,OSAKA_DC,2025-01-31,3,6,0
K350A,OSAKA_DC,2025-02-28,6,6,0
K350A,OSAKA_DC,2025-03-31,6,6,0
K350A,OSAKA_DC,2025-04-30,3,6,0
K350A,OSAKA_DC,2025-05-31,4,6,0
K350A,OSAKA_DC,2025-06-30,4,5,0
K350A,OSAKA_DC,2025-07-31,4,6,0
K350A,OSAKA_DC,2025-08-31,6,6,0
K350A,OSAKA_DC,2025-09-30,0,6,1
K350A,OSAKA_DC,2025-10-31,6,6,0
K350A,OSAKA_DC,2025-11-30,4,6,0
K350A,OSAKA_DC,2025-12-31,10,6,0
K350A,OSAKA_DC,2026-01-31,8,6,0
K350A,OSAKA_DC,2026-02-28,10,6,0
K350A,OSAKA_DC,2026-03-31,11,6,0
K350A,OSAKA_DC,2026-04-30,7,6,0
K350A,OSAKA_DC,2026-05-31,7,6,0
K350A,OSAKA_DC,2026-06-30,10,6,0
K350A,OSAKA_DC,2026-07-31,12,6,0
K350A,OSAKA_DC,2026-08-31,6,6,0
K350B,TOKYO_DC,2020-01-31,1,1,0
K350B,TOKYO_DC,2020-02-29,1,1,0
K350B,TOKYO_DC,2020-03-31,1,1,0
K350B,TOKYO_DC,2020-04-30,2,1,0
K350B,TOKYO_DC,2020-05-31,1,1,0
K350B,TOKYO_DC,2020-06-30,0,1,1
K350B,TOKYO_DC,2020-07-31,1,1,0
K350B,TOKYO_DC,2020-08-31,1,1,0
K350B,TOKYO_DC,2020-09-30,1,1,0
K350B,TOKYO_DC,2020-10-31,1,1,0
K350B,TOKYO_DC,2020-11-30,0,1,1
K350B,TOKYO_DC,2020-12-31,2,2,0
K350B,TOKYO_DC,2021-01-31,3,2,0
K350B,TOKYO_DC,2021-02-28,2,2,0
K350B,TOKYO_DC,2021-03-31,2,2,0
K350B,TOKYO_DC,2021-04-30,1,2,0
K350B,TOKYO_DC,2021-05-31,2,2,0
K350B,TOKYO_DC,2021-06-30,2,2,0
K350B,TOKYO_DC,2021-07-31,2,2,0
K350B,TOKYO_DC,2021-08-31,2,2,0
K350B,TOKYO_DC,2021-09-30,1,2,0
K350B,TOKYO_DC,2021-10-31,1,2,0
K350B,TOKYO_DC,2021-11-30,1,2,0
K350B,TOKYO_DC,2021-12-31,3,2,0
K350B,TOKYO_DC,2022-01-31,1,2,0
K350B,TOKYO_DC,2022-02-28,3,2,0
K350B,TOKYO_DC,2022-03-31,1,2,0
K350B,TOKYO_DC,2022-04-30,2,2,0
K350B,TOKYO_DC,2022-05-31,3,2,0
K350B,TOKYO_DC,2022-06-30,2,2,0
K350B,TOKYO_DC,2022-07-31,3,2,0
K350B,TOKYO_DC,2022-08-31,1,2,0
K350B,TOKYO_DC,2022-09-30,2,2,0
K350B,TOKYO_DC,2022-10-31,4,2,0
K350B,TOKYO_DC,2022-11-30,2,2,0
K350B,TOKYO_DC,2022-12-31,1,2,0
K350B,TOKYO_DC,2023-01-31,1,2,0
K350B,TOKYO_DC,2023-02-28,1,2,0
K350B,TOKYO_DC,2023-03-31,2,2,0
K350B,TOKYO_DC,2023-04-30,2,2,0
K350B,TOKYO_DC,2023-05-31,1,2,0
K350B,TOKYO_DC,2023-06-30,2,2,0
K350B,TOKYO_DC,2023-07-31,3,2,0
K350B,TOKYO_DC,2023-08-31,2,2,0
K350B,TOKYO_DC,2023-09-30,0,3,1
K350B,TOKYO_DC,2023-10-31,2,2,0
K350B,TOKYO_DC,2023-11-30,1,2,0
K350B,TOKYO_DC,2023-12-31,2,2,0
K350B,TOKYO_DC,2024-01-31,1,2,0
K350B,TOKYO_DC,2024-02-29,0,2,1
K350B,TOKYO_DC,2024-03-31,1,2,0
K350B,TOKYO_DC,2024-04-30,2,2,0
K350B,TOKYO_DC,2024-05-31,4,3,0
K350B,TOKYO_DC,2024-06-30,4,3,0
K350B,TOKYO_DC,2024-07-31,6,3,0
K350B,TOKYO_DC,2024-08-31,1,3,0
K350B,TOKYO_DC,2024-09-30,2,3,0
K350B,TOKYO_DC,2024-10-31,2,3,0
K350B,TOKYO_DC,2024-11-30,4,3,0
K350B,TOKYO_DC,2024-12-31,1,3,0
K350B,TOKYO_DC,2025-01-31,0,3,1
K350B,TOKYO_DC,2025-02-28,0,3,1
K350B,TOKYO_DC,2025-03-31,3,3,0
K350B,TOKYO_DC,2025-04-30,1,2,0
K350B,TOKYO_DC,2025-05-31,2,2,0
K350B,TOKYO_DC,2025-06-30,4,2,0
K350B,TOKYO_DC,2025-07-31,1,2,0
K350B,TOKYO_DC,2025-08-31,2,2,0
K350B,TOKYO_DC,2025-09-30,2,2,0
K350B,TOKYO_DC,2025-10-31,2,2,0
K350B,TOKYO_DC,2025-11-30,2,2,0
K350B,TOKYO_DC,2025-12-31,2,2,0
K350B,TOKYO_DC,2026-01-31,1,2,0
K350B,TOKYO_DC,2026-02-28,3,2,0
K350B,TOKYO_DC,2026-03-31,3,2,0
K350B,TOKYO_DC,2026-04-30,2,2,0
K350B,TOKYO_DC,2026-05-31,2,2,0
K350B,TOKYO_DC,2026-06-30,3,2,0
K350B,TOKYO_DC,2026-07-31,3,2,0
K350B,TOKYO_DC,2026-08-31,3,2,0
K350B,OSAKA_DC,2020-01-31,1,1,0
K350B,OSAKA_DC,2020-02-29,1,1,0
K350B,OSAKA_DC,2020-03-31,1,1,0
K350B,OSAKA_DC,2020-04-30,0,1,1
K350B,OSAKA_DC,2020-05-31,2,1,0
K350B,OSAKA_DC,2020-06-30,1,1,0
K350B,OSAKA_DC,2020-07-31,1,1,0
K350B,OSAKA_DC,2020-08-31,1,1,0
K350B,OSAKA_DC,2020-09-30,1,1,0
K350B,OSAKA_DC,2020-10-31,0,1,1
K350B,OSAKA_DC,2020-11-30,0,1,1
K350B,OSAKA_DC,2020-12-31,1,1,0
K350B,OSAKA_DC,2021-01-31,0,1,1
K350B,OSAKA_DC,2021-02-28,1,1,0
K350B,OSAKA_DC,2021-03-31,1,1,0
K350B,OSAKA_DC,2021-04-30,1,1,0
K350B,OSAKA_DC,2021-05-31,1,1,0
K350B,OSAKA_DC,2021-06-30,1,1,0
K350B,OSAKA_DC,2021-07-31,0,1,1
K350B,OSAKA_DC,2021-08-31,0,1,1
K350B,OSAKA_DC,2021-09-30,2,1,0
K350B,OSAKA_DC,2021-10-31,1,1,0
K350B,OSAKA_DC,2021-11-30,0,1,1
K350B,OSAKA_DC,2021-12-31,1,1,0
K350B,OSAKA_DC,2022-01-31,1,1,0
K350B,OSAKA_DC,2022-02-28,1,1,0
K350B,OSAKA_DC,2022-03-31,1,1,0
K350B,OSAKA_DC,2022-04-30,1,1,0
K350B,OSAKA_DC,2022-05-31,1,1,0
K350B,OSAKA_DC,2022-06-30,1,1,0
K350B,OSAKA_DC,2022-07-31,1,1,0
K350B,OSAKA_DC,2022-08-31,1,1,0
K350B,OSAKA_DC,2022-09-30,2,1,0
K350B,OSAKA_DC,2022-10-31,0,1,1
K350B,OSAKA_DC,2022-11-30,2,1,0
K350B,OSAKA_DC,2022-12-31,2,1,0
K350B,OSAKA_DC,2023-01-31,2,1,0
K350B,OSAKA_DC,2023-02-28,1,2,0
K350B,OSAKA_DC,2023-03-31,2,2,0
K350B,OSAKA_DC,2023-04-30,2,2,0
K350B,OSAKA_DC,2023-05-31,2,2,0
K350B,OSAKA_DC,2023-06-30,0,2,1
K350B,OSAKA_DC,2023-07-31,2,2,0
K350B,OSAKA_DC,2023-08-31,2,2,0
K350B,OSAKA_DC,2023-09-30,1,2,0
K350B,OSAKA_DC,2023-10-31,2,2,0
K350B,OSAKA_DC,2023-11-30,3,2,0
K350B,OSAKA_DC,2023-12-31,1,2,0
K350B,OSAKA_DC,2024-01-31,2,2,0
K350B,OSAKA_DC,2024-02-29,0,2,1
K350B,OSAKA_DC,2024-03-31,1,1,0
K350B,OSAKA_DC,2024-04-30,3,2,0
K350B,OSAKA_DC,2024-05-31,3,2,0
K350B,OSAKA_DC,2024-06-30,2,2,0
K350B,OSAKA_DC,2024-07-31,1,2,0
K350B,OSAKA_DC,2024-08-31,1,2,0
K350B,OSAKA_DC,2024-09-30,1,2,0
K350B,OSAKA_DC,2024-10-31,2,2,0
K350B,OSAKA_DC,2024-11-30,1,2,0
K350B,OSAKA_DC,2024-12-31,2,2,0
K350B,OSAKA_DC,2025-01-31,3,2,0
K350B,OSAKA_DC,2025-02-28,2,2,0
K350B,OSAKA_DC,2025-03-31,1,2,0
K350B,OSAKA_DC,2025-04-30,2,2,0
K350B,OSAKA_DC,2025-05-31,1,1,0
K350B,OSAKA_DC,2025-06-30,1,1,0
K350B,OSAKA_DC,2025-07-31,1,1,0
K350B,OSAKA_DC,2025-08-31,2,1,0
K350B,OSAKA_DC,2025-09-30,1,1,0
K350B,OSAKA_DC,2025-10-31,1,1,0
K350B,OSAKA_DC,2025-11-30,1,1,0
K350B,OSAKA_DC,2025-12-31,1,1,0
K350B,OSAKA_DC,2026-01-31,0,1,1
K350B,OSAKA_DC,2026-02-28,1,1,0
K350B,OSAKA_DC,2026-03-31,1,1,0
K350B,OSAKA_DC,2026-04-30,1,1,0
K350B,OSAKA_DC,2026-05-31,1,1,0
K350B,OSAKA_DC,2026-06-30,0,1,1
K350B,OSAKA_DC,2026-07-31,1,1,0
K350B,OSAKA_DC,2026-08-31,1,1,0
K350C,TOKYO_DC,2020-01-31,3,10,0
K350C,TOKYO_DC,2020-02-29,3,8,0
K350C,TOKYO_DC,2020-03-31,10,8,0
K350C,TOKYO_DC,2020-04-30,6,8,0
K350C,TOKYO_DC,2020-05-31,21,9,0
K350C,TOKYO_DC,2020-06-30,15,9,0
K350C,TOKYO_DC,2020-07-31,4,9,0
K350C,TOKYO_DC,2020-08-31,11,9,0
K350C,TOKYO_DC,2020-09-30,12,8,0
K350C,TOKYO_DC,2020-10-31,4,8,0
K350C,TOKYO_DC,2020-11-30,6,8,0
K350C,TOKYO_DC,2020-12-31,6,9,0
K350C,TOKYO_DC,2021-01-31,8,9,0
K350C,TOKYO_DC,2021-02-28,11,10,0
K350C,TOKYO_DC,2021-03-31,16,9,0
K350C,TOKYO_DC,2021-04-30,8,9,0
K350C,TOKYO_DC,2021-05-31,5,9,0
K350C,TOKYO_DC,2021-06-30,7,8,0
K350C,TOKYO_DC,2021-07-31,8,8,0
K350C,TOKYO_DC,2021-08-31,10,9,0
K350C,TOKYO_DC,2021-09-30,9,10,0
K350C,TOKYO_DC,2021-10-31,6,10,0
K350C,TOKYO_DC,2021-11-30,8,10,0
K350C,TOKYO_DC,2021-12-31,7,10,0
K350C,TOKYO_DC,2022-01-31,2,10,0
K350C,TOKYO_DC,2022-02-28,8,10,0
K350C,TOKYO_DC,2022-03-31,13,11,0
K350C,TOKYO_DC,2022-04-30,14,11,0
K350C,TOKYO_DC,2022-05-31,14,12,0
K350C,TOKYO_DC,2022-06-30,22,12,0
K350C,TOKYO_DC,2022-07-31,18,13,0
K350C,TOKYO_DC,2022-08-31,13,12,0
K350C,TOKYO_DC,2022-09-30,10,11,0
K350C,TOKYO_DC,2022-10-31,3,12,0
K350C,TOKYO_DC,2022-11-30,4,12,0
K350C,TOKYO_DC,2022-12-31,12,13,0
K350C,TOKYO_DC,2023-01-31,13,13,0
K350C,TOKYO_DC,2023-02-28,16,13,0
K350C,TOKYO_DC,2023-03-31,25,12,0
K350C,TOKYO_DC,2023-04-30,21,12,0
K350C,TOKYO_DC,2023-05-31,6,13,0
K350C,TOKYO_DC,2023-06-30,13,13,0
K350C,TOKYO_DC,2023-07-31,16,13,0
K350C,TOKYO_DC,2023-08-31,1,12,0
K350C,TOKYO_DC,2023-09-30,12,13,0
K350C,TOKYO_DC,2023-10-31,9,13,0
K350C,TOKYO_DC,2023-11-30,23,13,0
K350C,TOKYO_DC,2023-12-31,10,11,0
K350C,TOKYO_DC,2024-01-31,0,11,1
K350C,TOKYO_DC,2024-02-29,15,11,0
K350C,TOKYO_DC,2024-03-31,17,11,0
K350C,TOKYO_DC,2024-04-30,9,11,0
K350C,TOKYO_DC,2024-05-31,6,10,0
K350C,TOKYO_DC,2024-06-30,13,10,0
K350C,TOKYO_DC,2024-07-31,5,9,0
K350C,TOKYO_DC,2024-08-31,2,11,0
K350C,TOKYO_DC,2024-09-30,5,11,0
K350C,TOKYO_DC,2024-10-31,11,11,0
K350C,TOKYO_DC,2024-11-30,11,13,0
K350C,TOKYO_DC,2024-12-31,6,13,0
K350C,TOKYO_DC,2025-01-31,11,13,0
K350C,TOKYO_DC,2025-02-28,14,14,0
K350C,TOKYO_DC,2025-03-31,21,14,0
K350C,TOKYO_DC,2025-04-30,11,14,0
K350C,TOKYO_DC,2025-05-31,15,14,0
K350C,TOKYO_DC,2025-06-30,0,14,1
K350C,TOKYO_DC,2025-07-31,18,14,0
K350C,TOKYO_DC,2025-08-31,11,12,0
K350C,TOKYO_DC,2025-09-30,12,12,0
K350C,TOKYO_DC,2025-10-31,15,12,0
K350C,TOKYO_DC,2025-11-30,22,11,0
K350C,TOKYO_DC,2025-12-31,7,12,0
K350C,TOKYO_DC,2026-01-31,19,12,0
K350C,TOKYO_DC,2026-02-28,5,11,0
K350C,TOKYO_DC,2026-03-31,8,11,0
K350C,TOKYO_DC,2026-04-30,9,11,0
K350C,TOKYO_DC,2026-05-31,8,10,0
K350C,TOKYO_DC,2026-06-30,10,10,0
K350C,TOKYO_DC,2026-07-31,11,10,0
K350C,TOKYO_DC,2026-08-31,11,9,0
K350C,OSAKA_DC,2020-01-31,8,7,0
K350C,OSAKA_DC,2020-02-29,5,5,0
K350C,OSAKA_DC,2020-03-31,7,5,0
K350C,OSAKA_DC,2020-04-30,1,6,0
K350C,OSAKA_DC,2020-05-31,6,6,0
K350C,OSAKA_DC,2020-06-30,0,6,1
K350C,OSAKA_DC,2020-07-31,5,6,0
K350C,OSAKA_DC,2020-08-31,9,6,0
K350C,OSAKA_DC,2020-09-30,8,6,0
K350C,OSAKA_DC,2020-10-31,4,6,0
K350C,OSAKA_DC,2020-11-30,5,5,0
K350C,OSAKA_DC,2020-12-31,0,6,1
K350C,OSAKA_DC,2021-01-31,7,6,0
K350C,OSAKA_DC,2021-02-28,7,6,0
K350C,OSAKA_DC,2021-03-31,10,6,0
K350C,OSAKA_DC,2021-04-30,2,6,0
K350C,OSAKA_DC,2021-05-31,7,6,0
K350C,OSAKA_DC,2021-06-30,10,6,0
K350C,OSAKA_DC,2021-07-31,5,6,0
K350C,OSAKA_DC,2021-08-31,0,6,1
K350C,OSAKA_DC,2021-09-30,7,7,0
K350C,OSAKA_DC,2021-10-31,5,7,0
K350C,OSAKA_DC,2021-11-30,12,7,0
K350C,OSAKA_DC,2021-12-31,5,7,0
K350C,OSAKA_DC,2022-01-31,7,7,0
K350C,OSAKA_DC,2022-02-28,7,7,0
K350C,OSAKA_DC,2022-03-31,6,7,0
K350C,OSAKA_DC,2022-04-30,14,8,0
K350C,OSAKA_DC,2022-05-31,6,8,0
K350C,OSAKA_DC,2022-06-30,12,8,0
K350C,OSAKA_DC,2022-07-31,2,9,0
K350C,OSAKA_DC,2022-08-31,8,8,0
K350C,OSAKA_DC,2022-09-30,9,8,0
K350C,OSAKA_DC,2022-10-31,13,8,0
K350C,OSAKA_DC,2022-11-30,12,8,0
K350C,OSAKA_DC,2022-12-31,0,9,1
K350C,OSAKA_DC,2023-01-31,9,9,0
K350C,OSAKA_DC,2023-02-28,5,8,0
K350C,OSAKA_DC,2023-03-31,11,8,0
K350C,OSAKA_DC,2023-04-30,9,8,0
K350C,OSAKA_DC,2023-05-31,8,9,0
K350C,OSAKA_DC,2023-06-30,2,9,0
K350C,OSAKA_DC,2023-07-31,9,8,0
K350C,OSAKA_DC,2023-08-31,8,8,0
K350C,OSAKA_DC,2023-09-30,8,9,0
K350C,OSAKA_DC,2023-10-31,4,8,0
K350C,OSAKA_DC,2023-11-30,8,8,0
K350C,OSAKA_DC,2023-12-31,11,7,0
K350C,OSAKA_DC,2024-01-31,3,7,0
K350C,OSAKA_DC,2024-02-29,8,7,0
K350C,OSAKA_DC,2024-03-31,10,7,0
K350C,OSAKA_DC,2024-04-30,4,7,0
K350C,OSAKA_DC,2024-05-31,4,7,0
K350C,OSAKA_DC,2024-06-30,8,7,0
K350C,OSAKA_DC,2024-07-31,6,6,0
K350C,OSAKA_DC,2024-08-31,9,8,0
K350C,OSAKA_DC,2024-09-30,10,8,0
K350C,OSAKA_DC,2024-10-31,9,7,0
K350C,OSAKA_DC,2024-11-30,0,8,1
K350C,OSAKA_DC,2024-12-31,10,9,0
K350C,OSAKA_DC,2025-01-31,3,9,0
K350C,OSAKA_DC,2025-02-28,10,9,0
K350C,OSAKA_DC,2025-03-31,14,9,0
K350C,OSAKA_DC,2025-04-30,4,9,0
K350C,OSAKA_DC,2025-05-31,7,9,0
K350C,OSAKA_DC,2025-06-30,12,9,0
K350C,OSAKA_DC,2025-07-31,0,9,1
K350C,OSAKA_DC,2025-08-31,7,8,0
K350C,OSAKA_DC,2025-09-30,10,8,0
K350C,OSAKA_DC,2025-10-31,6,8,0
K350C,OSAKA_DC,2025-11-30,11,8,0
K350C,OSAKA_DC,2025-12-31,14,8,0
K350C,OSAKA_DC,2026-01-31,11,8,0
K350C,OSAKA_DC,2026-02-28,7,8,0
K350C,OSAKA_DC,2026-03-31,14,8,0
K350C,OSAKA_DC,2026-04-30,5,7,0
K350C,OSAKA_DC,2026-05-31,11,7,0
K350C,OSAKA_DC,2026-06-30,0,7,1
K350C,OSAKA_DC,2026-07-31,9,7,0
K350C,OSAKA_DC,2026-08-31,11,6,0
K350D,TOKYO_DC,2020-01-31,7,4,0
K350D,TOKYO_DC,2020-02-29,2,5,0
K350D,TOKYO_DC,2020-03-31,4,5,0
K350D,TOKYO_DC,2020-04-30,11,6,0
K350D,TOKYO_DC,2020-05-31,10,6,0
K350D,TOKYO_DC,2020-06-30,3,7,0
K350D,TOKYO_DC,2020-07-31,11,7,0
K350D,TOKYO_DC,2020-08-31,8,8,0
K350D,TOKYO_DC,2020-09-30,8,8,0
K350D,TOKYO_DC,2020-10-31,4,8,0
K350D,TOKYO_DC,2020-11-30,17,9,0
K350D,TOKYO_DC,2020-12-31,9,8,0
K350D,TOKYO_DC,2021-01-31,18,10,0
K350D,TOKYO_DC,2021-02-28,5,10,0
K350D,TOKYO_DC,2021-03-31,11,10,0
K350D,TOKYO_DC,2021-04-30,10,10,0
K350D,TOKYO_DC,2021-05-31,14,10,0
K350D,TOKYO_DC,2021-06-30,14,10,0
K350D,TOKYO_DC,2021-07-31,18,10,0
K350D,TOKYO_DC,2021-08-31,6,10,0
K350D,TOKYO_DC,2021-09-30,8,10,0
K350D,TOKYO_DC,2021-10-31,21,10,0
K350D,TOKYO_DC,2021-11-30,11,9,0
K350D,TOKYO_DC,2021-12-31,6,9,0
K350D,TOKYO_DC,2022-01-31,4,9,0
K350D,TOKYO_DC,2022-02-28,9,8,0
K350D,TOKYO_DC,2022-03-31,0,8,1
K350D,TOKYO_DC,2022-04-30,6,8,0
K350D,TOKYO_DC,2022-05-31,9,9,0
K350D,TOKYO_DC,2022-06-30,5,9,0
K350D,TOKYO_DC,2022-07-31,10,10,0
K350D,TOKYO_DC,2022-08-31,13,10,0
K350D,TOKYO_DC,2022-09-30,10,10,0
K350D,TOKYO_DC,2022-10-31,16,10,0
K350D,TOKYO_DC,2022-11-30,9,11,0
K350D,TOKYO_DC,2022-12-31,11,11,0
K350D,TOKYO_DC,2023-01-31,7,11,0
K350D,TOKYO_DC,2023-02-28,0,13,1
K350D,TOKYO_DC,2023-03-31,16,15,0
K350D,TOKYO_DC,2023-04-30,19,14,0
K350D,TOKYO_DC,2023-05-31,18,13,0
K350D,TOKYO_DC,2023-06-30,10,12,0
K350D,TOKYO_DC,2023-07-31,10,12,0
K350D,TOKYO_DC,2023-08-31,6,12,0
K350D,TOKYO_DC,2023-09-30,13,12,0
K350D,TOKYO_DC,2023-10-31,6,12,0
K350D,TOKYO_DC,2023-11-30,0,12,1
K350D,TOKYO_DC,2023-12-31,8,14,0
K350D,TOKYO_DC,2024-01-31,16,14,0
K350D,TOKYO_DC,2024-02-29,22,15,0
K350D,TOKYO_DC,2024-03-31,8,13,0
K350D,TOKYO_DC,2024-04-30,7,13,0
K350D,TOKYO_DC,2024-05-31,0,13,1
K350D,TOKYO_DC,2024-06-30,24,15,0
K350D,TOKYO_DC,2024-07-31,8,15,0
K350D,TOKYO_DC,2024-08-31,19,16,0
K350D,TOKYO_DC,2024-09-30,14,15,0
K350D,TOKYO_DC,2024-10-31,17,15,0
K350D,TOKYO_DC,2024-11-30,0,14,1
K350D,TOKYO_DC,2024-12-31,14,12,0
K350D,TOKYO_DC,2025-01-31,10,12,0
K350D,TOKYO_DC,2025-02-28,11,12,0
K350D,TOKYO_DC,2025-03-31,13,11,0
K350D,TOKYO_DC,2025-04-30,18,12,0
K350D,TOKYO_DC,2025-05-31,24,12,0
K350D,TOKYO_DC,2025-06-30,8,9,0
K350D,TOKYO_DC,2025-07-31,12,10,0
K350D,TOKYO_DC,2025-08-31,5,8,0
K350D,TOKYO_DC,2025-09-30,11,9,0
K350D,TOKYO_DC,2025-10-31,7,11,0
K350D,TOKYO_DC,2025-11-30,13,10,0
K350D,TOKYO_DC,2025-12-31,10,10,0
K350D,TOKYO_DC,2026-01-31,3,10,0
K350D,TOKYO_DC,2026-02-28,7,9,0
K350D,TOKYO_DC,2026-03-31,17,9,0
K350D,TOKYO_DC,2026-04-30,9,9,0
K350D,TOKYO_DC,2026-05-31,16,10,0
K350D,TOKYO_DC,2026-06-30,13,10,0
K350D,TOKYO_DC,2026-07-31,25,10,0
K350D,TOKYO_DC,2026-08-31,13,13,0
K350D,OSAKA_DC,2020-01-31,1,2,0
K350D,OSAKA_DC,2020-02-29,4,3,0
K350D,OSAKA_DC,2020-03-31,4,3,0
K350D,OSAKA_DC,2020-04-30,1,4,0
K350D,OSAKA_DC,2020-05-31,7,4,0
K350D,OSAKA_DC,2020-06-30,4,5,0
K350D,OSAKA_DC,2020-07-31,3,5,0
K350D,OSAKA_DC,2020-08-31,3,5,0
K350D,OSAKA_DC,2020-09-30,1,5,0
K350D,OSAKA_DC,2020-10-31,7,6,0
K350D,OSAKA_DC,2020-11-30,9,6,0
K350D,OSAKA_DC,2020-12-31,6,6,0
K350D,OSAKA_DC,2021-01-31,7,6,0
K350D,OSAKA_DC,2021-02-28,8,7,0
K350D,OSAKA_DC,2021-03-31,0,7,1
K350D,OSAKA_DC,2021-04-30,8,7,0
K350D,OSAKA_DC,2021-05-31,11,7,0
K350D,OSAKA_DC,2021-06-30,10,7,0
K350D,OSAKA_DC,2021-07-31,12,7,0
K350D,OSAKA_DC,2021-08-31,7,7,0
K350D,OSAKA_DC,2021-09-30,9,7,0
K350D,OSAKA_DC,2021-10-31,5,7,0
K350D,OSAKA_DC,2021-11-30,8,6,0
K350D,OSAKA_DC,2021-12-31,6,6,0
K350D,OSAKA_DC,2022-01-31,9,6,0
K350D,OSAKA_DC,2022-02-28,6,5,0
K350D,OSAKA_DC,2022-03-31,6,5,0
K350D,OSAKA_DC,2022-04-30,2,6,0
K350D,OSAKA_DC,2022-05-31,8,6,0
K350D,OSAKA_DC,2022-06-30,3,6,0
K350D,OSAKA_DC,2022-07-31,9,7,0
K350D,OSAKA_DC,2022-08-31,10,7,0
K350D,OSAKA_DC,2022-09-30,10,7,0
K350D,OSAKA_DC,2022-10-31,9,6,0
K350D,OSAKA_DC,2022-11-30,6,7,0
K350D,OSAKA_DC,2022-12-31,1,7,0
K350D,OSAKA_DC,2023-01-31,6,7,0
K350D,OSAKA_DC,2023-02-28,10,8,0
K350D,OSAKA_DC,2023-03-31,9,10,0
K350D,OSAKA_DC,2023-04-30,13,9,0
K350D,OSAKA_DC,2023-05-31,5,9,0
K350D,OSAKA_DC,2023-06-30,6,8,0
K350D,OSAKA_DC,2023-07-31,6,8,0
K350D,OSAKA_DC,2023-08-31,8,8,0
K350D,OSAKA_DC,2023-09-30,8,8,0
K350D,OSAKA_DC,2023-10-31,9,8,0
K350D,OSAKA_DC,2023-11-30,9,8,0
K350D,OSAKA_DC,2023-12-31,16,10,0
K350D,OSAKA_DC,2024-01-31,8,10,0
K350D,OSAKA_DC,2024-02-29,17,10,0
K350D,OSAKA_DC,2024-03-31,6,8,0
K350D,OSAKA_DC,2024-04-30,13,9,0
K350D,OSAKA_DC,2024-05-31,11,9,0
K350D,OSAKA_DC,2024-06-30,18,10,0
K350D,OSAKA_DC,2024-07-31,17,10,0
K350D,OSAKA_DC,2024-08-31,13,11,0
K350D,OSAKA_DC,2024-09-30,9,10,0
K350D,OSAKA_DC,2024-10-31,17,10,0
K350D,OSAKA_DC,2024-11-30,10,9,0
K350D,OSAKA_DC,2024-12-31,6,8,0
K350D,OSAKA_DC,2025-01-31,10,8,0
K350D,OSAKA_DC,2025-02-28,8,8,0
K350D,OSAKA_DC,2025-03-31,11,8,0
K350D,OSAKA_DC,2025-04-30,4,8,0
K350D,OSAKA_DC,2025-05-31,7,8,0
K350D,OSAKA_DC,2025-06-30,2,6,0
K350D,OSAKA_DC,2025-07-31,10,6,0
K350D,OSAKA_DC,2025-08-31,6,6,0
K350D,OSAKA_DC,2025-09-30,6,6,0
K350D,OSAKA_DC,2025-10-31,0,7,1
K350D,OSAKA_DC,2025-11-30,0,7,1
K350D,OSAKA_DC,2025-12-31,8,6,0
K350D,OSAKA_DC,2026-01-31,7,7,0
K350D,OSAKA_DC,2026-02-28,3,6,0
K350D,OSAKA_DC,2026-03-31,7,6,0
K350D,OSAKA_DC,2026-04-30,3,6,0
K350D,OSAKA_DC,2026-05-31,5,7,0
K350D,OSAKA_DC,2026-06-30,1,7,0
K350D,OSAKA_DC,2026-07-31,9,7,0
K350D,OSAKA_DC,2026-08-31,2,9,0
K350E,TOKYO_DC,2020-01-31,16,16,0
K350E,TOKYO_DC,2020-02-29,29,17,0
K350E,TOKYO_DC,2020-03-31,31,16,0
K350E,TOKYO_DC,2020-04-30,13,14,0
K350E,TOKYO_DC,2020-05-31,16,14,0
K350E,TOKYO_DC,2020-06-30,12,12,0
K350E,TOKYO_DC,2020-07-31,27,12,0
K350E,TOKYO_DC,2020-08-31,0,10,1
K350E,TOKYO_DC,2020-09-30,9,10,0
K350E,TOKYO_DC,2020-10-31,5,10,0
K350E,TOKYO_DC,2020-11-30,10,10,0
K350E,TOKYO_DC,2020-12-31,13,10,0
K350E,TOKYO_DC,2021-01-31,16,10,0
K350E,TOKYO_DC,2021-02-28,0,9,1
K350E,TOKYO_DC,2021-03-31,10,9,0
K350E,TOKYO_DC,2021-04-30,18,9,0
K350E,TOKYO_DC,2021-05-31,11,9,0
K350E,TOKYO_DC,2021-06-30,9,11,0
K350E,TOKYO_DC,2021-07-31,19,11,0
K350E,TOKYO_DC,2021-08-31,24,12,0
K350E,TOKYO_DC,2021-09-30,9,13,0
K350E,TOKYO_DC,2021-10-31,8,12,0
K350E,TOKYO_DC,2021-11-30,6,13,0
K350E,TOKYO_DC,2021-12-31,18,14,0
K350E,TOKYO_DC,2022-01-31,17,14,0
K350E,TOKYO_DC,2022-02-28,0,14,1
K350E,TOKYO_DC,2022-03-31,4,13,0
K350E,TOKYO_DC,2022-04-30,32,14,0
K350E,TOKYO_DC,2022-05-31,5,13,0
K350E,TOKYO_DC,2022-06-30,11,12,0
K350E,TOKYO_DC,2022-07-31,6,13,0
K350E,TOKYO_DC,2022-08-31,0,13,1
K350E,TOKYO_DC,2022-09-30,7,13,0
K350E,TOKYO_DC,2022-10-31,17,14,0
K350E,TOKYO_DC,2022-11-30,10,14,0
K350E,TOKYO_DC,2022-12-31,16,14,0
K350E,TOKYO_DC,2023-01-31,10,16,0
K350E,TOKYO_DC,2023-02-28,0,17,1
K350E,TOKYO_DC,2023-03-31,24,18,0
K350E,TOKYO_DC,2023-04-30,11,17,0
K350E,TOKYO_DC,2023-05-31,23,17,0
K350E,TOKYO_DC,2023-06-30,6,17,0
K350E,TOKYO_DC,2023-07-31,15,16,0
K350E,TOKYO_DC,2023-08-31,6,16,0
K350E,TOKYO_DC,2023-09-30,23,16,0
K350E,TOKYO_DC,2023-10-31,17,17,0
K350E,TOKYO_DC,2023-11-30,9,16,0
K350E,TOKYO_DC,2023-12-31,6,16,0
K350E,TOKYO_DC,2024-01-31,6,14,0
K350E,TOKYO_DC,2024-02-29,0,13,1
K350E,TOKYO_DC,2024-03-31,0,13,1
K350E,TOKYO_DC,2024-04-30,10,13,0
K350E,TOKYO_DC,2024-05-31,7,13,0
K350E,TOKYO_DC,2024-06-30,0,13,1
K350E,TOKYO_DC,2024-07-31,12,12,0
K350E,TOKYO_DC,2024-08-31,5,12,0
K350E,TOKYO_DC,2024-09-30,26,13,0
K350E,TOKYO_DC,2024-10-31,7,12,0
K350E,TOKYO_DC,2024-11-30,4,12,0
K350E,TOKYO_DC,2024-12-31,2,13,0
K350E,TOKYO_DC,2025-01-31,24,14,0
K350E,TOKYO_DC,2025-02-28,7,15,0
K350E,TOKYO_DC,2025-03-31,23,14,0
K350E,TOKYO_DC,2025-04-30,5,15,0
K350E,TOKYO_DC,2025-05-31,23,16,0
K350E,TOKYO_DC,2025-06-30,26,17,0
K350E,TOKYO_DC,2025-07-31,22,17,0
K350E,TOKYO_DC,2025-08-31,18,18,0
K350E,TOKYO_DC,2025-09-30,10,17,0
K350E,TOKYO_DC,2025-10-31,23,17,0
K350E,TOKYO_DC,2025-11-30,15,16,0
K350E,TOKYO_DC,2025-12-31,0,15,1
K350E,TOKYO_DC,2026-01-31,8,15,0
K350E,TOKYO_DC,2026-02-28,17,15,0
K350E,TOKYO_DC,2026-03-31,10,16,0
K350E,TOKYO_DC,2026-04-30,0,16,1
K350E,TOKYO_DC,2026-05-31,20,14,0
K350E,TOKYO_DC,2026-06-30,18,16,0
K350E,TOKYO_DC,2026-07-31,8,18,0
K350E,TOKYO_DC,2026-08-31,11,18,0
K350E,OSAKA_DC,2020-01-31,9,11,0
K350E,OSAKA_DC,2020-02-29,15,11,0
K350E,OSAKA_DC,2020-03-31,13,10,0
K350E,OSAKA_DC,2020-04-30,11,9,0
K350E,OSAKA_DC,2020-05-31,7,10,0
K350E,OSAKA_DC,2020-06-30,3,8,0
K350E,OSAKA_DC,2020-07-31,13,8,0
K350E,OSAKA_DC,2020-08-31,3,7,0
K350E,OSAKA_DC,2020-09-30,8,7,0
K350E,OSAKA_DC,2020-10-31,9,7,0
K350E,OSAKA_DC,2020-11-30,6,6,0
K350E,OSAKA_DC,2020-12-31,8,7,0
K350E,OSAKA_DC,2021-01-31,7,6,0
K350E,OSAKA_DC,2021-02-28,10,6,0
K350E,OSAKA_DC,2021-03-31,5,6,0
K350E,OSAKA_DC,2021-04-30,6,6,0
K350E,OSAKA_DC,2021-05-31,5,6,0
K350E,OSAKA_DC,2021-06-30,0,7,1
K350E,OSAKA_DC,2021-07-31,0,7,1
K350E,OSAKA_DC,2021-08-31,9,8,0
K350E,OSAKA_DC,2021-09-30,0,9,1
K350E,OSAKA_DC,2021-10-31,9,8,0
K350E,OSAKA_DC,2021-11-30,14,9,0
K350E,OSAKA_DC,2021-12-31,16,9,0
K350E,OSAKA_DC,2022-01-31,7,9,0
K350E,OSAKA_DC,2022-02-28,12,9,0
K350E,OSAKA_DC,2022-03-31,0,9,1
K350E,OSAKA_DC,2022-04-30,13,9,0
K350E,OSAKA_DC,2022-05-31,5,9,0
K350E,OSAKA_DC,2022-06-30,3,8,0
K350E,OSAKA_DC,2022-07-31,9,9,0
K350E,OSAKA_DC,2022-08-31,11,8,0
K350E,OSAKA_DC,2022-09-30,10,8,0
K350E,OSAKA_DC,2022-10-31,7,9,0
K350E,OSAKA_DC,2022-11-30,7,10,0
K350E,OSAKA_DC,2022-12-31,8,9,0
K350E,OSAKA_DC,2023-01-31,7,10,0
K350E,OSAKA_DC,2023-02-28,9,11,0
K350E,OSAKA_DC,2023-03-31,23,12,0
K350E,OSAKA_DC,2023-04-30,13,11,0
K350E,OSAKA_DC,2023-05-31,18,11,0
K350E,OSAKA_DC,2023-06-30,9,12,0
K350E,OSAKA_DC,2023-07-31,6,11,0
K350E,OSAKA_DC,2023-08-31,7,11,0
K350E,OSAKA_DC,2023-09-30,0,10,1
K350E,OSAKA_DC,2023-10-31,0,11,1
K350E,OSAKA_DC,2023-11-30,11,11,0
K350E,OSAKA_DC,2023-12-31,9,11,0
K350E,OSAKA_DC,2024-01-31,7,9,0
K350E,OSAKA_DC,2024-02-29,13,9,0
K350E,OSAKA_DC,2024-03-31,10,9,0
K350E,OSAKA_DC,2024-04-30,0,9,1
K350E,OSAKA_DC,2024-05-31,12,9,0
K350E,OSAKA_DC,2024-06-30,6,9,0
K350E,OSAKA_DC,2024-07-31,2,8,0
K350E,OSAKA_DC,2024-08-31,6,8,0
K350E,OSAKA_DC,2024-09-30,10,9,0
K350E,OSAKA_DC,2024-10-31,0,8,1
K350E,OSAKA_DC,2024-11-30,6,8,0
K350E,OSAKA_DC,2024-12-31,7,9,0
K350E,OSAKA_DC,2025-01-31,8,9,0
K350E,OSAKA_DC,2025-02-28,19,10,0
K350E,OSAKA_DC,2025-03-31,12,9,0
K350E,OSAKA_DC,2025-04-30,9,10,0
K350E,OSAKA_DC,2025-05-31,13,11,0
K350E,OSAKA_DC,2025-06-30,19,11,0
K350E,OSAKA_DC,2025-07-31,16,12,0
K350E,OSAKA_DC,2025-08-31,22,12,0
K350E,OSAKA_DC,2025-09-30,9,11,0
K350E,OSAKA_DC,2025-10-31,9,11,0
K350E,OSAKA_DC,2025-11-30,0,11,1
K350E,OSAKA_DC,2025-12-31,11,10,0
K350E,OSAKA_DC,2026-01-31,8,10,0
K350E,OSAKA_DC,2026-02-28,10,10,0
K350E,OSAKA_DC,2026-03-31,6,11,0
K350E,OSAKA_DC,2026-04-30,15,11,0
K350E,OSAKA_DC,2026-05-31,7,10,0
K350E,OSAKA_DC,2026-06-30,13,10,0
K350E,OSAKA_DC,2026-07-31,9,12,0
K350E,OSAKA_DC,2026-08-31,6,12,0
K350F,TOKYO_DC,2020-01-31,0,0,0
K350F,TOKYO_DC,2020-02-29,0,0,0
K350F,TOKYO_DC,2020-03-31,0,0,0
K350F,TOKYO_DC,2020-04-30,0,0,0
K350F,TOKYO_DC,2020-05-31,0,0,0
K350F,TOKYO_DC,2020-06-30,0,0,0
K350F,TOKYO_DC,2020-07-31,0,0,0
K350F,TOKYO_DC,2020-08-31,0,0,0
K350F,TOKYO_DC,2020-09-30,0,0,0
K350F,TOKYO_DC,2020-10-31,0,0,0
K350F,TOKYO_DC,2020-11-30,0,0,0
K350F,TOKYO_DC,2020-12-31,0,0,0
K350F,TOKYO_DC,2021-01-31,4,5,0
K350F,TOKYO_DC,2021-02-28,2,4,0
K350F,TOKYO_DC,2021-03-31,2,5,0
K350F,TOKYO_DC,2021-04-30,4,4,0
K350F,TOKYO_DC,2021-05-31,3,4,0
K350F,TOKYO_DC,2021-06-30,5,4,0
K350F,TOKYO_DC,2021-07-31,3,4,0
K350F,TOKYO_DC,2021-08-31,6,4,0
K350F,TOKYO_DC,2021-09-30,4,4,0
K350F,TOKYO_DC,2021-10-31,4,4,0
K350F,TOKYO_DC,2021-11-30,1,4,0
K350F,TOKYO_DC,2021-12-31,1,4,0
K350F,TOKYO_DC,2022-01-31,5,4,0
K350F,TOKYO_DC,2022-02-28,7,4,0
K350F,TOKYO_DC,2022-03-31,5,4,0
K350F,TOKYO_DC,2022-04-30,2,4,0
K350F,TOKYO_DC,2022-05-31,4,4,0
K350F,TOKYO_DC,2022-06-30,2,4,0
K350F,TOKYO_DC,2022-07-31,0,4,1
K350F,TOKYO_DC,2022-08-31,4,4,0
K350F,TOKYO_DC,2022-09-30,0,4,1
K350F,TOKYO_DC,2022-10-31,3,4,0
K350F,TOKYO_DC,2022-11-30,6,4,0
K350F,TOKYO_DC,2022-12-31,4,4,0
K350F,TOKYO_DC,2023-01-31,3,4,0
K350F,TOKYO_DC,2023-02-28,0,4,1
K350F,TOKYO_DC,2023-03-31,1,4,0
K350F,TOKYO_DC,2023-04-30,5,4,0
K350F,TOKYO_DC,2023-05-31,0,4,1
K350F,TOKYO_DC,2023-06-30,5,5,0
K350F,TOKYO_DC,2023-07-31,0,5,1
K350F,TOKYO_DC,2023-08-31,4,5,0
K350F,TOKYO_DC,2023-09-30,0,5,1
K350F,TOKYO_DC,2023-10-31,5,5,0
K350F,TOKYO_DC,2023-11-30,6,5,0
K350F,TOKYO_DC,2023-12-31,5,5,0
K350F,TOKYO_DC,2024-01-31,3,5,0
K350F,TOKYO_DC,2024-02-29,4,5,0
K350F,TOKYO_DC,2024-03-31,6,5,0
K350F,TOKYO_DC,2024-04-30,5,5,0
K350F,TOKYO_DC,2024-05-31,5,5,0
K350F,TOKYO_DC,2024-06-30,0,5,1
K350F,TOKYO_DC,2024-07-31,5,5,0
K350F,TOKYO_DC,2024-08-31,5,5,0
K350F,TOKYO_DC,2024-09-30,7,5,0
K350F,TOKYO_DC,2024-10-31,6,5,0
K350F,TOKYO_DC,2024-11-30,9,5,0
K350F,TOKYO_DC,2024-12-31,2,5,0
K350F,TOKYO_DC,2025-01-31,6,5,0
K350F,TOKYO_DC,2025-02-28,4,5,0
K350F,TOKYO_DC,2025-03-31,5,5,0
K350F,TOKYO_DC,2025-04-30,6,5,0
K350F,TOKYO_DC,2025-05-31,6,5,0
K350F,TOKYO_DC,2025-06-30,4,5,0
K350F,TOKYO_DC,2025-07-31,4,5,0
K350F,TOKYO_DC,2025-08-31,5,4,0
K350F,TOKYO_DC,2025-09-30,4,5,0
K350F,TOKYO_DC,2025-10-31,4,5,0
K350F,TOKYO_DC,2025-11-30,6,5,0
K350F,TOKYO_DC,2025-12-31,2,5,0
K350F,TOKYO_DC,2026-01-31,2,5,0
K350F,TOKYO_DC,2026-02-28,7,5,0
K350F,TOKYO_DC,2026-03-31,5,4,0
K350F,TOKYO_DC,2026-04-30,7,5,0
K350F,TOKYO_DC,2026-05-31,4,4,0
K350F,TOKYO_DC,2026-06-30,5,5,0
K350F,TOKYO_DC,2026-07-31,6,5,0
K350F,TOKYO_DC,2026-08-31,11,5,0
K350F,OSAKA_DC,2020-01-31,0,0,0
K350F,OSAKA_DC,2020-02-29,0,0,0
K350F,OSAKA_DC,2020-03-31,0,0,0
K350F,OSAKA_DC,2020-04-30,0,0,0
K350F,OSAKA_DC,2020-05-31,0,0,0
K350F,OSAKA_DC,2020-06-30,0,0,0
K350F,OSAKA_DC,2020-07-31,0,0,0
K350F,OSAKA_DC,2020-08-31,0,0,0
K350F,OSAKA_DC,2020-09-30,0,0,0
K350F,OSAKA_DC,2020-10-31,0,0,0
K350F,OSAKA_DC,2020-11-30,0,0,0
K350F,OSAKA_DC,2020-12-31,0,0,0
K350F,OSAKA_DC,2021-01-31,6,3,0
K350F,OSAKA_DC,2021-02-28,2,2,0
K350F,OSAKA_DC,2021-03-31,1,3,0
K350F,OSAKA_DC,2021-04-30,3,3,0
K350F,OSAKA_DC,2021-05-31,4,3,0
K350F,OSAKA_DC,2021-06-30,1,3,0
K350F,OSAKA_DC,2021-07-31,2,3,0
K350F,OSAKA_DC,2021-08-31,5,3,0
K350F,OSAKA_DC,2021-09-30,3,3,0
K350F,OSAKA_DC,2021-10-31,5,3,0
K350F,OSAKA_DC,2021-11-30,4,3,0
K350F,OSAKA_DC,2021-12-31,3,3,0
K350F,OSAKA_DC,2022-01-31,1,3,0
K350F,OSAKA_DC,2022-02-28,2,3,0
K350F,OSAKA_DC,2022-03-31,1,3,0
K350F,OSAKA_DC,2022-04-30,3,3,0
K350F,OSAKA_DC,2022-05-31,3,3,0
K350F,OSAKA_DC,2022-06-30,1,3,0
K350F,OSAKA_DC,2022-07-31,3,3,0
K350F,OSAKA_DC,2022-08-31,3,3,0
K350F,OSAKA_DC,2022-09-30,3,2,0
K350F,OSAKA_DC,2022-10-31,3,3,0
K350F,OSAKA_DC,2022-11-30,3,3,0
K350F,OSAKA_DC,2022-12-31,3,3,0
K350F,OSAKA_DC,2023-01-31,2,3,0
K350F,OSAKA_DC,2023-02-28,3,3,0
K350F,OSAKA_DC,2023-03-31,4,3,0
K350F,OSAKA_DC,2023-04-30,5,3,0
K350F,OSAKA_DC,2023-05-31,1,3,0
K350F,OSAKA_DC,2023-06-30,3,3,0
K350F,OSAKA_DC,2023-07-31,5,3,0
K350F,OSAKA_DC,2023-08-31,3,4,0
K350F,OSAKA_DC,2023-09-30,6,4,0
K350F,OSAKA_DC,2023-10-31,4,3,0
K350F,OSAKA_DC,2023-11-30,1,3,0
K350F,OSAKA_DC,2023-12-31,0,3,1
K350F,OSAKA_DC,2024-01-31,2,3,0
K350F,OSAKA_DC,2024-02-29,4,4,0
K350F,OSAKA_DC,2024-03-31,2,3,0
K350F,OSAKA_DC,2024-04-30,3,3,0
K350F,OSAKA_DC,2024-05-31,4,4,0
K350F,OSAKA_DC,2024-06-30,2,3,0
K350F,OSAKA_DC,2024-07-31,3,3,0
K350F,OSAKA_DC,2024-08-31,3,3,0
K350F,OSAKA_DC,2024-09-30,3,3,0
K350F,OSAKA_DC,2024-10-31,0,3,1
K350F,OSAKA_DC,2024-11-30,0,3,1
K350F,OSAKA_DC,2024-12-31,4,3,0
K350F,OSAKA_DC,2025-01-31,4,3,0
K350F,OSAKA_DC,2025-02-28,2,3,0
K350F,OSAKA_DC,2025-03-31,2,3,0
K350F,OSAKA_DC,2025-04-30,2,3,0
K350F,OSAKA_DC,2025-05-31,3,3,0
K350F,OSAKA_DC,2025-06-30,3,3,0
K350F,OSAKA_DC,2025-07-31,6,3,0
K350F,OSAKA_DC,2025-08-31,1,3,0
K350F,OSAKA_DC,2025-09-30,3,3,0
K350F,OSAKA_DC,2025-10-31,6,3,0
K350F,OSAKA_DC,2025-11-30,3,3,0
K350F,OSAKA_DC,2025-12-31,3,3,0
K350F,OSAKA_DC,2026-01-31,6,3,0
K350F,OSAKA_DC,2026-02-28,3,3,0
K350F,OSAKA_DC,2026-03-31,4,3,0
K350F,OSAKA_DC,2026-04-30,0,3,1
K350F,OSAKA_DC,2026-05-31,1,3,0
K350F,OSAKA_DC,2026-06-30,4,3,0
K350F,OSAKA_DC,2026-07-31,3,3,0
K350F,OSAKA_DC,2026-08-31,4,3,0
T120,TOKYO_DC,2020-01-31,1014,820,0
T120,TOKYO_DC,2020-02-29,584,675,0
T120,TOKYO_DC,2020-03-31,760,529,0
T120,TOKYO_DC,2020-04-30,357,595,0
T120,TOKYO_DC,2020-05-31,79,549,0
T120,TOKYO_DC,2020-06-30,277,491,0
T120,TOKYO_DC,2020-07-31,339,486,0
T120,TOKYO_DC,2020-08-31,0,470,1
T120,TOKYO_DC,2020-09-30,756,446,0
T120,TOKYO_DC,2020-10-31,540,443,0
T120,TOKYO_DC,2020-11-30,0,426,1
T120,TOKYO_DC,2020-12-31,364,435,0
T120,TOKYO_DC,2021-01-31,120,403,0
T120,TOKYO_DC,2021-02-28,280,399,0
T120,TOKYO_DC,2021-03-31,817,417,0
T120,TOKYO_DC,2021-04-30,407,426,0
T120,TOKYO_DC,2021-05-31,532,439,0
T120,TOKYO_DC,2021-06-30,340,473,0
T120,TOKYO_DC,2021-07-31,149,445,0
T120,TOKYO_DC,2021-08-31,209,427,0
T120,TOKYO_DC,2021-09-30,103,420,0
T120,TOKYO_DC,2021-10-31,47,409,0
T120,TOKYO_DC,2021-11-30,604,417,0
T120,TOKYO_DC,2021-12-31,659,395,0
T120,TOKYO_DC,2022-01-31,199,442,0
T120,TOKYO_DC,2022-02-28,27,479,0
T120,TOKYO_DC,2022-03-31,0,468,1
T120,TOKYO_DC,2022-04-30,389,469,0
T120,TOKYO_DC,2022-05-31,70,514,0
T120,TOKYO_DC,2022-06-30,525,509,0
T120,TOKYO_DC,2022-07-31,566,545,0
T120,TOKYO_DC,2022-08-31,136,557,0
T120,TOKYO_DC,2022-09-30,660,613,0
T120,TOKYO_DC,2022-10-31,786,602,0
T120,TOKYO_DC,2022-11-30,784,730,0
T120,TOKYO_DC,2022-12-31,0,733,1
T120,TOKYO_DC,2023-01-31,670,760,0
T120,TOKYO_DC,2023-02-28,507,759,0
T120,TOKYO_DC,2023-03-31,660,841,0
T120,TOKYO_DC,2023-04-30,1080,918,0
T120,TOKYO_DC,2023-05-31,209,888,0
T120,TOKYO_DC,2023-06-30,1385,863,0
T120,TOKYO_DC,2023-07-31,801,833,0
T120,TOKYO_DC,2023-08-31,1034,898,0
T120,TOKYO_DC,2023-09-30,1243,872,0
T120,TOKYO_DC,2023-10-31,1195,921,0
T120,TOKYO_DC,2023-11-30,1247,804,0
T120,TOKYO_DC,2023-12-31,1070,798,0
T120,TOKYO_DC,2024-01-31,826,797,0
T120,TOKYO_DC,2024-02-29,898,816,0
T120,TOKYO_DC,2024-03-31,732,756,0
T120,TOKYO_DC,2024-04-30,1180,686,0
T120,TOKYO_DC,2024-05-31,288,698,0
T120,TOKYO_DC,2024-06-30,606,741,0
T120,TOKYO_DC,2024-07-31,1237,786,0
T120,TOKYO_DC,2024-08-31,1133,731,0
T120,TOKYO_DC,2024-09-30,592,695,0
T120,TOKYO_DC,2024-10-31,998,663,0
T120,TOKYO_DC,2024-11-30,788,671,0
T120,TOKYO_DC,2024-12-31,1167,664,0
T120,TOKYO_DC,2025-01-31,528,601,0
T120,TOKYO_DC,2025-02-28,613,560,0
T120,TOKYO_DC,2025-03-31,494,648,0
T120,TOKYO_DC,2025-04-30,817,592,0
T120,TOKYO_DC,2025-05-31,469,574,0
T120,TOKYO_DC,2025-06-30,704,579,0
T120,TOKYO_DC,2025-07-31,689,537,0
T120,TOKYO_DC,2025-08-31,1003,547,0
T120,TOKYO_DC,2025-09-30,941,585,0
T120,TOKYO_DC,2025-10-31,332,566,0
T120,TOKYO_DC,2025-11-30,791,549,0
T120,TOKYO_DC,2025-12-31,244,573,0
T120,TOKYO_DC,2026-01-31,896,568,0
T120,TOKYO_DC,2026-02-28,955,572,0
T120,TOKYO_DC,2026-03-31,409,513,0
T120,TOKYO_DC,2026-04-30,366,517,0
T120,TOKYO_DC,2026-05-31,670,483,0
T120,TOKYO_DC,2026-06-30,496,431,0
T120,TOKYO_DC,2026-07-31,0,445,1
T120,TOKYO_DC,2026-08-31,781,448,0
T120,OSAKA_DC,2020-01-31,648,547,0
T120,OSAKA_DC,2020-02-29,222,450,0
T120,OSAKA_DC,2020-03-31,404,352,0
T120,OSAKA_DC,2020-04-30,0,397,1
T120,OSAKA_DC,2020-05-31,376,366,0
T120,OSAKA_DC,2020-06-30,575,327,0
T120,OSAKA_DC,2020-07-31,346,324,0
T120,OSAKA_DC,2020-08-31,325,313,0
T120,OSAKA_DC,2020-09-30,261,298,0
T120,OSAKA_DC,2020-10-31,586,295,0
T120,OSAKA_DC,2020-11-30,228,284,0
T120,OSAKA_DC,2020-12-31,123,290,0
T120,OSAKA_DC,2021-01-31,583,269,0
T120,OSAKA_DC,2021-02-28,199,266,0
T120,OSAKA_DC,2021-03-31,469,278,0
T120,OSAKA_DC,2021-04-30,426,284,0
T120,OSAKA_DC,2021-05-31,255,292,0
T120,OSAKA_DC,2021-06-30,296,315,0
T120,OSAKA_DC,2021-07-31,343,297,0
T120,OSAKA_DC,2021-08-31,525,284,0
T120,OSAKA_DC,2021-09-30,483,280,0
T120,OSAKA_DC,2021-10-31,208,273,0
T120,OSAKA_DC,2021-11-30,282,278,0
T120,OSAKA_DC,2021-12-31,272,263,0
T120,OSAKA_DC,2022-01-31,228,294,0
T120,OSAKA_DC,2022-02-28,0,319,1
T120,OSAKA_DC,2022-03-31,305,312,0
T120,OSAKA_DC,2022-04-30,532,312,0
T120,OSAKA_DC,2022-05-31,347,343,0
T120,OSAKA_DC,2022-06-30,578,340,0
T120,OSAKA_DC,2022-07-31,150,363,0
T120,OSAKA_DC,2022-08-31,582,372,0
T120,OSAKA_DC,2022-09-30,332,409,0
T120,OSAKA_DC,2022-10-31,369,401,0
T120,OSAKA_DC,2022-11-30,0,487,1
T120,OSAKA_DC,2022-12-31,365,489,0
T120,OSAKA_DC,2023-01-31,535,507,0
T120,OSAKA_DC,2023-02-28,584,506,0
T120,OSAKA_DC,2023-03-31,405,561,0
T120,OSAKA_DC,2023-04-30,969,612,0
T120,OSAKA_DC,2023-05-31,843,592,0
T120,OSAKA_DC,2023-06-30,51,575,0
T120,OSAKA_DC,2023-07-31,1148,555,0
T120,OSAKA_DC,2023-08-31,511,598,0
T120,OSAKA_DC,2023-09-30,0,581,1
T120,OSAKA_DC,2023-10-31,916,614,0
T120,OSAKA_DC,2023-11-30,611,536,0
T120,OSAKA_DC,2023-12-31,575,532,0
T120,OSAKA_DC,2024-01-31,394,531,0
T120,OSAKA_DC,2024-02-29,743,544,0
T120,OSAKA_DC,2024-03-31,453,504,0
T120,OSAKA_DC,2024-04-30,496,457,0
T120,OSAKA_DC,2024-05-31,619,466,0
T120,OSAKA_DC,2024-06-30,306,494,0
T120,OSAKA_DC,2024-07-31,388,524,0
T120,OSAKA_DC,2024-08-31,265,487,0
T120,OSAKA_DC,2024-09-30,362,463,0
T120,OSAKA_DC,2024-10-31,440,442,0
T120,OSAKA_DC,2024-11-30,526,447,0
T120,OSAKA_DC,2024-12-31,992,443,0
T120,OSAKA_DC,2025-01-31,533,400,0
T120,OSAKA_DC,2025-02-28,196,373,0
T120,OSAKA_DC,2025-03-31,696,432,0
T120,OSAKA_DC,2025-04-30,671,395,0
T120,OSAKA_DC,2025-05-31,162,382,0
T120,OSAKA_DC,2025-06-30,505,386,0
T120,OSAKA_DC,2025-07-31,319,358,0
T120,OSAKA_DC,2025-08-31,198,364,0
T120,OSAKA_DC,2025-09-30,367,390,0
T120,OSAKA_DC,2025-10-31,440,377,0
T120,OSAKA_DC,2025-11-30,690,366,0
T120,OSAKA_DC,2025-12-31,538,382,0
T120,OSAKA_DC,2026-01-31,187,379,0
T120,OSAKA_DC,2026-02-28,0,381,1
T120,OSAKA_DC,2026-03-31,570,342,0
T120,OSAKA_DC,2026-04-30,771,345,0
T120,OSAKA_DC,2026-05-31,362,322,0
T120,OSAKA_DC,2026-06-30,291,288,0
T120,OSAKA_DC,2026-07-31,362,297,0
T120,OSAKA_DC,2026-08-31,357,299,0
T120,OVERSEAS_HUB,2020-01-31,2163,1764,0
T120,OVERSEAS_HUB,2020-02-29,989,1454,0
T120,OVERSEAS_HUB,2020-03-31,801,1138,0
T120,OVERSEAS_HUB,2020-04-30,500,1281,0
T120,OVERSEAS_HUB,2020-05-31,2292,1181,0
T120,OVERSEAS_HUB,2020-06-30,1301,1057,0
T120,OVERSEAS_HUB,2020-07-31,119,906,0
T120,OVERSEAS_HUB,2020-08-31,635,793,0
T120,OVERSEAS_HUB,2020-09-30,0,766,1
T120,OVERSEAS_HUB,2020-10-31,757,777,0
T120,OVERSEAS_HUB,2020-11-30,0,707,1
T120,OVERSEAS_HUB,2020-12-31,668,742,0
T120,OVERSEAS_HUB,2021-01-31,634,674,0
T120,OVERSEAS_HUB,2021-02-28,1143,666,0
T120,OVERSEAS_HUB,2021-03-31,922,705,0
T120,OVERSEAS_HUB,2021-04-30,682,563,0
T120,OVERSEAS_HUB,2021-05-31,516,498,0
T120,OVERSEAS_HUB,2021-06-30,741,461,0
T120,OVERSEAS_HUB,2021-07-31,813,483,0
T120,OVERSEAS_HUB,2021-08-31,338,591,0
T120,OVERSEAS_HUB,2021-09-30,592,577,0
T120,OVERSEAS_HUB,2021-10-31,483,504,0
T120,OVERSEAS_HUB,2021-11-30,0,568,1
T120,OVERSEAS_HUB,2021-12-31,0,520,1
T120,OVERSEAS_HUB,2022-01-31,562,442,0
T120,OVERSEAS_HUB,2022-02-28,411,354,0
T120,OVERSEAS_HUB,2022-03-31,202,330,0
T120,OVERSEAS_HUB,2022-04-30,188,330,0
T120,OVERSEAS_HUB,2022-05-31,272,330,0
T120,OVERSEAS_HUB,2022-06-30,637,429,0
T120,OVERSEAS_HUB,2022-07-31,423,407,0
T120,OVERSEAS_HUB,2022-08-31,435,351,0
T120,OVERSEAS_HUB,2022-09-30,248,319,0
T120,OVERSEAS_HUB,2022-10-31,670,432,0
T120,OVERSEAS_HUB,2022-11-30,371,367,0
T120,OVERSEAS_HUB,2022-12-31,277,374,0
T120,OVERSEAS_HUB,2023-01-31,950,374,0
T120,OVERSEAS_HUB,2023-02-28,741,541,0
T120,OVERSEAS_HUB,2023-03-31,899,484,0
T120,OVERSEAS_HUB,2023-04-30,589,484,0
T120,OVERSEAS_HUB,2023-05-31,480,484,0
T120,OVERSEAS_HUB,2023-06-30,592,430,0
T120,OVERSEAS_HUB,2023-07-31,210,464,0
T120,OVERSEAS_HUB,2023-08-31,304,412,0
T120,OVERSEAS_HUB,2023-09-30,404,412,0
T120,OVERSEAS_HUB,2023-10-31,211,300,0
T120,OVERSEAS_HUB,2023-11-30,598,386,0
T120,OVERSEAS_HUB,2023-12-31,498,514,0
T120,OVERSEAS_HUB,2024-01-31,551,514,0
T120,OVERSEAS_HUB,2024-02-29,446,348,0
T120,OVERSEAS_HUB,2024-03-31,77,348,0
T120,OVERSEAS_HUB,2024-04-30,311,348,0
T120,OVERSEAS_HUB,2024-05-31,394,348,0
T120,OVERSEAS_HUB,2024-06-30,160,303,0
T120,OVERSEAS_HUB,2024-07-31,277,268,0
T120,OVERSEAS_HUB,2024-08-31,208,268,0
T120,OVERSEAS_HUB,2024-09-30,273,287,0
T120,OVERSEAS_HUB,2024-10-31,335,287,0
T120,OVERSEAS_HUB,2024-11-30,156,305,0
T120,OVERSEAS_HUB,2024-12-31,429,237,0
T120,OVERSEAS_HUB,2025-01-31,339,237,0
T120,OVERSEAS_HUB,2025-02-28,604,357,0
T120,OVERSEAS_HUB,2025-03-31,72,357,0
T120,OVERSEAS_HUB,2025-04-30,378,414,0
T120,OVERSEAS_HUB,2025-05-31,421,414,0
T120,OVERSEAS_HUB,2025-06-30,172,414,0
T120,OVERSEAS_HUB,2025-07-31,552,455,0
T120,OVERSEAS_HUB,2025-08-31,579,455,0
T120,OVERSEAS_HUB,2025-09-30,454,437,0
T120,OVERSEAS_HUB,2025-10-31,617,529,0
T120,OVERSEAS_HUB,2025-11-30,528,491,0
T120,OVERSEAS_HUB,2025-12-31,261,457,0
T120,OVERSEAS_HUB,2026-01-31,693,457,0
T120,OVERSEAS_HUB,2026-02-28,322,338,0
T120,OVERSEAS_HUB,2026-03-31,403,338,0
T120,OVERSEAS_HUB,2026-04-30,309,346,0
T120,OVERSEAS_HUB,2026-05-31,461,386,0
T120,OVERSEAS_HUB,2026-06-30,288,425,0
T120,OVERSEAS_HUB,2026-07-31,339,383,0
T120,OVERSEAS_HUB,2026-08-31,408,383,0
T121,TOKYO_DC,2020-01-31,313,279,0
T121,TOKYO_DC,2020-02-29,935,529,0
T121,TOKYO_DC,2020-03-31,767,649,0
T121,TOKYO_DC,2020-04-30,868,577,0
T121,TOKYO_DC,2020-05-31,357,565,0
T121,TOKYO_DC,2020-06-30,776,525,0
T121,TOKYO_DC,2020-07-31,485,534,0
T121,TOKYO_DC,2020-08-31,598,570,0
T121,TOKYO_DC,2020-09-30,464,548,0
T121,TOKYO_DC,2020-10-31,737,554,0
T121,TOKYO_DC,2020-11-30,289,539,0
T121,TOKYO_DC,2020-12-31,465,544,0
T121,TOKYO_DC,2021-01-31,409,544,0
T121,TOKYO_DC,2021-02-28,478,505,0
T121,TOKYO_DC,2021-03-31,45,445,0
T121,TOKYO_DC,2021-04-30,503,470,0
T121,TOKYO_DC,2021-05-31,139,450,0
T121,TOKYO_DC,2021-06-30,301,443,0
T121,TOKYO_DC,2021-07-31,220,439,0
T121,TOKYO_DC,2021-08-31,589,416,0
T121,TOKYO_DC,2021-09-30,601,420,0
T121,TOKYO_DC,2021-10-31,541,384,0
T121,TOKYO_DC,2021-11-30,230,413,0
T121,TOKYO_DC,2021-12-31,506,395,0
T121,TOKYO_DC,2022-01-31,338,392,0
T121,TOKYO_DC,2022-02-28,305,395,0
T121,TOKYO_DC,2022-03-31,304,447,0
T121,TOKYO_DC,2022-04-30,829,409,0
T121,TOKYO_DC,2022-05-31,14,421,0
T121,TOKYO_DC,2022-06-30,316,424,0
T121,TOKYO_DC,2022-07-31,385,424,0
T121,TOKYO_DC,2022-08-31,86,431,0
T121,TOKYO_DC,2022-09-30,0,456,1
T121,TOKYO_DC,2022-10-31,420,521,0
T121,TOKYO_DC,2022-11-30,695,474,0
T121,TOKYO_DC,2022-12-31,512,472,0
T121,TOKYO_DC,2023-01-31,458,498,0
T121,TOKYO_DC,2023-02-28,284,514,0
T121,TOKYO_DC,2023-03-31,576,507,0
T121,TOKYO_DC,2023-04-30,674,551,0
T121,TOKYO_DC,2023-05-31,297,543,0
T121,TOKYO_DC,2023-06-30,419,539,0
T121,TOKYO_DC,2023-07-31,508,563,0
T121,TOKYO_DC,2023-08-31,867,559,0
T121,TOKYO_DC,2023-09-30,495,525,0
T121,TOKYO_DC,2023-10-31,787,465,0
T121,TOKYO_DC,2023-11-30,331,518,0
T121,TOKYO_DC,2023-12-31,473,536,0
T121,TOKYO_DC,2024-01-31,796,521,0
T121,TOKYO_DC,2024-02-29,709,525,0
T121,TOKYO_DC,2024-03-31,611,529,0
T121,TOKYO_DC,2024-04-30,319,525,0
T121,TOKYO_DC,2024-05-31,561,526,0
T121,TOKYO_DC,2024-06-30,395,549,0
T121,TOKYO_DC,2024-07-31,503,541,0
T121,TOKYO_DC,2024-08-31,1069,551,0
T121,TOKYO_DC,2024-09-30,170,537,0
T121,TOKYO_DC,2024-10-31,328,554,0
T121,TOKYO_DC,2024-11-30,0,505,1
T121,TOKYO_DC,2024-12-31,493,505,0
T121,TOKYO_DC,2025-01-31,278,489,0
T121,TOKYO_DC,2025-02-28,543,452,0
T121,TOKYO_DC,2025-03-31,778,429,0
T121,TOKYO_DC,2025-04-30,397,432,0
T121,TOKYO_DC,2025-05-31,548,429,0
T121,TOKYO_DC,2025-06-30,672,406,0
T121,TOKYO_DC,2025-07-31,241,403,0
T121,TOKYO_DC,2025-08-31,459,399,0
T121,TOKYO_DC,2025-09-30,360,475,0
T121,TOKYO_DC,2025-10-31,602,524,0
T121,TOKYO_DC,2025-11-30,191,533,0
T121,TOKYO_DC,2025-12-31,317,509,0
T121,TOKYO_DC,2026-01-31,86,547,0
T121,TOKYO_DC,2026-02-28,480,573,0
T121,TOKYO_DC,2026-03-31,391,578,0
T121,TOKYO_DC,2026-04-30,710,569,0
T121,TOKYO_DC,2026-05-31,574,569,0
T121,TOKYO_DC,2026-06-30,573,560,0
T121,TOKYO_DC,2026-07-31,899,517,0
T121,TOKYO_DC,2026-08-31,80,520,0
T121,OSAKA_DC,2020-01-31,183,186,0
T121,OSAKA_DC,2020-02-29,105,353,0
T121,OSAKA_DC,2020-03-31,532,432,0
T121,OSAKA_DC,2020-04-30,395,385,0
T121,OSAKA_DC,2020-05-31,0,377,1
T121,OSAKA_DC,2020-06-30,0,350,1
T121,OSAKA_DC,2020-07-31,0,356,1
T121,OSAKA_DC,2020-08-31,709,380,0
T121,OSAKA_DC,2020-09-30,278,366,0
T121,OSAKA_DC,2020-10-31,0,369,1
T121,OSAKA_DC,2020-11-30,214,360,0
T121,OSAKA_DC,2020-12-31,42,363,0
T121,OSAKA_DC,2021-01-31,175,363,0
T121,OSAKA_DC,2021-02-28,460,337,0
T121,OSAKA_DC,2021-03-31,167,297,0
T121,OSAKA_DC,2021-04-30,115,313,0
T121,OSAKA_DC,2021-05-31,303,300,0
T121,OSAKA_DC,2021-06-30,309,295,0
T121,OSAKA_DC,2021-07-31,92,293,0
T121,OSAKA_DC,2021-08-31,378,277,0
T121,OSAKA_DC,2021-09-30,220,280,0
T121,OSAKA_DC,2021-10-31,175,256,0
T121,OSAKA_DC,2021-11-30,246,275,0
T121,OSAKA_DC,2021-12-31,380,264,0
T121,OSAKA_DC,2022-01-31,389,262,0
T121,OSAKA_DC,2022-02-28,375,263,0
T121,OSAKA_DC,2022-03-31,474,298,0
T121,OSAKA_DC,2022-04-30,227,273,0
T121,OSAKA_DC,2022-05-31,195,280,0
T121,OSAKA_DC,2022-06-30,365,283,0
T121,OSAKA_DC,2022-07-31,453,283,0
T121,OSAKA_DC,2022-08-31,111,287,0
T121,OSAKA_DC,2022-09-30,280,304,0
T121,OSAKA_DC,2022-10-31,40,347,0
T121,OSAKA_DC,2022-11-30,308,316,0
T121,OSAKA_DC,2022-12-31,533,315,0
T121,OSAKA_DC,2023-01-31,225,332,0
T121,OSAKA_DC,2023-02-28,39,343,0
T121,OSAKA_DC,2023-03-31,4,338,0
T121,OSAKA_DC,2023-04-30,597,367,0
T121,OSAKA_DC,2023-05-31,467,362,0
T121,OSAKA_DC,2023-06-30,210,359,0
T121,OSAKA_DC,2023-07-31,445,375,0
T121,OSAKA_DC,2023-08-31,248,373,0
T121,OSAKA_DC,2023-09-30,374,350,0
T121,OSAKA_DC,2023-10-31,108,310,0
T121,OSAKA_DC,2023-11-30,435,345,0
T121,OSAKA_DC,2023-12-31,563,357,0
T121,OSAKA_DC,2024-01-31,154,347,0
T121,OSAKA_DC,2024-02-29,243,350,0
T121,OSAKA_DC,2024-03-31,591,353,0
T121,OSAKA_DC,2024-04-30,400,350,0
T121,OSAKA_DC,2024-05-31,184,351,0
T121,OSAKA_DC,2024-06-30,461,366,0
T121,OSAKA_DC,2024-07-31,415,361,0
T121,OSAKA_DC,2024-08-31,169,367,0
T121,OSAKA_DC,2024-09-30,436,358,0
T121,OSAKA_DC,2024-10-31,330,369,0
T121,OSAKA_DC,2024-11-30,320,336,0
T121,OSAKA_DC,2024-12-31,597,337,0
T121,OSAKA_DC,2025-01-31,738,326,0
T121,OSAKA_DC,2025-02-28,0,301,1
T121,OSAKA_DC,2025-03-31,455,286,0
T121,OSAKA_DC,2025-04-30,181,288,0
T121,OSAKA_DC,2025-05-31,434,286,0
T121,OSAKA_DC,2025-06-30,403,270,0
T121,OSAKA_DC,2025-07-31,64,269,0
T121,OSAKA_DC,2025-08-31,0,266,1
T121,OSAKA_DC,2025-09-30,357,317,0
T121,OSAKA_DC,2025-10-31,459,349,0
T121,OSAKA_DC,2025-11-30,355,355,0
T121,OSAKA_DC,2025-12-31,514,339,0
T121,OSAKA_DC,2026-01-31,389,365,0
T121,OSAKA_DC,2026-02-28,198,382,0
T121,OSAKA_DC,2026-03-31,254,385,0
T121,OSAKA_DC,2026-04-30,495,379,0
T121,OSAKA_DC,2026-05-31,0,379,1
T121,OSAKA_DC,2026-06-30,236,373,0
T121,OSAKA_DC,2026-07-31,411,345,0
T121,OSAKA_DC,2026-08-31,324,346,0
T121,OVERSEAS_HUB,2020-01-31,0,447,1
T121,OVERSEAS_HUB,2020-02-29,202,224,0
T121,OVERSEAS_HUB,2020-03-31,237,149,0
T121,OVERSEAS_HUB,2020-04-30,172,258,0
T121,OVERSEAS_HUB,2020-05-31,71,206,0
T121,OVERSEAS_HUB,2020-06-30,335,260,0
T121,OVERSEAS_HUB,2020-07-31,480,356,0
T121,OVERSEAS_HUB,2020-08-31,331,312,0
T121,OVERSEAS_HUB,2020-09-30,343,343,0
T121,OVERSEAS_HUB,2020-10-31,449,309,0
T121,OVERSEAS_HUB,2020-11-30,360,339,0
T121,OVERSEAS_HUB,2020-12-31,425,311,0
T121,OVERSEAS_HUB,2021-01-31,127,311,0
T121,OVERSEAS_HUB,2021-02-28,0,352,1
T121,OVERSEAS_HUB,2021-03-31,226,375,0
T121,OVERSEAS_HUB,2021-04-30,325,326,0
T121,OVERSEAS_HUB,2021-05-31,380,363,0
T121,OVERSEAS_HUB,2021-06-30,0,351,1
T121,OVERSEAS_HUB,2021-07-31,370,273,0
T121,OVERSEAS_HUB,2021-08-31,377,347,0
T121,OVERSEAS_HUB,2021-09-30,332,355,0
T121,OVERSEAS_HUB,2021-10-31,0,377,1
T121,OVERSEAS_HUB,2021-11-30,153,324,0
T121,OVERSEAS_HUB,2021-12-31,293,376,0
T121,OVERSEAS_HUB,2022-01-31,503,371,0
T121,OVERSEAS_HUB,2022-02-28,561,374,0
T121,OVERSEAS_HUB,2022-03-31,431,352,0
T121,OVERSEAS_HUB,2022-04-30,316,379,0
T121,OVERSEAS_HUB,2022-05-31,211,397,0
T121,OVERSEAS_HUB,2022-06-30,427,403,0
T121,OVERSEAS_HUB,2022-07-31,451,403,0
T121,OVERSEAS_HUB,2022-08-31,265,414,0
T121,OVERSEAS_HUB,2022-09-30,421,357,0
T121,OVERSEAS_HUB,2022-10-31,556,334,0
T121,OVERSEAS_HUB,2022-11-30,237,359,0
T121,OVERSEAS_HUB,2022-12-31,204,356,0
T121,OVERSEAS_HUB,2023-01-31,244,324,0
T121,OVERSEAS_HUB,2023-02-28,107,278,0
T121,OVERSEAS_HUB,2023-03-31,343,278,0
T121,OVERSEAS_HUB,2023-04-30,148,252,0
T121,OVERSEAS_HUB,2023-05-31,335,239,0
T121,OVERSEAS_HUB,2023-06-30,307,232,0
T121,OVERSEAS_HUB,2023-07-31,262,232,0
T121,OVERSEAS_HUB,2023-08-31,122,148,0
T121,OVERSEAS_HUB,2023-09-30,366,189,0
T121,OVERSEAS_HUB,2023-10-31,98,221,0
T121,OVERSEAS_HUB,2023-11-30,27,196,0
T121,OVERSEAS_HUB,2023-12-31,91,147,0
T121,OVERSEAS_HUB,2024-01-31,293,197,0
T121,OVERSEAS_HUB,2024-02-29,116,197,0
T121,OVERSEAS_HUB,2024-03-31,341,197,0
T121,OVERSEAS_HUB,2024-04-30,189,197,0
T121,OVERSEAS_HUB,2024-05-31,258,198,0
T121,OVERSEAS_HUB,2024-06-30,250,167,0
T121,OVERSEAS_HUB,2024-07-31,257,167,0
T121,OVERSEAS_HUB,2024-08-31,266,167,0
T121,OVERSEAS_HUB,2024-09-30,159,145,0
T121,OVERSEAS_HUB,2024-10-31,190,114,0
T121,OVERSEAS_HUB,2024-11-30,158,144,0
T121,OVERSEAS_HUB,2024-12-31,167,144,0
T121,OVERSEAS_HUB,2025-01-31,63,118,0
T121,OVERSEAS_HUB,2025-02-28,137,136,0
T121,OVERSEAS_HUB,2025-03-31,67,136,0
T121,OVERSEAS_HUB,2025-04-30,192,136,0
T121,OVERSEAS_HUB,2025-05-31,159,131,0
T121,OVERSEAS_HUB,2025-06-30,214,162,0
T121,OVERSEAS_HUB,2025-07-31,96,162,0
T121,OVERSEAS_HUB,2025-08-31,100,162,0
T121,OVERSEAS_HUB,2025-09-30,243,143,0
T121,OVERSEAS_HUB,2025-10-31,135,143,0
T121,OVERSEAS_HUB,2025-11-30,78,157,0
T121,OVERSEAS_HUB,2025-12-31,0,196,1
T121,OVERSEAS_HUB,2026-01-31,65,172,0
T121,OVERSEAS_HUB,2026-02-28,160,155,0
T121,OVERSEAS_HUB,2026-03-31,111,155,0
T121,OVERSEAS_HUB,2026-04-30,155,155,0
T121,OVERSEAS_HUB,2026-05-31,153,155,0
T121,OVERSEAS_HUB,2026-06-30,284,222,0
T121,OVERSEAS_HUB,2026-07-31,102,248,0
T121,OVERSEAS_HUB,2026-08-31,352,248,0
T122,TOKYO_DC,2020-01-31,549,492,0
T122,TOKYO_DC,2020-02-29,392,289,0
T122,TOKYO_DC,2020-03-31,160,217,0
T122,TOKYO_DC,2020-04-30,301,223,0
T122,TOKYO_DC,2020-05-31,427,263,0
T122,TOKYO_DC,2020-06-30,73,241,0
T122,TOKYO_DC,2020-07-31,153,258,0
T122,TOKYO_DC,2020-08-31,81,303,0
T122,TOKYO_DC,2020-09-30,417,336,0
T122,TOKYO_DC,2020-10-31,200,323,0
T122,TOKYO_DC,2020-11-30,216,339,0
T122,TOKYO_DC,2020-12-31,258,318,0
T122,TOKYO_DC,2021-01-31,288,286,0
T122,TOKYO_DC,2021-02-28,113,292,0
T122,TOKYO_DC,2021-03-31,162,296,0
T122,TOKYO_DC,2021-04-30,433,284,0
T122,TOKYO_DC,2021-05-31,147,270,0
T122,TOKYO_DC,2021-06-30,301,283,0
T122,TOKYO_DC,2021-07-31,81,267,0
T122,TOKYO_DC,2021-08-31,387,244,0
T122,TOKYO_DC,2021-09-30,297,208,0
T122,TOKYO_DC,2021-10-31,219,205,0
T122,TOKYO_DC,2021-11-30,0,182,1
T122,TOKYO_DC,2021-12-31,366,300,0
T122,TOKYO_DC,2022-01-31,440,302,0
T122,TOKYO_DC,2022-02-28,392,305,0
T122,TOKYO_DC,2022-03-31,720,308,0
T122,TOKYO_DC,2022-04-30,14,309,0
T122,TOKYO_DC,2022-05-31,466,295,0
T122,TOKYO_DC,2022-06-30,283,277,0
T122,TOKYO_DC,2022-07-31,149,287,0
T122,TOKYO_DC,2022-08-31,92,261,0
T122,TOKYO_DC,2022-09-30,235,263,0
T122,TOKYO_DC,2022-10-31,250,253,0
T122,TOKYO_DC,2022-11-30,177,243,0
T122,TOKYO_DC,2022-12-31,180,135,0
T122,TOKYO_DC,2023-01-31,170,190,0
T122,TOKYO_DC,2023-02-28,0,177,1
T122,TOKYO_DC,2023-03-31,154,169,0
T122,TOKYO_DC,2023-04-30,208,164,0
T122,TOKYO_DC,2023-05-31,59,169,0
T122,TOKYO_DC,2023-06-30,219,165,0
T122,TOKYO_DC,2023-07-31,240,149,0
T122,TOKYO_DC,2023-08-31,214,155,0
T122,TOKYO_DC,2023-09-30,104,157,0
T122,TOKYO_DC,2023-10-31,188,183,0
T122,TOKYO_DC,2023-11-30,234,182,0
T122,TOKYO_DC,2023-12-31,451,221,0
T122,TOKYO_DC,2024-01-31,0,171,1
T122,TOKYO_DC,2024-02-29,119,173,0
T122,TOKYO_DC,2024-03-31,63,177,0
T122,TOKYO_DC,2024-04-30,207,185,0
T122,TOKYO_DC,2024-05-31,0,226,1
T122,TOKYO_DC,2024-06-30,0,226,1
T122,TOKYO_DC,2024-07-31,253,234,0
T122,TOKYO_DC,2024-08-31,326,236,0
T122,TOKYO_DC,2024-09-30,92,227,0
T122,TOKYO_DC,2024-10-31,131,210,0
T122,TOKYO_DC,2024-11-30,247,211,0
T122,TOKYO_DC,2024-12-31,159,181,0
T122,TOKYO_DC,2025-01-31,154,180,0
T122,TOKYO_DC,2025-02-28,0,189,1
T122,TOKYO_DC,2025-03-31,282,193,0
T122,TOKYO_DC,2025-04-30,248,183,0
T122,TOKYO_DC,2025-05-31,185,138,0
T122,TOKYO_DC,2025-06-30,316,212,0
T122,TOKYO_DC,2025-07-31,158,200,0
T122,TOKYO_DC,2025-08-31,261,195,0
T122,TOKYO_DC,2025-09-30,0,210,1
T122,TOKYO_DC,2025-10-31,237,204,0
T122,TOKYO_DC,2025-11-30,114,224,0
T122,TOKYO_DC,2025-12-31,255,218,0
T122,TOKYO_DC,2026-01-31,154,212,0
T122,TOKYO_DC,2026-02-28,172,228,0
T122,TOKYO_DC,2026-03-31,196,218,0
T122,TOKYO_DC,2026-04-30,0,253,1
T122,TOKYO_DC,2026-05-31,295,268,0
T122,TOKYO_DC,2026-06-30,199,211,0
T122,TOKYO_DC,2026-07-31,259,228,0
T122,TOKYO_DC,2026-08-31,227,248,0
T122,OSAKA_DC,2020-01-31,630,328,0
T122,OSAKA_DC,2020-02-29,13,193,0
T122,OSAKA_DC,2020-03-31,139,144,0
T122,OSAKA_DC,2020-04-30,51,149,0
T122,OSAKA_DC,2020-05-31,146,176,0
T122,OSAKA_DC,2020-06-30,287,161,0
T122,OSAKA_DC,2020-07-31,0,172,1
T122,OSAKA_DC,2020-08-31,209,202,0
T122,OSAKA_DC,2020-09-30,174,224,0
T122,OSAKA_DC,2020-10-31,335,215,0
T122,OSAKA_DC,2020-11-30,105,226,0
T122,OSAKA_DC,2020-12-31,259,212,0
T122,OSAKA_DC,2021-01-31,248,191,0
T122,OSAKA_DC,2021-02-28,228,195,0
T122,OSAKA_DC,2021-03-31,0,197,1
T122,OSAKA_DC,2021-04-30,127,190,0
T122,OSAKA_DC,2021-05-31,279,180,0
T122,OSAKA_DC,2021-06-30,275,189,0
T122,OSAKA_DC,2021-07-31,141,178,0
T122,OSAKA_DC,2021-08-31,97,163,0
T122,OSAKA_DC,2021-09-30,193,139,0
T122,OSAKA_DC,2021-10-31,151,137,0
T122,OSAKA_DC,2021-11-30,114,121,0
T122,OSAKA_DC,2021-12-31,187,200,0
T122,OSAKA_DC,2022-01-31,0,201,1
T122,OSAKA_DC,2022-02-28,248,203,0
T122,OSAKA_DC,2022-03-31,0,205,1
T122,OSAKA_DC,2022-04-30,217,206,0
T122,OSAKA_DC,2022-05-31,0,197,1
T122,OSAKA_DC,2022-06-30,0,185,1
T122,OSAKA_DC,2022-07-31,120,191,0
T122,OSAKA_DC,2022-08-31,100,174,0
T122,OSAKA_DC,2022-09-30,230,176,0
T122,OSAKA_DC,2022-10-31,224,169,0
T122,OSAKA_DC,2022-11-30,157,162,0
T122,OSAKA_DC,2022-12-31,123,90,0
T122,OSAKA_DC,2023-01-31,80,127,0
T122,OSAKA_DC,2023-02-28,0,118,1
T122,OSAKA_DC,2023-03-31,101,113,0
T122,OSAKA_DC,2023-04-30,192,109,0
T122,OSAKA_DC,2023-05-31,47,113,0
T122,OSAKA_DC,2023-06-30,217,110,0
T122,OSAKA_DC,2023-07-31,61,100,0
T122,OSAKA_DC,2023-08-31,50,103,0
T122,OSAKA_DC,2023-09-30,0,104,1
T122,OSAKA_DC,2023-10-31,240,122,0
T122,OSAKA_DC,2023-11-30,162,121,0
T122,OSAKA_DC,2023-12-31,0,147,1
T122,OSAKA_DC,2024-01-31,117,114,0
T122,OSAKA_DC,2024-02-29,115,116,0
T122,OSAKA_DC,2024-03-31,62,118,0
T122,OSAKA_DC,2024-04-30,99,124,0
T122,OSAKA_DC,2024-05-31,159,151,0
T122,OSAKA_DC,2024-06-30,0,151,1
T122,OSAKA_DC,2024-07-31,150,156,0
T122,OSAKA_DC,2024-08-31,95,157,0
T122,OSAKA_DC,2024-09-30,160,151,0
T122,OSAKA_DC,2024-10-31,0,140,1
T122,OSAKA_DC,2024-11-30,102,140,0
T122,OSAKA_DC,2024-12-31,255,121,0
T122,OSAKA_DC,2025-01-31,142,120,0
T122,OSAKA_DC,2025-02-28,231,126,0
T122,OSAKA_DC,2025-03-31,190,128,0
T122,OSAKA_DC,2025-04-30,156,122,0
T122,OSAKA_DC,2025-05-31,90,92,0
T122,OSAKA_DC,2025-06-30,195,141,0
T122,OSAKA_DC,2025-07-31,91,133,0
T122,OSAKA_DC,2025-08-31,139,130,0
T122,OSAKA_DC,2025-09-30,187,140,0
T122,OSAKA_DC,2025-10-31,129,136,0
T122,OSAKA_DC,2025-11-30,274,149,0
T122,OSAKA_DC,2025-12-31,129,145,0
T122,OSAKA_DC,2026-01-31,131,141,0
T122,OSAKA_DC,2026-02-28,47,152,0
T122,OSAKA_DC,2026-03-31,114,146,0
T122,OSAKA_DC,2026-04-30,258,169,0
T122,OSAKA_DC,2026-05-31,258,179,0
T122,OSAKA_DC,2026-06-30,0,141,1
T122,OSAKA_DC,2026-07-31,120,152,0
T122,OSAKA_DC,2026-08-31,187,166,0
T122,OVERSEAS_HUB,2020-01-31,0,0,0
T122,OVERSEAS_HUB,2020-02-29,43,107,0
T122,OVERSEAS_HUB,2020-03-31,267,132,0
T122,OVERSEAS_HUB,2020-04-30,62,99,0
T122,OVERSEAS_HUB,2020-05-31,265,291,0
T122,OVERSEAS_HUB,2020-06-30,474,297,0
T122,OVERSEAS_HUB,2020-07-31,305,383,0
T122,OVERSEAS_HUB,2020-08-31,665,335,0
T122,OVERSEAS_HUB,2020-09-30,108,298,0
T122,OVERSEAS_HUB,2020-10-31,291,268,0
T122,OVERSEAS_HUB,2020-11-30,66,244,0
T122,OVERSEAS_HUB,2020-12-31,220,241,0
T122,OVERSEAS_HUB,2021-01-31,308,241,0
T122,OVERSEAS_HUB,2021-02-28,357,223,0
T122,OVERSEAS_HUB,2021-03-31,251,232,0
T122,OVERSEAS_HUB,2021-04-30,222,255,0
T122,OVERSEAS_HUB,2021-05-31,165,167,0
T122,OVERSEAS_HUB,2021-06-30,0,139,1
T122,OVERSEAS_HUB,2021-07-31,67,64,0
T122,OVERSEAS_HUB,2021-08-31,66,64,0
T122,OVERSEAS_HUB,2021-09-30,126,98,0
T122,OVERSEAS_HUB,2021-10-31,264,132,0
T122,OVERSEAS_HUB,2021-11-30,64,132,0
T122,OVERSEAS_HUB,2021-12-31,78,115,0
T122,OVERSEAS_HUB,2022-01-31,106,141,0
T122,OVERSEAS_HUB,2022-02-28,232,183,0
T122,OVERSEAS_HUB,2022-03-31,178,159,0
T122,OVERSEAS_HUB,2022-04-30,124,162,0
T122,OVERSEAS_HUB,2022-05-31,114,179,0
T122,OVERSEAS_HUB,2022-06-30,193,195,0
T122,OVERSEAS_HUB,2022-07-31,193,195,0
T122,OVERSEAS_HUB,2022-08-31,238,218,0
T122,OVERSEAS_HUB,2022-09-30,128,224,0
T122,OVERSEAS_HUB,2022-10-31,201,198,0
T122,OVERSEAS_HUB,2022-11-30,318,221,0
T122,OVERSEAS_HUB,2022-12-31,351,221,0
T122,OVERSEAS_HUB,2023-01-31,160,194,0
T122,OVERSEAS_HUB,2023-02-28,232,188,0
T122,OVERSEAS_HUB,2023-03-31,170,198,0
T122,OVERSEAS_HUB,2023-04-30,235,185,0
T122,OVERSEAS_HUB,2023-05-31,145,199,0
T122,OVERSEAS_HUB,2023-06-30,139,203,0
T122,OVERSEAS_HUB,2023-07-31,260,224,0
T122,OVERSEAS_HUB,2023-08-31,99,221,0
T122,OVERSEAS_HUB,2023-09-30,166,181,0
T122,OVERSEAS_HUB,2023-10-31,481,247,0
T122,OVERSEAS_HUB,2023-11-30,289,245,0
T122,OVERSEAS_HUB,2023-12-31,267,245,0
T122,OVERSEAS_HUB,2024-01-31,205,245,0
T122,OVERSEAS_HUB,2024-02-29,164,226,0
T122,OVERSEAS_HUB,2024-03-31,441,235,0
T122,OVERSEAS_HUB,2024-04-30,259,222,0
T122,OVERSEAS_HUB,2024-05-31,79,192,0
T122,OVERSEAS_HUB,2024-06-30,96,177,0
T122,OVERSEAS_HUB,2024-07-31,99,195,0
T122,OVERSEAS_HUB,2024-08-31,207,201,0
T122,OVERSEAS_HUB,2024-09-30,389,222,0
T122,OVERSEAS_HUB,2024-10-31,177,147,0
T122,OVERSEAS_HUB,2024-11-30,249,207,0
T122,OVERSEAS_HUB,2024-12-31,121,207,0
T122,OVERSEAS_HUB,2025-01-31,95,207,0
T122,OVERSEAS_HUB,2025-02-28,98,191,0
T122,OVERSEAS_HUB,2025-03-31,0,202,1
T122,OVERSEAS_HUB,2025-04-30,305,211,0
T122,OVERSEAS_HUB,2025-05-31,451,230,0
T122,OVERSEAS_HUB,2025-06-30,230,225,0
T122,OVERSEAS_HUB,2025-07-31,74,196,0
T122,OVERSEAS_HUB,2025-08-31,282,183,0
T122,OVERSEAS_HUB,2025-09-30,336,221,0
T122,OVERSEAS_HUB,2025-10-31,180,239,0
T122,OVERSEAS_HUB,2025-11-30,350,231,0
T122,OVERSEAS_HUB,2025-12-31,293,231,0
T122,OVERSEAS_HUB,2026-01-31,192,231,0
T122,OVERSEAS_HUB,2026-02-28,93,309,0
T122,OVERSEAS_HUB,2026-03-31,304,304,0
T122,OVERSEAS_HUB,2026-04-30,355,295,0
T122,OVERSEAS_HUB,2026-05-31,310,275,0
T122,OVERSEAS_HUB,2026-06-30,333,321,0
T122,OVERSEAS_HUB,2026-07-31,1,311,0
T122,OVERSEAS_HUB,2026-08-31,0,299,1
T240,TOKYO_DC,2020-01-31,103,550,0
T240,TOKYO_DC,2020-02-29,320,378,0
T240,TOKYO_DC,2020-03-31,383,423,0
T240,TOKYO_DC,2020-04-30,361,430,0
T240,TOKYO_DC,2020-05-31,289,430,0
T240,TOKYO_DC,2020-06-30,626,442,0
T240,TOKYO_DC,2020-07-31,591,494,0
T240,TOKYO_DC,2020-08-31,822,503,0
T240,TOKYO_DC,2020-09-30,417,569,0
T240,TOKYO_DC,2020-10-31,638,572,0
T240,TOKYO_DC,2020-11-30,709,580,0
T240,TOKYO_DC,2020-12-31,738,568,0
T240,TOKYO_DC,2021-01-31,467,556,0
T240,TOKYO_DC,2021-02-28,475,572,0
T240,TOKYO_DC,2021-03-31,371,616,0
T240,TOKYO_DC,2021-04-30,78,615,0
T240,TOKYO_DC,2021-05-31,927,609,0
T240,TOKYO_DC,2021-06-30,781,614,0
T240,TOKYO_DC,2021-07-31,393,567,0
T240,TOKYO_DC,2021-08-31,0,599,1
T240,TOKYO_DC,2021-09-30,435,566,0
T240,TOKYO_DC,2021-10-31,398,532,0
T240,TOKYO_DC,2021-11-30,784,555,0
T240,TOKYO_DC,2021-12-31,398,546,0
T240,TOKYO_DC,2022-01-31,539,516,0
T240,TOKYO_DC,2022-02-28,682,516,0
T240,TOKYO_DC,2022-03-31,573,478,0
T240,TOKYO_DC,2022-04-30,566,501,0
T240,TOKYO_DC,2022-05-31,35,541,0
T240,TOKYO_DC,2022-06-30,272,530,0
T240,TOKYO_DC,2022-07-31,332,519,0
T240,TOKYO_DC,2022-08-31,160,483,0
T240,TOKYO_DC,2022-09-30,540,503,0
T240,TOKYO_DC,2022-10-31,0,518,1
T240,TOKYO_DC,2022-11-30,460,467,0
T240,TOKYO_DC,2022-12-31,530,487,0
T240,TOKYO_DC,2023-01-31,0,505,1
T240,TOKYO_DC,2023-02-28,303,491,0
T240,TOKYO_DC,2023-03-31,198,463,0
T240,TOKYO_DC,2023-04-30,416,428,0
T240,TOKYO_DC,2023-05-31,651,383,0
T240,TOKYO_DC,2023-06-30,619,383,0
T240,TOKYO_DC,2023-07-31,433,398,0
T240,TOKYO_DC,2023-08-31,466,394,0
T240,TOKYO_DC,2023-09-30,121,372,0
T240,TOKYO_DC,2023-10-31,565,354,0
T240,TOKYO_DC,2023-11-30,159,343,0
T240,TOKYO_DC,2023-12-31,405,304,0
T240,TOKYO_DC,2024-01-31,165,336,0
T240,TOKYO_DC,2024-02-29,292,340,0
T240,TOKYO_DC,2024-03-31,646,392,0
T240,TOKYO_DC,2024-04-30,488,406,0
T240,TOKYO_DC,2024-05-31,327,426,0
T240,TOKYO_DC,2024-06-30,613,443,0
T240,TOKYO_DC,2024-07-31,755,448,0
T240,TOKYO_DC,2024-08-31,445,469,0
T240,TOKYO_DC,2024-09-30,721,420,0
T240,TOKYO_DC,2024-10-31,642,437,0
T240,TOKYO_DC,2024-11-30,934,463,0
T240,TOKYO_DC,2024-12-31,103,511,0
T240,TOKYO_DC,2025-01-31,555,535,0
T240,TOKYO_DC,2025-02-28,764,563,0
T240,TOKYO_DC,2025-03-31,490,510,0
T240,TOKYO_DC,2025-04-30,337,523,0
T240,TOKYO_DC,2025-05-31,480,491,0
T240,TOKYO_DC,2025-06-30,981,449,0
T240,TOKYO_DC,2025-07-31,425,489,0
T240,TOKYO_DC,2025-08-31,513,487,0
T240,TOKYO_DC,2025-09-30,235,522,0
T240,TOKYO_DC,2025-10-31,510,523,0
T240,TOKYO_DC,2025-11-30,0,494,1
T240,TOKYO_DC,2025-12-31,0,476,1
T240,TOKYO_DC,2026-01-31,497,422,0
T240,TOKYO_DC,2026-02-28,48,386,0
T240,TOKYO_DC,2026-03-31,278,407,0
T240,TOKYO_DC,2026-04-30,751,377,0
T240,TOKYO_DC,2026-05-31,280,442,0
T240,TOKYO_DC,2026-06-30,550,470,0
T240,TOKYO_DC,2026-07-31,502,424,0
T240,TOKYO_DC,2026-08-31,290,409,0
T240,OSAKA_DC,2020-01-31,0,367,1
T240,OSAKA_DC,2020-02-29,218,252,0
T240,OSAKA_DC,2020-03-31,190,282,0
T240,OSAKA_DC,2020-04-30,232,287,0
T240,OSAKA_DC,2020-05-31,226,287,0
T240,OSAKA_DC,2020-06-30,249,295,0
T240,OSAKA_DC,2020-07-31,164,329,0
T240,OSAKA_DC,2020-08-31,378,336,0
T240,OSAKA_DC,2020-09-30,658,379,0
T240,OSAKA_DC,2020-10-31,478,382,0
T240,OSAKA_DC,2020-11-30,0,387,1
T240,OSAKA_DC,2020-12-31,243,378,0
T240,OSAKA_DC,2021-01-31,362,371,0
T240,OSAKA_DC,2021-02-28,760,382,0
T240,OSAKA_DC,2021-03-31,533,411,0
T240,OSAKA_DC,2021-04-30,259,410,0
T240,OSAKA_DC,2021-05-31,276,406,0
T240,OSAKA_DC,2021-06-30,394,409,0
T240,OSAKA_DC,2021-07-31,354,378,0
T240,OSAKA_DC,2021-08-31,171,399,0
T240,OSAKA_DC,2021-09-30,135,377,0
T240,OSAKA_DC,2021-10-31,0,355,1
T240,OSAKA_DC,2021-11-30,654,370,0
T240,OSAKA_DC,2021-12-31,0,364,1
T240,OSAKA_DC,2022-01-31,238,344,0
T240,OSAKA_DC,2022-02-28,422,344,0
T240,OSAKA_DC,2022-03-31,477,319,0
T240,OSAKA_DC,2022-04-30,0,334,1
T240,OSAKA_DC,2022-05-31,199,361,0
T240,OSAKA_DC,2022-06-30,205,353,0
T240,OSAKA_DC,2022-07-31,208,346,0
T240,OSAKA_DC,2022-08-31,533,322,0
T240,OSAKA_DC,2022-09-30,0,335,1
T240,OSAKA_DC,2022-10-31,318,345,0
T240,OSAKA_DC,2022-11-30,295,311,0
T240,OSAKA_DC,2022-12-31,442,325,0
T240,OSAKA_DC,2023-01-31,0,337,1
T240,OSAKA_DC,2023-02-28,104,328,0
T240,OSAKA_DC,2023-03-31,310,308,0
T240,OSAKA_DC,2023-04-30,356,285,0
T240,OSAKA_DC,2023-05-31,180,255,0
T240,OSAKA_DC,2023-06-30,425,255,0
T240,OSAKA_DC,2023-07-31,163,266,0
T240,OSAKA_DC,2023-08-31,286,262,0
T240,OSAKA_DC,2023-09-30,0,248,1
T240,OSAKA_DC,2023-10-31,318,236,0
T240,OSAKA_DC,2023-11-30,432,228,0
T240,OSAKA_DC,2023-12-31,461,203,0
T240,OSAKA_DC,2024-01-31,364,224,0
T240,OSAKA_DC,2024-02-29,173,227,0
T240,OSAKA_DC,2024-03-31,131,261,0
T240,OSAKA_DC,2024-04-30,357,271,0
T240,OSAKA_DC,2024-05-31,271,284,0
T240,OSAKA_DC,2024-06-30,475,295,0
T240,OSAKA_DC,2024-07-31,317,299,0
T240,OSAKA_DC,2024-08-31,212,313,0
T240,OSAKA_DC,2024-09-30,286,280,0
T240,OSAKA_DC,2024-10-31,494,291,0
T240,OSAKA_DC,2024-11-30,372,309,0
T240,OSAKA_DC,2024-12-31,439,341,0
T240,OSAKA_DC,2025-01-31,355,357,0
T240,OSAKA_DC,2025-02-28,700,375,0
T240,OSAKA_DC,2025-03-31,222,340,0
T240,OSAKA_DC,2025-04-30,534,349,0
T240,OSAKA_DC,2025-05-31,571,327,0
T240,OSAKA_DC,2025-06-30,0,299,1
T240,OSAKA_DC,2025-07-31,480,326,0
T240,OSAKA_DC,2025-08-31,383,325,0
T240,OSAKA_DC,2025-09-30,356,348,0
T240,OSAKA_DC,2025-10-31,424,349,0
T240,OSAKA_DC,2025-11-30,651,329,0
T240,OSAKA_DC,2025-12-31,0,317,1
T240,OSAKA_DC,2026-01-31,148,282,0
T240,OSAKA_DC,2026-02-28,226,257,0
T240,OSAKA_DC,2026-03-31,0,271,1
T240,OSAKA_DC,2026-04-30,338,252,0
T240,OSAKA_DC,2026-05-31,337,295,0
T240,OSAKA_DC,2026-06-30,595,313,0
T240,OSAKA_DC,2026-07-31,263,282,0
T240,OSAKA_DC,2026-08-31,143,273,0
T240,OVERSEAS_HUB,2020-01-31,0,0,0
T240,OVERSEAS_HUB,2020-02-29,0,191,1
T240,OVERSEAS_HUB,2020-03-31,129,128,0
T240,OVERSEAS_HUB,2020-04-30,111,96,0
T240,OVERSEAS_HUB,2020-05-31,236,236,0
T240,OVERSEAS_HUB,2020-06-30,464,352,0
T240,OVERSEAS_HUB,2020-07-31,0,302,1
T240,OVERSEAS_HUB,2020-08-31,194,264,0
T240,OVERSEAS_HUB,2020-09-30,295,235,0
T240,OVERSEAS_HUB,2020-10-31,288,211,0
T240,OVERSEAS_HUB,2020-11-30,207,192,0
T240,OVERSEAS_HUB,2020-12-31,222,176,0
T240,OVERSEAS_HUB,2021-01-31,156,176,0
T240,OVERSEAS_HUB,2021-02-28,0,206,1
T240,OVERSEAS_HUB,2021-03-31,165,206,0
T240,OVERSEAS_HUB,2021-04-30,141,206,0
T240,OVERSEAS_HUB,2021-05-31,266,196,0
T240,OVERSEAS_HUB,2021-06-30,184,118,0
T240,OVERSEAS_HUB,2021-07-31,139,155,0
T240,OVERSEAS_HUB,2021-08-31,130,155,0
T240,OVERSEAS_HUB,2021-09-30,177,155,0
T240,OVERSEAS_HUB,2021-10-31,146,187,0
T240,OVERSEAS_HUB,2021-11-30,218,187,0
T240,OVERSEAS_HUB,2021-12-31,160,237,0
T240,OVERSEAS_HUB,2022-01-31,190,279,0
T240,OVERSEAS_HUB,2022-02-28,294,217,0
T240,OVERSEAS_HUB,2022-03-31,206,217,0
T240,OVERSEAS_HUB,2022-04-30,472,217,0
T240,OVERSEAS_HUB,2022-05-31,188,162,0
T240,OVERSEAS_HUB,2022-06-30,212,162,0
T240,OVERSEAS_HUB,2022-07-31,236,205,0
T240,OVERSEAS_HUB,2022-08-31,386,287,0
T240,OVERSEAS_HUB,2022-09-30,392,287,0
T240,OVERSEAS_HUB,2022-10-31,208,315,0
T240,OVERSEAS_HUB,2022-11-30,459,363,0
T240,OVERSEAS_HUB,2022-12-31,373,313,0
T240,OVERSEAS_HUB,2023-01-31,410,270,0
T240,OVERSEAS_HUB,2023-02-28,420,306,0
T240,OVERSEAS_HUB,2023-03-31,349,344,0
T240,OVERSEAS_HUB,2023-04-30,629,391,0
T240,OVERSEAS_HUB,2023-05-31,107,437,0
T240,OVERSEAS_HUB,2023-06-30,586,504,0
T240,OVERSEAS_HUB,2023-07-31,475,467,0
T240,OVERSEAS_HUB,2023-08-31,853,385,0
T240,OVERSEAS_HUB,2023-09-30,606,385,0
T240,OVERSEAS_HUB,2023-10-31,309,353,0
T240,OVERSEAS_HUB,2023-11-30,503,331,0
T240,OVERSEAS_HUB,2023-12-31,577,347,0
T240,OVERSEAS_HUB,2024-01-31,258,347,0
T240,OVERSEAS_HUB,2024-02-29,604,356,0
T240,OVERSEAS_HUB,2024-03-31,185,318,0
T240,OVERSEAS_HUB,2024-04-30,400,344,0
T240,OVERSEAS_HUB,2024-05-31,335,297,0
T240,OVERSEAS_HUB,2024-06-30,377,328,0
T240,OVERSEAS_HUB,2024-07-31,331,337,0
T240,OVERSEAS_HUB,2024-08-31,122,449,0
T240,OVERSEAS_HUB,2024-09-30,545,516,0
T240,OVERSEAS_HUB,2024-10-31,0,546,1
T240,OVERSEAS_HUB,2024-11-30,592,595,0
T240,OVERSEAS_HUB,2024-12-31,811,578,0
T240,OVERSEAS_HUB,2025-01-31,796,578,0
T240,OVERSEAS_HUB,2025-02-28,440,534,0
T240,OVERSEAS_HUB,2025-03-31,231,570,0
T240,OVERSEAS_HUB,2025-04-30,385,498,0
T240,OVERSEAS_HUB,2025-05-31,556,522,0
T240,OVERSEAS_HUB,2025-06-30,1129,525,0
T240,OVERSEAS_HUB,2025-07-31,785,472,0
T240,OVERSEAS_HUB,2025-08-31,348,360,0
T240,OVERSEAS_HUB,2025-09-30,10,372,0
T240,OVERSEAS_HUB,2025-10-31,337,374,0
T240,OVERSEAS_HUB,2025-11-30,251,400,0
T240,OVERSEAS_HUB,2025-12-31,681,400,0
T240,OVERSEAS_HUB,2026-01-31,560,447,0
T240,OVERSEAS_HUB,2026-02-28,163,474,0
T240,OVERSEAS_HUB,2026-03-31,698,514,0
T240,OVERSEAS_HUB,2026-04-30,749,555,0
T240,OVERSEAS_HUB,2026-05-31,357,531,0
T240,OVERSEAS_HUB,2026-06-30,796,502,0
T240,OVERSEAS_HUB,2026-07-31,403,544,0
T240,OVERSEAS_HUB,2026-08-31,902,544,0
T241,TOKYO_DC,2020-01-31,0,6,1
T241,TOKYO_DC,2020-02-29,4,4,0
T241,TOKYO_DC,2020-03-31,0,4,1
T241,TOKYO_DC,2020-04-30,2,4,0
T241,TOKYO_DC,2020-05-31,5,4,0
T241,TOKYO_DC,2020-06-30,13,7,0
T241,TOKYO_DC,2020-07-31,6,6,0
T241,TOKYO_DC,2020-08-31,6,6,0
T241,TOKYO_DC,2020-09-30,4,6,0
T241,TOKYO_DC,2020-10-31,3,6,0
T241,TOKYO_DC,2020-11-30,3,6,0
T241,TOKYO_DC,2020-12-31,11,13,0
T241,TOKYO_DC,2021-01-31,19,14,0
T241,TOKYO_DC,2021-02-28,11,14,0
T241,TOKYO_DC,2021-03-31,11,14,0
T241,TOKYO_DC,2021-04-30,17,14,0
T241,TOKYO_DC,2021-05-31,14,14,0
T241,TOKYO_DC,2021-06-30,21,13,0
T241,TOKYO_DC,2021-07-31,0,13,1
T241,TOKYO_DC,2021-08-31,7,14,0
T241,TOKYO_DC,2021-09-30,17,14,0
T241,TOKYO_DC,2021-10-31,22,14,0
T241,TOKYO_DC,2021-11-30,0,14,1
T241,TOKYO_DC,2021-12-31,7,7,0
T241,TOKYO_DC,2022-01-31,0,7,1
T241,TOKYO_DC,2022-02-28,8,7,0
T241,TOKYO_DC,2022-03-31,11,8,0
T241,TOKYO_DC,2022-04-30,8,7,0
T241,TOKYO_DC,2022-05-31,9,8,0
T241,TOKYO_DC,2022-06-30,7,8,0
T241,TOKYO_DC,2022-07-31,5,9,0
T241,TOKYO_DC,2022-08-31,8,8,0
T241,TOKYO_DC,2022-09-30,14,10,0
T241,TOKYO_DC,2022-10-31,1,10,0
T241,TOKYO_DC,2022-11-30,4,10,0
T241,TOKYO_DC,2022-12-31,4,9,0
T241,TOKYO_DC,2023-01-31,11,8,0
T241,TOKYO_DC,2023-02-28,20,12,0
T241,TOKYO_DC,2023-03-31,13,11,0
T241,TOKYO_DC,2023-04-30,8,12,0
T241,TOKYO_DC,2023-05-31,16,12,0
T241,TOKYO_DC,2023-06-30,5,11,0
T241,TOKYO_DC,2023-07-31,14,10,0
T241,TOKYO_DC,2023-08-31,14,10,0
T241,TOKYO_DC,2023-09-30,4,8,0
T241,TOKYO_DC,2023-10-31,5,8,0
T241,TOKYO_DC,2023-11-30,14,8,0
T241,TOKYO_DC,2023-12-31,16,9,0
T241,TOKYO_DC,2024-01-31,14,10,0
T241,TOKYO_DC,2024-02-29,9,6,0
T241,TOKYO_DC,2024-03-31,5,6,0
T241,TOKYO_DC,2024-04-30,3,6,0
T241,TOKYO_DC,2024-05-31,3,5,0
T241,TOKYO_DC,2024-06-30,9,6,0
T241,TOKYO_DC,2024-07-31,7,6,0
T241,TOKYO_DC,2024-08-31,5,7,0
T241,TOKYO_DC,2024-09-30,0,7,1
T241,TOKYO_DC,2024-10-31,4,8,0
T241,TOKYO_DC,2024-11-30,10,9,0
T241,TOKYO_DC,2024-12-31,25,14,0
T241,TOKYO_DC,2025-01-31,6,14,0
T241,TOKYO_DC,2025-02-28,22,16,0
T241,TOKYO_DC,2025-03-31,16,19,0
T241,TOKYO_DC,2025-04-30,27,19,0
T241,TOKYO_DC,2025-05-31,21,21,0
T241,TOKYO_DC,2025-06-30,12,23,0
T241,TOKYO_DC,2025-07-31,28,23,0
T241,TOKYO_DC,2025-08-31,29,21,0
T241,TOKYO_DC,2025-09-30,32,22,0
T241,TOKYO_DC,2025-10-31,13,24,0
T241,TOKYO_DC,2025-11-30,10,23,0
T241,TOKYO_DC,2025-12-31,14,18,0
T241,TOKYO_DC,2026-01-31,7,18,0
T241,TOKYO_DC,2026-02-28,21,17,0
T241,TOKYO_DC,2026-03-31,17,15,0
T241,TOKYO_DC,2026-04-30,20,15,0
T241,TOKYO_DC,2026-05-31,1,14,0
T241,TOKYO_DC,2026-06-30,14,11,0
T241,TOKYO_DC,2026-07-31,6,12,0
T241,TOKYO_DC,2026-08-31,22,12,0
T241,OSAKA_DC,2020-01-31,7,4,0
T241,OSAKA_DC,2020-02-29,3,3,0
T241,OSAKA_DC,2020-03-31,3,3,0
T241,OSAKA_DC,2020-04-30,3,3,0
T241,OSAKA_DC,2020-05-31,3,3,0
T241,OSAKA_DC,2020-06-30,7,5,0
T241,OSAKA_DC,2020-07-31,9,4,0
T241,OSAKA_DC,2020-08-31,5,4,0
T241,OSAKA_DC,2020-09-30,4,4,0
T241,OSAKA_DC,2020-10-31,5,4,0
T241,OSAKA_DC,2020-11-30,0,4,1
T241,OSAKA_DC,2020-12-31,9,9,0
T241,OSAKA_DC,2021-01-31,12,9,0
T241,OSAKA_DC,2021-02-28,15,9,0
T241,OSAKA_DC,2021-03-31,10,9,0
T241,OSAKA_DC,2021-04-30,4,9,0
T241,OSAKA_DC,2021-05-31,4,9,0
T241,OSAKA_DC,2021-06-30,15,9,0
T241,OSAKA_DC,2021-07-31,14,9,0
T241,OSAKA_DC,2021-08-31,8,9,0
T241,OSAKA_DC,2021-09-30,4,9,0
T241,OSAKA_DC,2021-10-31,20,9,0
T241,OSAKA_DC,2021-11-30,6,9,0
T241,OSAKA_DC,2021-12-31,4,5,0
T241,OSAKA_DC,2022-01-31,1,5,0
T241,OSAKA_DC,2022-02-28,5,4,0
T241,OSAKA_DC,2022-03-31,5,5,0
T241,OSAKA_DC,2022-04-30,5,5,0
T241,OSAKA_DC,2022-05-31,5,5,0
T241,OSAKA_DC,2022-06-30,2,5,0
T241,OSAKA_DC,2022-07-31,4,6,0
T241,OSAKA_DC,2022-08-31,4,5,0
T241,OSAKA_DC,2022-09-30,1,7,0
T241,OSAKA_DC,2022-10-31,10,7,0
T241,OSAKA_DC,2022-11-30,8,7,0
T241,OSAKA_DC,2022-12-31,4,6,0
T241,OSAKA_DC,2023-01-31,9,6,0
T241,OSAKA_DC,2023-02-28,10,8,0
T241,OSAKA_DC,2023-03-31,10,8,0
T241,OSAKA_DC,2023-04-30,11,8,0
T241,OSAKA_DC,2023-05-31,5,8,0
T241,OSAKA_DC,2023-06-30,6,8,0
T241,OSAKA_DC,2023-07-31,3,7,0
T241,OSAKA_DC,2023-08-31,9,7,0
T241,OSAKA_DC,2023-09-30,7,5,0
T241,OSAKA_DC,2023-10-31,6,5,0
T241,OSAKA_DC,2023-11-30,3,5,0
T241,OSAKA_DC,2023-12-31,8,6,0
T241,OSAKA_DC,2024-01-31,9,7,0
T241,OSAKA_DC,2024-02-29,4,4,0
T241,OSAKA_DC,2024-03-31,2,4,0
T241,OSAKA_DC,2024-04-30,1,4,0
T241,OSAKA_DC,2024-05-31,5,4,0
T241,OSAKA_DC,2024-06-30,0,4,1
T241,OSAKA_DC,2024-07-31,7,4,0
T241,OSAKA_DC,2024-08-31,2,5,0
T241,OSAKA_DC,2024-09-30,3,5,0
T241,OSAKA_DC,2024-10-31,4,5,0
T241,OSAKA_DC,2024-11-30,4,6,0
T241,OSAKA_DC,2024-12-31,16,9,0
T241,OSAKA_DC,2025-01-31,9,9,0
T241,OSAKA_DC,2025-02-28,10,10,0
T241,OSAKA_DC,2025-03-31,12,13,0
T241,OSAKA_DC,2025-04-30,10,13,0
T241,OSAKA_DC,2025-05-31,5,14,0
T241,OSAKA_DC,2025-06-30,17,15,0
T241,OSAKA_DC,2025-07-31,17,15,0
T241,OSAKA_DC,2025-08-31,12,14,0
T241,OSAKA_DC,2025-09-30,5,15,0
T241,OSAKA_DC,2025-10-31,17,16,0
T241,OSAKA_DC,2025-11-30,14,16,0
T241,OSAKA_DC,2025-12-31,18,12,0
T241,OSAKA_DC,2026-01-31,13,12,0
T241,OSAKA_DC,2026-02-28,15,11,0
T241,OSAKA_DC,2026-03-31,7,10,0
T241,OSAKA_DC,2026-04-30,17,10,0
T241,OSAKA_DC,2026-05-31,0,9,1
T241,OSAKA_DC,2026-06-30,8,8,0
T241,OSAKA_DC,2026-07-31,7,8,0
T241,OSAKA_DC,2026-08-31,9,8,0
T241,OVERSEAS_HUB,2020-01-31,0,0,0
T241,OVERSEAS_HUB,2020-02-29,1,2,0
T241,OVERSEAS_HUB,2020-03-31,10,6,0
T241,OVERSEAS_HUB,2020-04-30,10,7,0
T241,OVERSEAS_HUB,2020-05-31,7,5,0
T241,OVERSEAS_HUB,2020-06-30,5,5,0
T241,OVERSEAS_HUB,2020-07-31,5,4,0
T241,OVERSEAS_HUB,2020-08-31,6,5,0
T241,OVERSEAS_HUB,2020-09-30,0,5,1
T241,OVERSEAS_HUB,2020-10-31,0,4,1
T241,OVERSEAS_HUB,2020-11-30,4,4,0
T241,OVERSEAS_HUB,2020-12-31,0,4,1
T241,OVERSEAS_HUB,2021-01-31,5,6,0
T241,OVERSEAS_HUB,2021-02-28,5,5,0
T241,OVERSEAS_HUB,2021-03-31,2,4,0
T241,OVERSEAS_HUB,2021-04-30,4,5,0
T241,OVERSEAS_HUB,2021-05-31,0,5,1
T241,OVERSEAS_HUB,2021-06-30,2,5,0
T241,OVERSEAS_HUB,2021-07-31,4,5,0
T241,OVERSEAS_HUB,2021-08-31,4,4,0
T241,OVERSEAS_HUB,2021-09-30,3,5,0
T241,OVERSEAS_HUB,2021-10-31,7,7,0
T241,OVERSEAS_HUB,2021-11-30,10,8,0
T241,OVERSEAS_HUB,2021-12-31,7,8,0
T241,OVERSEAS_HUB,2022-01-31,7,7,0
T241,OVERSEAS_HUB,2022-02-28,10,7,0
T241,OVERSEAS_HUB,2022-03-31,11,7,0
T241,OVERSEAS_HUB,2022-04-30,7,7,0
T241,OVERSEAS_HUB,2022-05-31,6,6,0
T241,OVERSEAS_HUB,2022-06-30,6,6,0
T241,OVERSEAS_HUB,2022-07-31,11,10,0
T241,OVERSEAS_HUB,2022-08-31,15,10,0
T241,OVERSEAS_HUB,2022-09-30,9,8,0
T241,OVERSEAS_HUB,2022-10-31,3,6,0
T241,OVERSEAS_HUB,2022-11-30,8,6,0
T241,OVERSEAS_HUB,2022-12-31,6,6,0
T241,OVERSEAS_HUB,2023-01-31,7,6,0
T241,OVERSEAS_HUB,2023-02-28,4,5,0
T241,OVERSEAS_HUB,2023-03-31,4,6,0
T241,OVERSEAS_HUB,2023-04-30,7,6,0
T241,OVERSEAS_HUB,2023-05-31,6,8,0
T241,OVERSEAS_HUB,2023-06-30,5,9,0
T241,OVERSEAS_HUB,2023-07-31,6,5,0
T241,OVERSEAS_HUB,2023-08-31,3,6,0
T241,OVERSEAS_HUB,2023-09-30,5,6,0
T241,OVERSEAS_HUB,2023-10-31,5,6,0
T241,OVERSEAS_HUB,2023-11-30,6,6,0
T241,OVERSEAS_HUB,2023-12-31,1,8,0
T241,OVERSEAS_HUB,2024-01-31,8,11,0
T241,OVERSEAS_HUB,2024-02-29,0,12,1
T241,OVERSEAS_HUB,2024-03-31,13,10,0
T241,OVERSEAS_HUB,2024-04-30,18,12,0
T241,OVERSEAS_HUB,2024-05-31,7,9,0
T241,OVERSEAS_HUB,2024-06-30,9,11,0
T241,OVERSEAS_HUB,2024-07-31,15,12,0
T241,OVERSEAS_HUB,2024-08-31,0,15,1
T241,OVERSEAS_HUB,2024-09-30,13,15,0
T241,OVERSEAS_HUB,2024-10-31,15,15,0
T241,OVERSEAS_HUB,2024-11-30,0,20,1
T241,OVERSEAS_HUB,2024-12-31,9,18,0
T241,OVERSEAS_HUB,2025-01-31,0,14,1
T241,OVERSEAS_HUB,2025-02-28,27,14,0
T241,OVERSEAS_HUB,2025-03-31,7,25,0
T241,OVERSEAS_HUB,2025-04-30,7,24,0
T241,OVERSEAS_HUB,2025-05-31,33,28,0
T241,OVERSEAS_HUB,2025-06-30,11,26,0
T241,OVERSEAS_HUB,2025-07-31,50,27,0
T241,OVERSEAS_HUB,2025-08-31,21,23,0
T241,OVERSEAS_HUB,2025-09-30,26,23,0
T241,OVERSEAS_HUB,2025-10-31,35,23,0
T241,OVERSEAS_HUB,2025-11-30,21,18,0
T241,OVERSEAS_HUB,2025-12-31,20,19,0
T241,OVERSEAS_HUB,2026-01-31,13,23,0
T241,OVERSEAS_HUB,2026-02-28,0,23,1
T241,OVERSEAS_HUB,2026-03-31,10,15,0
T241,OVERSEAS_HUB,2026-04-30,10,15,0
T241,OVERSEAS_HUB,2026-05-31,13,11,0
T241,OVERSEAS_HUB,2026-06-30,25,13,0
T241,OVERSEAS_HUB,2026-07-31,15,11,0
T241,OVERSEAS_HUB,2026-08-31,3,10,0
