item_code,channel,target_ym,forecast_run_ym,model_name,p50,lower_bound,upper_bound
K210,DOM,2021-01-31,2020-12-31,baseline_seasonal_naive,21,13,32
K210,EXP,2021-01-31,2020-12-31,baseline_seasonal_naive,0,0,0
K210A,DOM,2021-01-31,2020-12-31,baseline_seasonal_naive,0,0,0
K210A,EXP,2021-01-31,2020-12-31,baseline_seasonal_naive,0,0,0
K210B,DOM,2021-01-31,2020-12-31,baseline_seasonal_naive,78,47,117
K210B,EXP,2021-01-31,2020-12-31,baseline_seasonal_naive,0,0,0
K210C,DOM,2021-01-31,2020-12-31,baseline_seasonal_naive,4,2,6
K210C,EXP,2021-01-31,2020-12-31,baseline_seasonal_naive,0,0,0
K210D,DOM,2021-01-31,2020-12-31,baseline_seasonal_naive,0,0,0
K210D,EXP,2021-01-31,2020-12-31,baseline_seasonal_naive,0,0,0
K240,DOM,2021-01-31,2020-12-31,baseline_seasonal_naive,3,2,5
K240,EXP,2021-01-31,2020-12-31,baseline_seasonal_naive,5,3,8
K240B,DOM,2021-01-31,2020-12-31,baseline_seasonal_naive,0,0,0
K240B,EXP,2021-01-31,2020-12-31,baseline_seasonal_naive,0,0,0
K250A,DOM,2021-01-31,2020-12-31,baseline_seasonal_naive,169,101,254
K250A,EXP,2021-01-31,2020-12-31,baseline_seasonal_naive,131,79,197
K250B,DOM,2021-01-31,2020-12-31,baseline_seasonal_naive,50,30,75
K310,DOM,2021-01-31,2020-12-31,baseline_seasonal_naive,523,314,785
K310,EXP,2021-01-31,2020-12-31,baseline_seasonal_naive,628,377,942
K311,DOM,2021-01-31,2020-12-31,baseline_seasonal_naive,110,66,165
K311,EXP,2021-01-31,2020-12-31,baseline_seasonal_naive,0,0,0
K312,DOM,2021-01-31,2020-12-31,baseline_seasonal_naive,11,7,17
K312,EXP,2021-01-31,2020-12-31,baseline_seasonal_naive,5,3,8
K350A,DOM,2021-01-31,2020-12-31,baseline_seasonal_naive,9,5,14
K350B,DOM,2021-01-31,2020-12-31,baseline_seasonal_naive,1,1,2
K350C,DOM,2021-01-31,2020-12-31,baseline_seasonal_naive,11,7,17
K350D,DOM,2021-01-31,2020-12-31,baseline_seasonal_naive,4,2,6
K350E,DOM,2021-01-31,2020-12-31,baseline_seasonal_naive,18,11,27
K350F,DOM,2021-01-31,2020-12-31,baseline_seasonal_naive,0,0,0
T120,DOM,2021-01-31,2020-12-31,baseline_seasonal_naive,911,547,1367
T120,EXP,2021-01-31,2020-12-31,baseline_seasonal_naive,1176,706,1764
T121,DOM,2021-01-31,2020-12-31,baseline_seasonal_naive,310,186,465
T121,EXP,2021-01-31,2020-12-31,baseline_seasonal_naive,298,179,447
T122,DOM,2021-01-31,2020-12-31,baseline_seasonal_naive,547,328,821
T122,EXP,2021-01-31,2020-12-31,baseline_seasonal_naive,0,0,0
T240,DOM,2021-01-31,2020-12-31,baseline_seasonal_naive,611,367,917
T240,EXP,2021-01-31,2020-12-31,baseline_seasonal_naive,0,0,0
T241,DOM,2021-01-31,2020-12-31,baseline_seasonal_naive,7,4,11
T241,EXP,2021-01-31,2020-12-31,baseline_seasonal_naive,0,0,0
K210,DOM,2021-02-28,2021-01-31,baseline_seasonal_naive,23,14,35
K210,EXP,2021-02-28,2021-01-31,baseline_seasonal_naive,0,0,0
K210A,DOM,2021-02-28,2021-01-31,baseline_seasonal_naive,0,0,0
K210A,EXP,2021-02-28,2021-01-31,baseline_seasonal_naive,0,0,0
K210B,DOM,2021-02-28,2021-01-31,baseline_seasonal_naive,21,13,32
K210B,EXP,2021-02-28,2021-01-31,baseline_seasonal_naive,0,0,0
K210C,DOM,2021-02-28,2021-01-31,baseline_seasonal_naive,2,1,3
K210C,EXP,2021-02-28,2021-01-31,baseline_seasonal_naive,4,2,6
K210D,DOM,2021-02-28,2021-01-31,baseline_seasonal_naive,0,0,0
K210D,EXP,2021-02-28,2021-01-31,baseline_seasonal_naive,0,0,0
K240,DOM,2021-02-28,2021-01-31,baseline_seasonal_naive,0,0,0
K240,EXP,2021-02-28,2021-01-31,baseline_seasonal_naive,0,0,0
K240B,DOM,2021-02-28,2021-01-31,baseline_seasonal_naive,0,0,0
K240B,EXP,2021-02-28,2021-01-31,baseline_seasonal_naive,0,0,0
K250A,DOM,2021-02-28,2021-01-31,baseline_seasonal_naive,129,77,194
K250A,EXP,2021-02-28,2021-01-31,baseline_seasonal_naive,99,59,149
K250B,DOM,2021-02-28,2021-01-31,baseline_seasonal_naive,132,79,198
K310,DOM,2021-02-28,2021-01-31,baseline_seasonal_naive,1230,738,1845
K310,EXP,2021-02-28,2021-01-31,baseline_seasonal_naive,0,0,0
K311,DOM,2021-02-28,2021-01-31,baseline_seasonal_naive,103,62,155
K311,EXP,2021-02-28,2021-01-31,baseline_seasonal_naive,0,0,0
K312,DOM,2021-02-28,2021-01-31,baseline_seasonal_naive,29,17,44
K312,EXP,2021-02-28,2021-01-31,baseline_seasonal_naive,0,0,0
K350A,DOM,2021-02-28,2021-01-31,baseline_seasonal_naive,11,7,17
K350B,DOM,2021-02-28,2021-01-31,baseline_seasonal_naive,1,1,2
K350C,DOM,2021-02-28,2021-01-31,baseline_seasonal_naive,6,4,9
K350D,DOM,2021-02-28,2021-01-31,baseline_seasonal_naive,7,4,11
K350E,DOM,2021-02-28,2021-01-31,baseline_seasonal_naive,19,11,29
K350F,DOM,2021-02-28,2021-01-31,baseline_seasonal_naive,0,0,0
T120,DOM,2021-02-28,2021-01-31,baseline_seasonal_naive,590,354,885
T120,EXP,2021-02-28,2021-01-31,baseline_seasonal_naive,762,457,1143
T121,DOM,2021-02-28,2021-01-31,baseline_seasonal_naive,865,519,1298
T121,EXP,2021-02-28,2021-01-31,baseline_seasonal_naive,0,0,0
T122,DOM,2021-02-28,2021-01-31,baseline_seasonal_naive,95,57,143
T122,EXP,2021-02-28,2021-01-31,baseline_seasonal_naive,143,86,215
T240,DOM,2021-02-28,2021-01-31,baseline_seasonal_naive,229,137,344
T240,EXP,2021-02-28,2021-01-31,baseline_seasonal_naive,255,153,383
T241,DOM,2021-02-28,2021-01-31,baseline_seasonal_naive,2,1,3
T241,EXP,2021-02-28,2021-01-31,baseline_seasonal_naive,3,2,5
K210,DOM,2021-03-31,2021-02-28,baseline_seasonal_naive,37,22,56
K210,EXP,2021-03-31,2021-02-28,baseline_seasonal_naive,0,0,0
K210A,DOM,2021-03-31,2021-02-28,baseline_seasonal_naive,0,0,0
K210A,EXP,2021-03-31,2021-02-28,baseline_seasonal_naive,0,0,0
K210B,DOM,2021-03-31,2021-02-28,baseline_seasonal_naive,36,22,54
K210B,EXP,2021-03-31,2021-02-28,baseline_seasonal_naive,24,14,36
K210C,DOM,2021-03-31,2021-02-28,baseline_seasonal_naive,3,2,5
K210C,EXP,2021-03-31,2021-02-28,baseline_seasonal_naive,0,0,0
K210D,DOM,2021-03-31,2021-02-28,baseline_seasonal_naive,0,0,0
K210D,EXP,2021-03-31,2021-02-28,baseline_seasonal_naive,0,0,0
K240,DOM,2021-03-31,2021-02-28,baseline_seasonal_naive,0,0,0
K240,EXP,2021-03-31,2021-02-28,baseline_seasonal_naive,1,1,2
K240B,DOM,2021-03-31,2021-02-28,baseline_seasonal_naive,0,0,0
K240B,EXP,2021-03-31,2021-02-28,baseline_seasonal_naive,0,0,0
K250A,DOM,2021-03-31,2021-02-28,baseline_seasonal_naive,175,105,263
K250A,EXP,2021-03-31,2021-02-28,baseline_seasonal_naive,135,81,203
K250B,DOM,2021-03-31,2021-02-28,baseline_seasonal_naive,33,20,50
K310,DOM,2021-03-31,2021-02-28,baseline_seasonal_naive,631,379,947
K310,EXP,2021-03-31,2021-02-28,baseline_seasonal_naive,758,455,1137
K311,DOM,2021-03-31,2021-02-28,baseline_seasonal_naive,92,55,138
K311,EXP,2021-03-31,2021-02-28,baseline_seasonal_naive,0,0,0
K312,DOM,2021-03-31,2021-02-28,baseline_seasonal_naive,24,14,36
K312,EXP,2021-03-31,2021-02-28,baseline_seasonal_naive,0,0,0
K350A,DOM,2021-03-31,2021-02-28,baseline_seasonal_naive,8,5,12
K350B,DOM,2021-03-31,2021-02-28,baseline_seasonal_naive,1,1,2
K350C,DOM,2021-03-31,2021-02-28,baseline_seasonal_naive,9,5,14
K350D,DOM,2021-03-31,2021-02-28,baseline_seasonal_naive,5,3,8
K350E,DOM,2021-03-31,2021-02-28,baseline_seasonal_naive,15,9,23
K350F,DOM,2021-03-31,2021-02-28,baseline_seasonal_naive,0,0,0
T120,DOM,2021-03-31,2021-02-28,baseline_seasonal_naive,261,157,392
T120,EXP,2021-03-31,2021-02-28,baseline_seasonal_naive,338,203,507
T121,DOM,2021-03-31,2021-02-28,baseline_seasonal_naive,987,592,1481
T121,EXP,2021-03-31,2021-02-28,baseline_seasonal_naive,0,0,0
T122,DOM,2021-03-31,2021-02-28,baseline_seasonal_naive,80,48,120
T122,EXP,2021-03-31,2021-02-28,baseline_seasonal_naive,120,72,180
T240,DOM,2021-03-31,2021-02-28,baseline_seasonal_naive,569,341,854
T240,EXP,2021-03-31,2021-02-28,baseline_seasonal_naive,0,0,0
T241,DOM,2021-03-31,2021-02-28,baseline_seasonal_naive,5,3,8
T241,EXP,2021-03-31,2021-02-28,baseline_seasonal_naive,9,5,14
K210,DOM,2021-04-30,2021-03-31,baseline_seasonal_naive,20,12,30
K210,EXP,2021-04-30,2021-03-31,baseline_seasonal_naive,0,0,0
K210A,DOM,2021-04-30,2021-03-31,baseline_seasonal_naive,0,0,0
K210A,EXP,2021-04-30,2021-03-31,baseline_seasonal_naive,0,0,0
K210B,DOM,2021-04-30,2021-03-31,baseline_seasonal_naive,66,40,99
K210B,EXP,2021-04-30,2021-03-31,baseline_seasonal_naive,44,26,66
K210C,DOM,2021-04-30,2021-03-31,baseline_seasonal_naive,5,3,8
K210C,EXP,2021-04-30,2021-03-31,baseline_seasonal_naive,9,5,14
K210D,DOM,2021-04-30,2021-03-31,baseline_seasonal_naive,0,0,0
K210D,EXP,2021-04-30,2021-03-31,baseline_seasonal_naive,0,0,0
K240,DOM,2021-04-30,2021-03-31,baseline_seasonal_naive,5,3,8
K240,EXP,2021-04-30,2021-03-31,baseline_seasonal_naive,0,0,0
K240B,DOM,2021-04-30,2021-03-31,baseline_seasonal_naive,0,0,0
K240B,EXP,2021-04-30,2021-03-31,baseline_seasonal_naive,0,0,0
K250A,DOM,2021-04-30,2021-03-31,baseline_seasonal_naive,191,115,287
K250A,EXP,2021-04-30,2021-03-31,baseline_seasonal_naive,148,89,222
K250B,DOM,2021-04-30,2021-03-31,baseline_seasonal_naive,48,29,72
K310,DOM,2021-04-30,2021-03-31,baseline_seasonal_naive,1628,977,2442
K310,EXP,2021-04-30,2021-03-31,baseline_seasonal_naive,0,0,0
K311,DOM,2021-04-30,2021-03-31,baseline_seasonal_naive,39,23,59
K311,EXP,2021-04-30,2021-03-31,baseline_seasonal_naive,35,21,53
K312,DOM,2021-04-30,2021-03-31,baseline_seasonal_naive,9,5,14
K312,EXP,2021-04-30,2021-03-31,baseline_seasonal_naive,4,2,6
K350A,DOM,2021-04-30,2021-03-31,baseline_seasonal_naive,9,5,14
K350B,DOM,2021-04-30,2021-03-31,baseline_seasonal_naive,1,1,2
K350C,DOM,2021-04-30,2021-03-31,baseline_seasonal_naive,11,7,17
K350D,DOM,2021-04-30,2021-03-31,baseline_seasonal_naive,11,7,17
K350E,DOM,2021-04-30,2021-03-31,baseline_seasonal_naive,11,7,17
K350F,DOM,2021-04-30,2021-03-31,baseline_seasonal_naive,0,0,0
T120,DOM,2021-04-30,2021-03-31,baseline_seasonal_naive,882,529,1323
T120,EXP,2021-04-30,2021-03-31,baseline_seasonal_naive,1140,684,1710
T121,DOM,2021-04-30,2021-03-31,baseline_seasonal_naive,404,242,606
T121,EXP,2021-04-30,2021-03-31,baseline_seasonal_naive,390,234,585
T122,DOM,2021-04-30,2021-03-31,baseline_seasonal_naive,271,163,407
T122,EXP,2021-04-30,2021-03-31,baseline_seasonal_naive,0,0,0
T240,DOM,2021-04-30,2021-03-31,baseline_seasonal_naive,503,302,755
T240,EXP,2021-04-30,2021-03-31,baseline_seasonal_naive,0,0,0
T241,DOM,2021-04-30,2021-03-31,baseline_seasonal_naive,3,2,5
T241,EXP,2021-04-30,2021-03-31,baseline_seasonal_naive,6,4,9
K210,DOM,2021-05-31,2021-04-30,baseline_seasonal_naive,10,6,15
K210,EXP,2021-05-31,2021-04-30,baseline_seasonal_naive,10,6,15
K210A,DOM,2021-05-31,2021-04-30,baseline_seasonal_naive,0,0,0
K210A,EXP,2021-05-31,2021-04-30,baseline_seasonal_naive,0,0,0
K210B,DOM,2021-05-31,2021-04-30,baseline_seasonal_naive,56,34,84
K210B,EXP,2021-05-31,2021-04-30,baseline_seasonal_naive,37,22,56
K210C,DOM,2021-05-31,2021-04-30,baseline_seasonal_naive,6,4,9
K210C,EXP,2021-05-31,2021-04-30,baseline_seasonal_naive,11,7,17
K210D,DOM,2021-05-31,2021-04-30,baseline_seasonal_naive,0,0,0
K210D,EXP,2021-05-31,2021-04-30,baseline_seasonal_naive,0,0,0
K240,DOM,2021-05-31,2021-04-30,baseline_seasonal_naive,27,16,41
K240,EXP,2021-05-31,2021-04-30,baseline_seasonal_naive,0,0,0
K240B,DOM,2021-05-31,2021-04-30,baseline_seasonal_naive,0,0,0
K240B,EXP,2021-05-31,2021-04-30,baseline_seasonal_naive,0,0,0
K250A,DOM,2021-05-31,2021-04-30,baseline_seasonal_naive,257,154,386
K250A,EXP,2021-05-31,2021-04-30,baseline_seasonal_naive,0,0,0
K250B,DOM,2021-05-31,2021-04-30,baseline_seasonal_naive,47,28,71
K310,DOM,2021-05-31,2021-04-30,baseline_seasonal_naive,984,590,1476
K310,EXP,2021-05-31,2021-04-30,baseline_seasonal_naive,0,0,0
K311,DOM,2021-05-31,2021-04-30,baseline_seasonal_naive,77,46,116
K311,EXP,2021-05-31,2021-04-30,baseline_seasonal_naive,0,0,0
K312,DOM,2021-05-31,2021-04-30,baseline_seasonal_naive,52,31,78
K312,EXP,2021-05-31,2021-04-30,baseline_seasonal_naive,0,0,0
K350A,DOM,2021-05-31,2021-04-30,baseline_seasonal_naive,8,5,12
K350B,DOM,2021-05-31,2021-04-30,baseline_seasonal_naive,2,1,3
K350C,DOM,2021-05-31,2021-04-30,baseline_seasonal_naive,13,8,20
K350D,DOM,2021-05-31,2021-04-30,baseline_seasonal_naive,9,5,14
K350E,DOM,2021-05-31,2021-04-30,baseline_seasonal_naive,17,10,26
K350F,DOM,2021-05-31,2021-04-30,baseline_seasonal_naive,0,0,0
T120,DOM,2021-05-31,2021-04-30,baseline_seasonal_naive,404,242,606
T120,EXP,2021-05-31,2021-04-30,baseline_seasonal_naive,522,313,783
T121,DOM,2021-05-31,2021-04-30,baseline_seasonal_naive,573,344,860
T121,EXP,2021-05-31,2021-04-30,baseline_seasonal_naive,0,0,0
T122,DOM,2021-05-31,2021-04-30,baseline_seasonal_naive,470,282,705
T122,EXP,2021-05-31,2021-04-30,baseline_seasonal_naive,706,424,1059
T240,DOM,2021-05-31,2021-04-30,baseline_seasonal_naive,476,286,714
T240,EXP,2021-05-31,2021-04-30,baseline_seasonal_naive,530,318,795
T241,DOM,2021-05-31,2021-04-30,baseline_seasonal_naive,5,3,8
T241,EXP,2021-05-31,2021-04-30,baseline_seasonal_naive,0,0,0
K210,DOM,2021-06-30,2021-05-31,baseline_seasonal_naive,4,2,6
K210,EXP,2021-06-30,2021-05-31,baseline_seasonal_naive,20,12,30
K210A,DOM,2021-06-30,2021-05-31,baseline_seasonal_naive,0,0,0
K210A,EXP,2021-06-30,2021-05-31,baseline_seasonal_naive,0,0,0
K210B,DOM,2021-06-30,2021-05-31,baseline_seasonal_naive,47,28,71
K210B,EXP,2021-06-30,2021-05-31,baseline_seasonal_naive,32,19,48
K210C,DOM,2021-06-30,2021-05-31,baseline_seasonal_naive,35,21,53
K210C,EXP,2021-06-30,2021-05-31,baseline_seasonal_naive,0,0,0
K210D,DOM,2021-06-30,2021-05-31,baseline_seasonal_naive,0,0,0
K210D,EXP,2021-06-30,2021-05-31,baseline_seasonal_naive,0,0,0
K240,DOM,2021-06-30,2021-05-31,baseline_seasonal_naive,0,0,0
K240,EXP,2021-06-30,2021-05-31,baseline_seasonal_naive,0,0,0
K240B,DOM,2021-06-30,2021-05-31,baseline_seasonal_naive,0,0,0
K240B,EXP,2021-06-30,2021-05-31,baseline_seasonal_naive,0,0,0
K250A,DOM,2021-06-30,2021-05-31,baseline_seasonal_naive,212,127,318
K250A,EXP,2021-06-30,2021-05-31,baseline_seasonal_naive,0,0,0
K250B,DOM,2021-06-30,2021-05-31,baseline_seasonal_naive,37,22,56
K310,DOM,2021-06-30,2021-05-31,baseline_seasonal_naive,573,344,860
K310,EXP,2021-06-30,2021-05-31,baseline_seasonal_naive,687,412,1031
K311,DOM,2021-06-30,2021-05-31,baseline_seasonal_naive,100,60,150
K311,EXP,2021-06-30,2021-05-31,baseline_seasonal_naive,0,0,0
K312,DOM,2021-06-30,2021-05-31,baseline_seasonal_naive,7,4,11
K312,EXP,2021-06-30,2021-05-31,baseline_seasonal_naive,3,2,5
K350A,DOM,2021-06-30,2021-05-31,baseline_seasonal_naive,10,6,15
K350B,DOM,2021-06-30,2021-05-31,baseline_seasonal_naive,2,1,3
K350C,DOM,2021-06-30,2021-05-31,baseline_seasonal_naive,11,7,17
K350D,DOM,2021-06-30,2021-05-31,baseline_seasonal_naive,11,7,17
K350E,DOM,2021-06-30,2021-05-31,baseline_seasonal_naive,0,0,0
K350F,DOM,2021-06-30,2021-05-31,baseline_seasonal_naive,0,0,0
T120,DOM,2021-06-30,2021-05-31,baseline_seasonal_naive,226,136,339
T120,EXP,2021-06-30,2021-05-31,baseline_seasonal_naive,291,175,437
T121,DOM,2021-06-30,2021-05-31,baseline_seasonal_naive,363,218,545
T121,EXP,2021-06-30,2021-05-31,baseline_seasonal_naive,350,210,525
T122,DOM,2021-06-30,2021-05-31,baseline_seasonal_naive,147,88,221
T122,EXP,2021-06-30,2021-05-31,baseline_seasonal_naive,220,132,330
T240,DOM,2021-06-30,2021-05-31,baseline_seasonal_naive,560,336,840
T240,EXP,2021-06-30,2021-05-31,baseline_seasonal_naive,624,374,936
T241,DOM,2021-06-30,2021-05-31,baseline_seasonal_naive,24,14,36
T241,EXP,2021-06-30,2021-05-31,baseline_seasonal_naive,0,0,0
K210,DOM,2021-07-31,2021-06-30,baseline_seasonal_naive,31,19,47
K210,EXP,2021-07-31,2021-06-30,baseline_seasonal_naive,0,0,0
K210A,DOM,2021-07-31,2021-06-30,baseline_seasonal_naive,0,0,0
K210A,EXP,2021-07-31,2021-06-30,baseline_seasonal_naive,0,0,0
K210B,DOM,2021-07-31,2021-06-30,baseline_seasonal_naive,22,13,33
K210B,EXP,2021-07-31,2021-06-30,baseline_seasonal_naive,15,9,23
K210C,DOM,2021-07-31,2021-06-30,baseline_seasonal_naive,10,6,15
K210C,EXP,2021-07-31,2021-06-30,baseline_seasonal_naive,0,0,0
K210D,DOM,2021-07-31,2021-06-30,baseline_seasonal_naive,0,0,0
K210D,EXP,2021-07-31,2021-06-30,baseline_seasonal_naive,0,0,0
K240,DOM,2021-07-31,2021-06-30,baseline_seasonal_naive,6,4,9
K240,EXP,2021-07-31,2021-06-30,baseline_seasonal_naive,0,0,0
K240B,DOM,2021-07-31,2021-06-30,baseline_seasonal_naive,0,0,0
K240B,EXP,2021-07-31,2021-06-30,baseline_seasonal_naive,0,0,0
K250A,DOM,2021-07-31,2021-06-30,baseline_seasonal_naive,205,123,308
K250A,EXP,2021-07-31,2021-06-30,baseline_seasonal_naive,159,95,239
K250B,DOM,2021-07-31,2021-06-30,baseline_seasonal_naive,62,37,93
K310,DOM,2021-07-31,2021-06-30,baseline_seasonal_naive,365,219,548
K310,EXP,2021-07-31,2021-06-30,baseline_seasonal_naive,438,263,657
K311,DOM,2021-07-31,2021-06-30,baseline_seasonal_naive,37,22,56
K311,EXP,2021-07-31,2021-06-30,baseline_seasonal_naive,34,20,51
K312,DOM,2021-07-31,2021-06-30,baseline_seasonal_naive,9,5,14
K312,EXP,2021-07-31,2021-06-30,baseline_seasonal_naive,5,3,8
K350A,DOM,2021-07-31,2021-06-30,baseline_seasonal_naive,8,5,12
K350B,DOM,2021-07-31,2021-06-30,baseline_seasonal_naive,3,2,5
K350C,DOM,2021-07-31,2021-06-30,baseline_seasonal_naive,7,4,11
K350D,DOM,2021-07-31,2021-06-30,baseline_seasonal_naive,7,4,11
K350E,DOM,2021-07-31,2021-06-30,baseline_seasonal_naive,13,8,20
K350F,DOM,2021-07-31,2021-06-30,baseline_seasonal_naive,0,0,0
T120,DOM,2021-07-31,2021-06-30,baseline_seasonal_naive,505,303,758
T120,EXP,2021-07-31,2021-06-30,baseline_seasonal_naive,0,0,0
T121,DOM,2021-07-31,2021-06-30,baseline_seasonal_naive,648,389,972
T121,EXP,2021-07-31,2021-06-30,baseline_seasonal_naive,624,374,936
T122,DOM,2021-07-31,2021-06-30,baseline_seasonal_naive,399,239,599
T122,EXP,2021-07-31,2021-06-30,baseline_seasonal_naive,599,359,899
T240,DOM,2021-07-31,2021-06-30,baseline_seasonal_naive,892,535,1338
T240,EXP,2021-07-31,2021-06-30,baseline_seasonal_naive,0,0,0
T241,DOM,2021-07-31,2021-06-30,baseline_seasonal_naive,3,2,5
T241,EXP,2021-07-31,2021-06-30,baseline_seasonal_naive,0,0,0
K210,DOM,2021-08-31,2021-07-31,baseline_seasonal_naive,21,13,32
K210,EXP,2021-08-31,2021-07-31,baseline_seasonal_naive,0,0,0
K210A,DOM,2021-08-31,2021-07-31,baseline_seasonal_naive,0,0,0
K210A,EXP,2021-08-31,2021-07-31,baseline_seasonal_naive,0,0,0
K210B,DOM,2021-08-31,2021-07-31,baseline_seasonal_naive,23,14,35
K210B,EXP,2021-08-31,2021-07-31,baseline_seasonal_naive,15,9,23
K210C,DOM,2021-08-31,2021-07-31,baseline_seasonal_naive,10,6,15
K210C,EXP,2021-08-31,2021-07-31,baseline_seasonal_naive,0,0,0
K210D,DOM,2021-08-31,2021-07-31,baseline_seasonal_naive,0,0,0
K210D,EXP,2021-08-31,2021-07-31,baseline_seasonal_naive,0,0,0
K240,DOM,2021-08-31,2021-07-31,baseline_seasonal_naive,5,3,8
K240,EXP,2021-08-31,2021-07-31,baseline_seasonal_naive,0,0,0
K240B,DOM,2021-08-31,2021-07-31,baseline_seasonal_naive,0,0,0
K240B,EXP,2021-08-31,2021-07-31,baseline_seasonal_naive,0,0,0
K250A,DOM,2021-08-31,2021-07-31,baseline_seasonal_naive,204,122,306
K250A,EXP,2021-08-31,2021-07-31,baseline_seasonal_naive,0,0,0
K250B,DOM,2021-08-31,2021-07-31,baseline_seasonal_naive,48,29,72
K310,DOM,2021-08-31,2021-07-31,baseline_seasonal_naive,477,286,716
K310,EXP,2021-08-31,2021-07-31,baseline_seasonal_naive,573,344,860
K311,DOM,2021-08-31,2021-07-31,baseline_seasonal_naive,87,52,131
K311,EXP,2021-08-31,2021-07-31,baseline_seasonal_naive,0,0,0
K312,DOM,2021-08-31,2021-07-31,baseline_seasonal_naive,2,1,3
K312,EXP,2021-08-31,2021-07-31,baseline_seasonal_naive,13,8,20
K350A,DOM,2021-08-31,2021-07-31,baseline_seasonal_naive,7,4,11
K350B,DOM,2021-08-31,2021-07-31,baseline_seasonal_naive,1,1,2
K350C,DOM,2021-08-31,2021-07-31,baseline_seasonal_naive,9,5,14
K350D,DOM,2021-08-31,2021-07-31,baseline_seasonal_naive,14,8,21
K350E,DOM,2021-08-31,2021-07-31,baseline_seasonal_naive,0,0,0
K350F,DOM,2021-08-31,2021-07-31,baseline_seasonal_naive,0,0,0
T120,DOM,2021-08-31,2021-07-31,baseline_seasonal_naive,399,239,599
T120,EXP,2021-08-31,2021-07-31,baseline_seasonal_naive,0,0,0
T121,DOM,2021-08-31,2021-07-31,baseline_seasonal_naive,921,553,1382
T121,EXP,2021-08-31,2021-07-31,baseline_seasonal_naive,0,0,0
T122,DOM,2021-08-31,2021-07-31,baseline_seasonal_naive,687,412,1031
T122,EXP,2021-08-31,2021-07-31,baseline_seasonal_naive,0,0,0
T240,DOM,2021-08-31,2021-07-31,baseline_seasonal_naive,635,381,953
T240,EXP,2021-08-31,2021-07-31,baseline_seasonal_naive,0,0,0
T241,DOM,2021-08-31,2021-07-31,baseline_seasonal_naive,7,4,11
T241,EXP,2021-08-31,2021-07-31,baseline_seasonal_naive,11,7,17
K210,DOM,2021-09-30,2021-08-31,baseline_seasonal_naive,25,15,38
K210,EXP,2021-09-30,2021-08-31,baseline_seasonal_naive,0,0,0
K210A,DOM,2021-09-30,2021-08-31,baseline_seasonal_naive,0,0,0
K210A,EXP,2021-09-30,2021-08-31,baseline_seasonal_naive,0,0,0
K210B,DOM,2021-09-30,2021-08-31,baseline_seasonal_naive,34,20,51
K210B,EXP,2021-09-30,2021-08-31,baseline_seasonal_naive,23,14,35
K210C,DOM,2021-09-30,2021-08-31,baseline_seasonal_naive,7,4,11
K210C,EXP,2021-09-30,2021-08-31,baseline_seasonal_naive,12,7,18
K210D,DOM,2021-09-30,2021-08-31,baseline_seasonal_naive,0,0,0
K210D,EXP,2021-09-30,2021-08-31,baseline_seasonal_naive,0,0,0
K240,DOM,2021-09-30,2021-08-31,baseline_seasonal_naive,0,0,0
K240,EXP,2021-09-30,2021-08-31,baseline_seasonal_naive,0,0,0
K240B,DOM,2021-09-30,2021-08-31,baseline_seasonal_naive,0,0,0
K240B,EXP,2021-09-30,2021-08-31,baseline_seasonal_naive,0,0,0
K250A,DOM,2021-09-30,2021-08-31,baseline_seasonal_naive,217,130,326
K250A,EXP,2021-09-30,2021-08-31,baseline_seasonal_naive,0,0,0
K250B,DOM,2021-09-30,2021-08-31,baseline_seasonal_naive,27,16,41
K310,DOM,2021-09-30,2021-08-31,baseline_seasonal_naive,885,531,1328
K310,EXP,2021-09-30,2021-08-31,baseline_seasonal_naive,1063,638,1595
K311,DOM,2021-09-30,2021-08-31,baseline_seasonal_naive,19,11,29
K311,EXP,2021-09-30,2021-08-31,baseline_seasonal_naive,106,64,159
K312,DOM,2021-09-30,2021-08-31,baseline_seasonal_naive,13,8,20
K312,EXP,2021-09-30,2021-08-31,baseline_seasonal_naive,6,4,9
K350A,DOM,2021-09-30,2021-08-31,baseline_seasonal_naive,7,4,11
K350B,DOM,2021-09-30,2021-08-31,baseline_seasonal_naive,2,1,3
K350C,DOM,2021-09-30,2021-08-31,baseline_seasonal_naive,6,4,9
K350D,DOM,2021-09-30,2021-08-31,baseline_seasonal_naive,14,8,21
K350E,DOM,2021-09-30,2021-08-31,baseline_seasonal_naive,8,5,12
K350F,DOM,2021-09-30,2021-08-31,baseline_seasonal_naive,0,0,0
T120,DOM,2021-09-30,2021-08-31,baseline_seasonal_naive,286,172,429
T120,EXP,2021-09-30,2021-08-31,baseline_seasonal_naive,369,221,554
T121,DOM,2021-09-30,2021-08-31,baseline_seasonal_naive,412,247,618
T121,EXP,2021-09-30,2021-08-31,baseline_seasonal_naive,398,239,597
T122,DOM,2021-09-30,2021-08-31,baseline_seasonal_naive,664,398,996
T122,EXP,2021-09-30,2021-08-31,baseline_seasonal_naive,0,0,0
T240,DOM,2021-09-30,2021-08-31,baseline_seasonal_naive,1214,728,1821
T240,EXP,2021-09-30,2021-08-31,baseline_seasonal_naive,0,0,0
T241,DOM,2021-09-30,2021-08-31,baseline_seasonal_naive,5,3,8
T241,EXP,2021-09-30,2021-08-31,baseline_seasonal_naive,0,0,0
K210,DOM,2021-10-31,2021-09-30,baseline_seasonal_naive,20,12,30
K210,EXP,2021-10-31,2021-09-30,baseline_seasonal_naive,0,0,0
K210A,DOM,2021-10-31,2021-09-30,baseline_seasonal_naive,0,0,0
K210A,EXP,2021-10-31,2021-09-30,baseline_seasonal_naive,0,0,0
K210B,DOM,2021-10-31,2021-09-30,baseline_seasonal_naive,64,38,96
K210B,EXP,2021-10-31,2021-09-30,baseline_seasonal_naive,0,0,0
K210C,DOM,2021-10-31,2021-09-30,baseline_seasonal_naive,16,10,24
K210C,EXP,2021-10-31,2021-09-30,baseline_seasonal_naive,27,16,41
K210D,DOM,2021-10-31,2021-09-30,baseline_seasonal_naive,0,0,0
K210D,EXP,2021-10-31,2021-09-30,baseline_seasonal_naive,0,0,0
K240,DOM,2021-10-31,2021-09-30,baseline_seasonal_naive,0,0,0
K240,EXP,2021-10-31,2021-09-30,baseline_seasonal_naive,0,0,0
K240B,DOM,2021-10-31,2021-09-30,baseline_seasonal_naive,0,0,0
K240B,EXP,2021-10-31,2021-09-30,baseline_seasonal_naive,0,0,0
K250A,DOM,2021-10-31,2021-09-30,baseline_seasonal_naive,179,107,269
K250A,EXP,2021-10-31,2021-09-30,baseline_seasonal_naive,139,83,209
K250B,DOM,2021-10-31,2021-09-30,baseline_seasonal_naive,101,61,152
K310,DOM,2021-10-31,2021-09-30,baseline_seasonal_naive,477,286,716
K310,EXP,2021-10-31,2021-09-30,baseline_seasonal_naive,572,343,858
K311,DOM,2021-10-31,2021-09-30,baseline_seasonal_naive,41,25,62
K311,EXP,2021-10-31,2021-09-30,baseline_seasonal_naive,37,22,56
K312,DOM,2021-10-31,2021-09-30,baseline_seasonal_naive,11,7,17
K312,EXP,2021-10-31,2021-09-30,baseline_seasonal_naive,6,4,9
K350A,DOM,2021-10-31,2021-09-30,baseline_seasonal_naive,6,4,9
K350B,DOM,2021-10-31,2021-09-30,baseline_seasonal_naive,1,1,2
K350C,DOM,2021-10-31,2021-09-30,baseline_seasonal_naive,10,6,15
K350D,DOM,2021-10-31,2021-09-30,baseline_seasonal_naive,10,6,15
K350E,DOM,2021-10-31,2021-09-30,baseline_seasonal_naive,13,8,20
K350F,DOM,2021-10-31,2021-09-30,baseline_seasonal_naive,0,0,0
T120,DOM,2021-10-31,2021-09-30,baseline_seasonal_naive,453,272,680
T120,EXP,2021-10-31,2021-09-30,baseline_seasonal_naive,585,351,878
T121,DOM,2021-10-31,2021-09-30,baseline_seasonal_naive,669,401,1004
T121,EXP,2021-10-31,2021-09-30,baseline_seasonal_naive,0,0,0
T122,DOM,2021-10-31,2021-09-30,baseline_seasonal_naive,225,135,338
T122,EXP,2021-10-31,2021-09-30,baseline_seasonal_naive,0,0,0
T240,DOM,2021-10-31,2021-09-30,baseline_seasonal_naive,672,403,1008
T240,EXP,2021-10-31,2021-09-30,baseline_seasonal_naive,0,0,0
T241,DOM,2021-10-31,2021-09-30,baseline_seasonal_naive,5,3,8
T241,EXP,2021-10-31,2021-09-30,baseline_seasonal_naive,0,0,0
K210,DOM,2021-11-30,2021-10-31,baseline_seasonal_naive,29,17,44
K210,EXP,2021-11-30,2021-10-31,baseline_seasonal_naive,0,0,0
K210A,DOM,2021-11-30,2021-10-31,baseline_seasonal_naive,0,0,0
K210A,EXP,2021-11-30,2021-10-31,baseline_seasonal_naive,0,0,0
K210B,DOM,2021-11-30,2021-10-31,baseline_seasonal_naive,26,16,39
K210B,EXP,2021-11-30,2021-10-31,baseline_seasonal_naive,17,10,26
K210C,DOM,2021-11-30,2021-10-31,baseline_seasonal_naive,2,1,3
K210C,EXP,2021-11-30,2021-10-31,baseline_seasonal_naive,3,2,5
K210D,DOM,2021-11-30,2021-10-31,baseline_seasonal_naive,0,0,0
K210D,EXP,2021-11-30,2021-10-31,baseline_seasonal_naive,0,0,0
K240,DOM,2021-11-30,2021-10-31,baseline_seasonal_naive,19,11,29
K240,EXP,2021-11-30,2021-10-31,baseline_seasonal_naive,0,0,0
K240B,DOM,2021-11-30,2021-10-31,baseline_seasonal_naive,0,0,0
K240B,EXP,2021-11-30,2021-10-31,baseline_seasonal_naive,0,0,0
K250A,DOM,2021-11-30,2021-10-31,baseline_seasonal_naive,341,205,512
K250A,EXP,2021-11-30,2021-10-31,baseline_seasonal_naive,0,0,0
K250B,DOM,2021-11-30,2021-10-31,baseline_seasonal_naive,51,31,77
K310,DOM,2021-11-30,2021-10-31,baseline_seasonal_naive,724,434,1086
K310,EXP,2021-11-30,2021-10-31,baseline_seasonal_naive,0,0,0
K311,DOM,2021-11-30,2021-10-31,baseline_seasonal_naive,93,56,140
K311,EXP,2021-11-30,2021-10-31,baseline_seasonal_naive,0,0,0
K312,DOM,2021-11-30,2021-10-31,baseline_seasonal_naive,28,17,42
K312,EXP,2021-11-30,2021-10-31,baseline_seasonal_naive,0,0,0
K350A,DOM,2021-11-30,2021-10-31,baseline_seasonal_naive,6,4,9
K350B,DOM,2021-11-30,2021-10-31,baseline_seasonal_naive,3,2,5
K350C,DOM,2021-11-30,2021-10-31,baseline_seasonal_naive,0,0,0
K350D,DOM,2021-11-30,2021-10-31,baseline_seasonal_naive,14,8,21
K350E,DOM,2021-11-30,2021-10-31,baseline_seasonal_naive,5,3,8
K350F,DOM,2021-11-30,2021-10-31,baseline_seasonal_naive,0,0,0
T120,DOM,2021-11-30,2021-10-31,baseline_seasonal_naive,294,176,441
T120,EXP,2021-11-30,2021-10-31,baseline_seasonal_naive,0,0,0
T121,DOM,2021-11-30,2021-10-31,baseline_seasonal_naive,441,265,662
T121,EXP,2021-11-30,2021-10-31,baseline_seasonal_naive,425,255,638
T122,DOM,2021-11-30,2021-10-31,baseline_seasonal_naive,556,334,834
T122,EXP,2021-11-30,2021-10-31,baseline_seasonal_naive,0,0,0
T240,DOM,2021-11-30,2021-10-31,baseline_seasonal_naive,725,435,1088
T240,EXP,2021-11-30,2021-10-31,baseline_seasonal_naive,0,0,0
T241,DOM,2021-11-30,2021-10-31,baseline_seasonal_naive,7,4,11
T241,EXP,2021-11-30,2021-10-31,baseline_seasonal_naive,0,0,0
K210,DOM,2021-12-31,2021-11-30,baseline_seasonal_naive,12,7,18
K210,EXP,2021-12-31,2021-11-30,baseline_seasonal_naive,12,7,18
K210A,DOM,2021-12-31,2021-11-30,baseline_seasonal_naive,0,0,0
K210A,EXP,2021-12-31,2021-11-30,baseline_seasonal_naive,0,0,0
K210B,DOM,2021-12-31,2021-11-30,baseline_seasonal_naive,21,13,32
K210B,EXP,2021-12-31,2021-11-30,baseline_seasonal_naive,0,0,0
K210C,DOM,2021-12-31,2021-11-30,baseline_seasonal_naive,22,13,33
K210C,EXP,2021-12-31,2021-11-30,baseline_seasonal_naive,0,0,0
K210D,DOM,2021-12-31,2021-11-30,baseline_seasonal_naive,0,0,0
K210D,EXP,2021-12-31,2021-11-30,baseline_seasonal_naive,0,0,0
K240,DOM,2021-12-31,2021-11-30,baseline_seasonal_naive,2,1,3
K240,EXP,2021-12-31,2021-11-30,baseline_seasonal_naive,3,2,5
K240B,DOM,2021-12-31,2021-11-30,baseline_seasonal_naive,0,0,0
K240B,EXP,2021-12-31,2021-11-30,baseline_seasonal_naive,0,0,0
K250A,DOM,2021-12-31,2021-11-30,baseline_seasonal_naive,151,91,227
K250A,EXP,2021-12-31,2021-11-30,baseline_seasonal_naive,117,70,176
K250B,DOM,2021-12-31,2021-11-30,baseline_seasonal_naive,54,32,81
K310,DOM,2021-12-31,2021-11-30,baseline_seasonal_naive,505,303,758
K310,EXP,2021-12-31,2021-11-30,baseline_seasonal_naive,607,364,911
K311,DOM,2021-12-31,2021-11-30,baseline_seasonal_naive,93,56,140
K311,EXP,2021-12-31,2021-11-30,baseline_seasonal_naive,0,0,0
K312,DOM,2021-12-31,2021-11-30,baseline_seasonal_naive,16,10,24
K312,EXP,2021-12-31,2021-11-30,baseline_seasonal_naive,8,5,12
K350A,DOM,2021-12-31,2021-11-30,baseline_seasonal_naive,13,8,20
K350B,DOM,2021-12-31,2021-11-30,baseline_seasonal_naive,3,2,5
K350C,DOM,2021-12-31,2021-11-30,baseline_seasonal_naive,21,13,32
K350D,DOM,2021-12-31,2021-11-30,baseline_seasonal_naive,7,4,11
K350E,DOM,2021-12-31,2021-11-30,baseline_seasonal_naive,14,8,21
K350F,DOM,2021-12-31,2021-11-30,baseline_seasonal_naive,0,0,0
T120,DOM,2021-12-31,2021-11-30,baseline_seasonal_naive,584,350,876
T120,EXP,2021-12-31,2021-11-30,baseline_seasonal_naive,754,452,1131
T121,DOM,2021-12-31,2021-11-30,baseline_seasonal_naive,662,397,993
T121,EXP,2021-12-31,2021-11-30,baseline_seasonal_naive,0,0,0
T122,DOM,2021-12-31,2021-11-30,baseline_seasonal_naive,95,57,143
T122,EXP,2021-12-31,2021-11-30,baseline_seasonal_naive,142,85,213
T240,DOM,2021-12-31,2021-11-30,baseline_seasonal_naive,483,290,725
T240,EXP,2021-12-31,2021-11-30,baseline_seasonal_naive,0,0,0
T241,DOM,2021-12-31,2021-11-30,baseline_seasonal_naive,105,63,158
T241,EXP,2021-12-31,2021-11-30,baseline_seasonal_naive,0,0,0
K210,DOM,2022-01-31,2021-12-31,baseline_seasonal_naive,10,6,15
K210,EXP,2022-01-31,2021-12-31,baseline_seasonal_naive,10,6,15
K210A,DOM,2022-01-31,2021-12-31,baseline_seasonal_naive,0,0,0
K210A,EXP,2022-01-31,2021-12-31,baseline_seasonal_naive,0,0,0
K210B,DOM,2022-01-31,2021-12-31,baseline_seasonal_naive,93,56,140
K210B,EXP,2022-01-31,2021-12-31,baseline_seasonal_naive,0,0,0
K210C,DOM,2022-01-31,2021-12-31,baseline_seasonal_naive,6,4,9
K210C,EXP,2022-01-31,2021-12-31,baseline_seasonal_naive,10,6,15
K210D,DOM,2022-01-31,2021-12-31,baseline_seasonal_naive,0,0,0
K210D,EXP,2022-01-31,2021-12-31,baseline_seasonal_naive,0,0,0
K240,DOM,2022-01-31,2021-12-31,baseline_seasonal_naive,1,1,2
K240,EXP,2022-01-31,2021-12-31,baseline_seasonal_naive,2,1,3
K240B,DOM,2022-01-31,2021-12-31,baseline_seasonal_naive,0,0,0
K240B,EXP,2022-01-31,2021-12-31,baseline_seasonal_naive,0,0,0
K250A,DOM,2022-01-31,2021-12-31,baseline_seasonal_naive,275,165,413
K250A,EXP,2022-01-31,2021-12-31,baseline_seasonal_naive,0,0,0
K250B,DOM,2022-01-31,2021-12-31,baseline_seasonal_naive,38,23,57
K310,DOM,2022-01-31,2021-12-31,baseline_seasonal_naive,498,299,747
K310,EXP,2022-01-31,2021-12-31,baseline_seasonal_naive,598,359,897
K311,DOM,2022-01-31,2021-12-31,baseline_seasonal_naive,33,20,50
K311,EXP,2022-01-31,2021-12-31,baseline_seasonal_naive,30,18,45
K312,DOM,2022-01-31,2021-12-31,baseline_seasonal_naive,13,8,20
K312,EXP,2022-01-31,2021-12-31,baseline_seasonal_naive,0,0,0
K350A,DOM,2022-01-31,2021-12-31,baseline_seasonal_naive,6,4,9
K350B,DOM,2022-01-31,2021-12-31,baseline_seasonal_naive,2,1,3
K350C,DOM,2022-01-31,2021-12-31,baseline_seasonal_naive,18,11,27
K350D,DOM,2022-01-31,2021-12-31,baseline_seasonal_naive,18,11,27
K350E,DOM,2022-01-31,2021-12-31,baseline_seasonal_naive,12,7,18
K350F,DOM,2022-01-31,2021-12-31,baseline_seasonal_naive,5,3,8
T120,DOM,2022-01-31,2021-12-31,baseline_seasonal_naive,487,292,731
T120,EXP,2022-01-31,2021-12-31,baseline_seasonal_naive,630,378,945
T121,DOM,2022-01-31,2021-12-31,baseline_seasonal_naive,313,188,470
T121,EXP,2022-01-31,2021-12-31,baseline_seasonal_naive,302,181,453
T122,DOM,2022-01-31,2021-12-31,baseline_seasonal_naive,124,74,186
T122,EXP,2022-01-31,2021-12-31,baseline_seasonal_naive,0,0,0
T240,DOM,2022-01-31,2021-12-31,baseline_seasonal_naive,456,274,684
T240,EXP,2022-01-31,2021-12-31,baseline_seasonal_naive,0,0,0
T241,DOM,2022-01-31,2021-12-31,baseline_seasonal_naive,10,6,15
T241,EXP,2022-01-31,2021-12-31,baseline_seasonal_naive,17,10,26
K210,DOM,2022-02-28,2022-01-31,baseline_seasonal_naive,33,20,50
K210,EXP,2022-02-28,2022-01-31,baseline_seasonal_naive,0,0,0
K210A,DOM,2022-02-28,2022-01-31,baseline_seasonal_naive,0,0,0
K210A,EXP,2022-02-28,2022-01-31,baseline_seasonal_naive,0,0,0
K210B,DOM,2022-02-28,2022-01-31,baseline_seasonal_naive,43,26,65
K210B,EXP,2022-02-28,2022-01-31,baseline_seasonal_naive,29,17,44
K210C,DOM,2022-02-28,2022-01-31,baseline_seasonal_naive,21,13,32
K210C,EXP,2022-02-28,2022-01-31,baseline_seasonal_naive,38,23,57
K210D,DOM,2022-02-28,2022-01-31,baseline_seasonal_naive,0,0,0
K210D,EXP,2022-02-28,2022-01-31,baseline_seasonal_naive,0,0,0
K240,DOM,2022-02-28,2022-01-31,baseline_seasonal_naive,9,5,14
K240,EXP,2022-02-28,2022-01-31,baseline_seasonal_naive,0,0,0
K240B,DOM,2022-02-28,2022-01-31,baseline_seasonal_naive,0,0,0
K240B,EXP,2022-02-28,2022-01-31,baseline_seasonal_naive,0,0,0
K250A,DOM,2022-02-28,2022-01-31,baseline_seasonal_naive,602,361,903
K250A,EXP,2022-02-28,2022-01-31,baseline_seasonal_naive,0,0,0
K250B,DOM,2022-02-28,2022-01-31,baseline_seasonal_naive,37,22,56
K310,DOM,2022-02-28,2022-01-31,baseline_seasonal_naive,916,550,1374
K310,EXP,2022-02-28,2022-01-31,baseline_seasonal_naive,0,0,0
K311,DOM,2022-02-28,2022-01-31,baseline_seasonal_naive,62,37,93
K311,EXP,2022-02-28,2022-01-31,baseline_seasonal_naive,56,34,84
K312,DOM,2022-02-28,2022-01-31,baseline_seasonal_naive,18,11,27
K312,EXP,2022-02-28,2022-01-31,baseline_seasonal_naive,0,0,0
K350A,DOM,2022-02-28,2022-01-31,baseline_seasonal_naive,5,3,8
K350B,DOM,2022-02-28,2022-01-31,baseline_seasonal_naive,2,1,3
K350C,DOM,2022-02-28,2022-01-31,baseline_seasonal_naive,12,7,18
K350D,DOM,2022-02-28,2022-01-31,baseline_seasonal_naive,11,7,17
K350E,DOM,2022-02-28,2022-01-31,baseline_seasonal_naive,11,7,17
K350F,DOM,2022-02-28,2022-01-31,baseline_seasonal_naive,3,2,5
T120,DOM,2022-02-28,2022-01-31,baseline_seasonal_naive,542,325,813
T120,EXP,2022-02-28,2022-01-31,baseline_seasonal_naive,699,419,1049
T121,DOM,2022-02-28,2022-01-31,baseline_seasonal_naive,343,206,515
T121,EXP,2022-02-28,2022-01-31,baseline_seasonal_naive,330,198,495
T122,DOM,2022-02-28,2022-01-31,baseline_seasonal_naive,177,106,266
T122,EXP,2022-02-28,2022-01-31,baseline_seasonal_naive,0,0,0
T240,DOM,2022-02-28,2022-01-31,baseline_seasonal_naive,446,268,669
T240,EXP,2022-02-28,2022-01-31,baseline_seasonal_naive,497,298,746
T241,DOM,2022-02-28,2022-01-31,baseline_seasonal_naive,7,4,11
T241,EXP,2022-02-28,2022-01-31,baseline_seasonal_naive,0,0,0
K210,DOM,2022-03-31,2022-02-28,baseline_seasonal_naive,12,7,18
K210,EXP,2022-03-31,2022-02-28,baseline_seasonal_naive,13,8,20
K210A,DOM,2022-03-31,2022-02-28,baseline_seasonal_naive,0,0,0
K210A,EXP,2022-03-31,2022-02-28,baseline_seasonal_naive,0,0,0
K210B,DOM,2022-03-31,2022-02-28,baseline_seasonal_naive,60,36,90
K210B,EXP,2022-03-31,2022-02-28,baseline_seasonal_naive,0,0,0
K210C,DOM,2022-03-31,2022-02-28,baseline_seasonal_naive,4,2,6
K210C,EXP,2022-03-31,2022-02-28,baseline_seasonal_naive,7,4,11
K210D,DOM,2022-03-31,2022-02-28,baseline_seasonal_naive,0,0,0
K210D,EXP,2022-03-31,2022-02-28,baseline_seasonal_naive,0,0,0
K240,DOM,2022-03-31,2022-02-28,baseline_seasonal_naive,7,4,11
K240,EXP,2022-03-31,2022-02-28,baseline_seasonal_naive,0,0,0
K240B,DOM,2022-03-31,2022-02-28,baseline_seasonal_naive,0,0,0
K240B,EXP,2022-03-31,2022-02-28,baseline_seasonal_naive,0,0,0
K250A,DOM,2022-03-31,2022-02-28,baseline_seasonal_naive,278,167,417
K250A,EXP,2022-03-31,2022-02-28,baseline_seasonal_naive,0,0,0
K250B,DOM,2022-03-31,2022-02-28,baseline_seasonal_naive,54,32,81
K310,DOM,2022-03-31,2022-02-28,baseline_seasonal_naive,1028,617,1542
K310,EXP,2022-03-31,2022-02-28,baseline_seasonal_naive,0,0,0
K311,DOM,2022-03-31,2022-02-28,baseline_seasonal_naive,80,48,120
K311,EXP,2022-03-31,2022-02-28,baseline_seasonal_naive,0,0,0
K312,DOM,2022-03-31,2022-02-28,baseline_seasonal_naive,38,23,57
K312,EXP,2022-03-31,2022-02-28,baseline_seasonal_naive,0,0,0
K350A,DOM,2022-03-31,2022-02-28,baseline_seasonal_naive,15,9,23
K350B,DOM,2022-03-31,2022-02-28,baseline_seasonal_naive,3,2,5
K350C,DOM,2022-03-31,2022-02-28,baseline_seasonal_naive,6,4,9
K350D,DOM,2022-03-31,2022-02-28,baseline_seasonal_naive,10,6,15
K350E,DOM,2022-03-31,2022-02-28,baseline_seasonal_naive,16,10,24
K350F,DOM,2022-03-31,2022-02-28,baseline_seasonal_naive,8,5,12
T120,DOM,2022-03-31,2022-02-28,baseline_seasonal_naive,504,302,756
T120,EXP,2022-03-31,2022-02-28,baseline_seasonal_naive,652,391,978
T121,DOM,2022-03-31,2022-02-28,baseline_seasonal_naive,186,112,279
T121,EXP,2022-03-31,2022-02-28,baseline_seasonal_naive,179,107,269
T122,DOM,2022-03-31,2022-02-28,baseline_seasonal_naive,127,76,191
T122,EXP,2022-03-31,2022-02-28,baseline_seasonal_naive,191,115,287
T240,DOM,2022-03-31,2022-02-28,baseline_seasonal_naive,1150,690,1725
T240,EXP,2022-03-31,2022-02-28,baseline_seasonal_naive,0,0,0
T241,DOM,2022-03-31,2022-02-28,baseline_seasonal_naive,3,2,5
T241,EXP,2022-03-31,2022-02-28,baseline_seasonal_naive,0,0,0
K210,DOM,2022-04-30,2022-03-31,baseline_seasonal_naive,11,7,17
K210,EXP,2022-04-30,2022-03-31,baseline_seasonal_naive,11,7,17
K210A,DOM,2022-04-30,2022-03-31,baseline_seasonal_naive,0,0,0
K210A,EXP,2022-04-30,2022-03-31,baseline_seasonal_naive,0,0,0
K210B,DOM,2022-04-30,2022-03-31,baseline_seasonal_naive,28,17,42
K210B,EXP,2022-04-30,2022-03-31,baseline_seasonal_naive,0,0,0
K210C,DOM,2022-04-30,2022-03-31,baseline_seasonal_naive,3,2,5
K210C,EXP,2022-04-30,2022-03-31,baseline_seasonal_naive,5,3,8
K210D,DOM,2022-04-30,2022-03-31,baseline_seasonal_naive,0,0,0
K210D,EXP,2022-04-30,2022-03-31,baseline_seasonal_naive,0,0,0
K240,DOM,2022-04-30,2022-03-31,baseline_seasonal_naive,1,1,2
K240,EXP,2022-04-30,2022-03-31,baseline_seasonal_naive,1,1,2
K240B,DOM,2022-04-30,2022-03-31,baseline_seasonal_naive,0,0,0
K240B,EXP,2022-04-30,2022-03-31,baseline_seasonal_naive,0,0,0
K250A,DOM,2022-04-30,2022-03-31,baseline_seasonal_naive,139,83,209
K250A,EXP,2022-04-30,2022-03-31,baseline_seasonal_naive,108,65,162
K250B,DOM,2022-04-30,2022-03-31,baseline_seasonal_naive,32,19,48
K310,DOM,2022-04-30,2022-03-31,baseline_seasonal_naive,842,505,1263
K310,EXP,2022-04-30,2022-03-31,baseline_seasonal_naive,0,0,0
K311,DOM,2022-04-30,2022-03-31,baseline_seasonal_naive,52,31,78
K311,EXP,2022-04-30,2022-03-31,baseline_seasonal_naive,46,28,69
K312,DOM,2022-04-30,2022-03-31,baseline_seasonal_naive,34,20,51
K312,EXP,2022-04-30,2022-03-31,baseline_seasonal_naive,0,0,0
K350A,DOM,2022-04-30,2022-03-31,baseline_seasonal_naive,6,4,9
K350B,DOM,2022-04-30,2022-03-31,baseline_seasonal_naive,2,1,3
K350C,DOM,2022-04-30,2022-03-31,baseline_seasonal_naive,8,5,12
K350D,DOM,2022-04-30,2022-03-31,baseline_seasonal_naive,8,5,12
K350E,DOM,2022-04-30,2022-03-31,baseline_seasonal_naive,15,9,23
K350F,DOM,2022-04-30,2022-03-31,baseline_seasonal_naive,2,1,3
T120,DOM,2022-04-30,2022-03-31,baseline_seasonal_naive,995,597,1493
T120,EXP,2022-04-30,2022-03-31,baseline_seasonal_naive,0,0,0
T121,DOM,2022-04-30,2022-03-31,baseline_seasonal_naive,731,439,1097
T121,EXP,2022-04-30,2022-03-31,baseline_seasonal_naive,0,0,0
T122,DOM,2022-04-30,2022-03-31,baseline_seasonal_naive,120,72,180
T122,EXP,2022-04-30,2022-03-31,baseline_seasonal_naive,180,108,270
T240,DOM,2022-04-30,2022-03-31,baseline_seasonal_naive,488,293,732
T240,EXP,2022-04-30,2022-03-31,baseline_seasonal_naive,0,0,0
T241,DOM,2022-04-30,2022-03-31,baseline_seasonal_naive,5,3,8
T241,EXP,2022-04-30,2022-03-31,baseline_seasonal_naive,8,5,12
K210,DOM,2022-05-31,2022-04-30,baseline_seasonal_naive,11,7,17
K210,EXP,2022-05-31,2022-04-30,baseline_seasonal_naive,12,7,18
K210A,DOM,2022-05-31,2022-04-30,baseline_seasonal_naive,0,0,0
K210A,EXP,2022-05-31,2022-04-30,baseline_seasonal_naive,0,0,0
K210B,DOM,2022-05-31,2022-04-30,baseline_seasonal_naive,45,27,68
K210B,EXP,2022-05-31,2022-04-30,baseline_seasonal_naive,0,0,0
K210C,DOM,2022-05-31,2022-04-30,baseline_seasonal_naive,12,7,18
K210C,EXP,2022-05-31,2022-04-30,baseline_seasonal_naive,0,0,0
K210D,DOM,2022-05-31,2022-04-30,baseline_seasonal_naive,0,0,0
K210D,EXP,2022-05-31,2022-04-30,baseline_seasonal_naive,0,0,0
K240,DOM,2022-05-31,2022-04-30,baseline_seasonal_naive,4,2,6
K240,EXP,2022-05-31,2022-04-30,baseline_seasonal_naive,0,0,0
K240B,DOM,2022-05-31,2022-04-30,baseline_seasonal_naive,0,0,0
K240B,EXP,2022-05-31,2022-04-30,baseline_seasonal_naive,0,0,0
K250A,DOM,2022-05-31,2022-04-30,baseline_seasonal_naive,197,118,296
K250A,EXP,2022-05-31,2022-04-30,baseline_seasonal_naive,153,92,230
K250B,DOM,2022-05-31,2022-04-30,baseline_seasonal_naive,73,44,110
K310,DOM,2022-05-31,2022-04-30,baseline_seasonal_naive,810,486,1215
K310,EXP,2022-05-31,2022-04-30,baseline_seasonal_naive,0,0,0
K311,DOM,2022-05-31,2022-04-30,baseline_seasonal_naive,57,34,86
K311,EXP,2022-05-31,2022-04-30,baseline_seasonal_naive,52,31,78
K312,DOM,2022-05-31,2022-04-30,baseline_seasonal_naive,19,11,29
K312,EXP,2022-05-31,2022-04-30,baseline_seasonal_naive,0,0,0
K350A,DOM,2022-05-31,2022-04-30,baseline_seasonal_naive,5,3,8
K350B,DOM,2022-05-31,2022-04-30,baseline_seasonal_naive,1,1,2
K350C,DOM,2022-05-31,2022-04-30,baseline_seasonal_naive,11,7,17
K350D,DOM,2022-05-31,2022-04-30,baseline_seasonal_naive,14,8,21
K350E,DOM,2022-05-31,2022-04-30,baseline_seasonal_naive,19,11,29
K350F,DOM,2022-05-31,2022-04-30,baseline_seasonal_naive,3,2,5
T120,DOM,2022-05-31,2022-04-30,baseline_seasonal_naive,573,344,860
T120,EXP,2022-05-31,2022-04-30,baseline_seasonal_naive,0,0,0
T121,DOM,2022-05-31,2022-04-30,baseline_seasonal_naive,310,186,465
T121,EXP,2022-05-31,2022-04-30,baseline_seasonal_naive,298,179,447
T122,DOM,2022-05-31,2022-04-30,baseline_seasonal_naive,274,164,411
T122,EXP,2022-05-31,2022-04-30,baseline_seasonal_naive,0,0,0
T240,DOM,2022-05-31,2022-04-30,baseline_seasonal_naive,399,239,599
T240,EXP,2022-05-31,2022-04-30,baseline_seasonal_naive,445,267,668
T241,DOM,2022-05-31,2022-04-30,baseline_seasonal_naive,1,1,2
T241,EXP,2022-05-31,2022-04-30,baseline_seasonal_naive,4,2,6
K210,DOM,2022-06-30,2022-05-31,baseline_seasonal_naive,12,7,18
K210,EXP,2022-06-30,2022-05-31,baseline_seasonal_naive,13,8,20
K210A,DOM,2022-06-30,2022-05-31,baseline_seasonal_naive,0,0,0
K210A,EXP,2022-06-30,2022-05-31,baseline_seasonal_naive,0,0,0
K210B,DOM,2022-06-30,2022-05-31,baseline_seasonal_naive,14,8,21
K210B,EXP,2022-06-30,2022-05-31,baseline_seasonal_naive,10,6,15
K210C,DOM,2022-06-30,2022-05-31,baseline_seasonal_naive,4,2,6
K210C,EXP,2022-06-30,2022-05-31,baseline_seasonal_naive,7,4,11
K210D,DOM,2022-06-30,2022-05-31,baseline_seasonal_naive,0,0,0
K210D,EXP,2022-06-30,2022-05-31,baseline_seasonal_naive,0,0,0
K240,DOM,2022-06-30,2022-05-31,baseline_seasonal_naive,7,4,11
K240,EXP,2022-06-30,2022-05-31,baseline_seasonal_naive,10,6,15
K240B,DOM,2022-06-30,2022-05-31,baseline_seasonal_naive,0,0,0
K240B,EXP,2022-06-30,2022-05-31,baseline_seasonal_naive,0,0,0
K250A,DOM,2022-06-30,2022-05-31,baseline_seasonal_naive,359,215,539
K250A,EXP,2022-06-30,2022-05-31,baseline_seasonal_naive,0,0,0
K250B,DOM,2022-06-30,2022-05-31,baseline_seasonal_naive,46,28,69
K310,DOM,2022-06-30,2022-05-31,baseline_seasonal_naive,663,398,995
K310,EXP,2022-06-30,2022-05-31,baseline_seasonal_naive,0,0,0
K311,DOM,2022-06-30,2022-05-31,baseline_seasonal_naive,94,56,141
K311,EXP,2022-06-30,2022-05-31,baseline_seasonal_naive,0,0,0
K312,DOM,2022-06-30,2022-05-31,baseline_seasonal_naive,36,22,54
K312,EXP,2022-06-30,2022-05-31,baseline_seasonal_naive,0,0,0
K350A,DOM,2022-06-30,2022-05-31,baseline_seasonal_naive,7,4,11
K350B,DOM,2022-06-30,2022-05-31,baseline_seasonal_naive,4,2,6
K350C,DOM,2022-06-30,2022-05-31,baseline_seasonal_naive,5,3,8
K350D,DOM,2022-06-30,2022-05-31,baseline_seasonal_naive,12,7,18
K350E,DOM,2022-06-30,2022-05-31,baseline_seasonal_naive,17,10,26
K350F,DOM,2022-06-30,2022-05-31,baseline_seasonal_naive,6,4,9
T120,DOM,2022-06-30,2022-05-31,baseline_seasonal_naive,683,410,1025
T120,EXP,2022-06-30,2022-05-31,baseline_seasonal_naive,0,0,0
T121,DOM,2022-06-30,2022-05-31,baseline_seasonal_naive,264,158,396
T121,EXP,2022-06-30,2022-05-31,baseline_seasonal_naive,254,152,381
T122,DOM,2022-06-30,2022-05-31,baseline_seasonal_naive,326,196,489
T122,EXP,2022-06-30,2022-05-31,baseline_seasonal_naive,0,0,0
T240,DOM,2022-06-30,2022-05-31,baseline_seasonal_naive,627,376,941
T240,EXP,2022-06-30,2022-05-31,baseline_seasonal_naive,0,0,0
T241,DOM,2022-06-30,2022-05-31,baseline_seasonal_naive,15,9,23
T241,EXP,2022-06-30,2022-05-31,baseline_seasonal_naive,0,0,0
K210,DOM,2022-07-31,2022-06-30,baseline_seasonal_naive,40,24,60
K210,EXP,2022-07-31,2022-06-30,baseline_seasonal_naive,0,0,0
K210A,DOM,2022-07-31,2022-06-30,baseline_seasonal_naive,0,0,0
K210A,EXP,2022-07-31,2022-06-30,baseline_seasonal_naive,0,0,0
K210B,DOM,2022-07-31,2022-06-30,baseline_seasonal_naive,30,18,45
K210B,EXP,2022-07-31,2022-06-30,baseline_seasonal_naive,0,0,0
K210C,DOM,2022-07-31,2022-06-30,baseline_seasonal_naive,5,3,8
K210C,EXP,2022-07-31,2022-06-30,baseline_seasonal_naive,9,5,14
K210D,DOM,2022-07-31,2022-06-30,baseline_seasonal_naive,0,0,0
K210D,EXP,2022-07-31,2022-06-30,baseline_seasonal_naive,0,0,0
K240,DOM,2022-07-31,2022-06-30,baseline_seasonal_naive,29,17,44
K240,EXP,2022-07-31,2022-06-30,baseline_seasonal_naive,0,0,0
K240B,DOM,2022-07-31,2022-06-30,baseline_seasonal_naive,0,0,0
K240B,EXP,2022-07-31,2022-06-30,baseline_seasonal_naive,0,0,0
K250A,DOM,2022-07-31,2022-06-30,baseline_seasonal_naive,163,98,245
K250A,EXP,2022-07-31,2022-06-30,baseline_seasonal_naive,127,76,191
K250B,DOM,2022-07-31,2022-06-30,baseline_seasonal_naive,132,79,198
K310,DOM,2022-07-31,2022-06-30,baseline_seasonal_naive,490,294,735
K310,EXP,2022-07-31,2022-06-30,baseline_seasonal_naive,588,353,882
K311,DOM,2022-07-31,2022-06-30,baseline_seasonal_naive,46,28,69
K311,EXP,2022-07-31,2022-06-30,baseline_seasonal_naive,41,25,62
K312,DOM,2022-07-31,2022-06-30,baseline_seasonal_naive,13,8,20
K312,EXP,2022-07-31,2022-06-30,baseline_seasonal_naive,7,4,11
K350A,DOM,2022-07-31,2022-06-30,baseline_seasonal_naive,11,7,17
K350B,DOM,2022-07-31,2022-06-30,baseline_seasonal_naive,2,1,3
K350C,DOM,2022-07-31,2022-06-30,baseline_seasonal_naive,4,2,6
K350D,DOM,2022-07-31,2022-06-30,baseline_seasonal_naive,6,4,9
K350E,DOM,2022-07-31,2022-06-30,baseline_seasonal_naive,12,7,18
K350F,DOM,2022-07-31,2022-06-30,baseline_seasonal_naive,5,3,8
T120,DOM,2022-07-31,2022-06-30,baseline_seasonal_naive,136,82,204
T120,EXP,2022-07-31,2022-06-30,baseline_seasonal_naive,176,106,264
T121,DOM,2022-07-31,2022-06-30,baseline_seasonal_naive,601,361,902
T121,EXP,2022-07-31,2022-06-30,baseline_seasonal_naive,0,0,0
T122,DOM,2022-07-31,2022-06-30,baseline_seasonal_naive,190,114,285
T122,EXP,2022-07-31,2022-06-30,baseline_seasonal_naive,0,0,0
T240,DOM,2022-07-31,2022-06-30,baseline_seasonal_naive,266,160,399
T240,EXP,2022-07-31,2022-06-30,baseline_seasonal_naive,297,178,446
T241,DOM,2022-07-31,2022-06-30,baseline_seasonal_naive,2,1,3
T241,EXP,2022-07-31,2022-06-30,baseline_seasonal_naive,2,1,3
K210,DOM,2022-08-31,2022-07-31,baseline_seasonal_naive,22,13,33
K210,EXP,2022-08-31,2022-07-31,baseline_seasonal_naive,0,0,0
K210A,DOM,2022-08-31,2022-07-31,baseline_seasonal_naive,0,0,0
K210A,EXP,2022-08-31,2022-07-31,baseline_seasonal_naive,0,0,0
K210B,DOM,2022-08-31,2022-07-31,baseline_seasonal_naive,26,16,39
K210B,EXP,2022-08-31,2022-07-31,baseline_seasonal_naive,17,10,26
K210C,DOM,2022-08-31,2022-07-31,baseline_seasonal_naive,28,17,42
K210C,EXP,2022-08-31,2022-07-31,baseline_seasonal_naive,0,0,0
K210D,DOM,2022-08-31,2022-07-31,baseline_seasonal_naive,0,0,0
K210D,EXP,2022-08-31,2022-07-31,baseline_seasonal_naive,0,0,0
K240,DOM,2022-08-31,2022-07-31,baseline_seasonal_naive,2,1,3
K240,EXP,2022-08-31,2022-07-31,baseline_seasonal_naive,0,0,0
K240B,DOM,2022-08-31,2022-07-31,baseline_seasonal_naive,0,0,0
K240B,EXP,2022-08-31,2022-07-31,baseline_seasonal_naive,0,0,0
K250A,DOM,2022-08-31,2022-07-31,baseline_seasonal_naive,136,82,204
K250A,EXP,2022-08-31,2022-07-31,baseline_seasonal_naive,106,64,159
K250B,DOM,2022-08-31,2022-07-31,baseline_seasonal_naive,117,70,176
K310,DOM,2022-08-31,2022-07-31,baseline_seasonal_naive,469,281,704
K310,EXP,2022-08-31,2022-07-31,baseline_seasonal_naive,562,337,843
K311,DOM,2022-08-31,2022-07-31,baseline_seasonal_naive,35,21,53
K311,EXP,2022-08-31,2022-07-31,baseline_seasonal_naive,32,19,48
K312,DOM,2022-08-31,2022-07-31,baseline_seasonal_naive,16,10,24
K312,EXP,2022-08-31,2022-07-31,baseline_seasonal_naive,8,5,12
K350A,DOM,2022-08-31,2022-07-31,baseline_seasonal_naive,5,3,8
K350B,DOM,2022-08-31,2022-07-31,baseline_seasonal_naive,1,1,2
K350C,DOM,2022-08-31,2022-07-31,baseline_seasonal_naive,17,10,26
K350D,DOM,2022-08-31,2022-07-31,baseline_seasonal_naive,7,4,11
K350E,DOM,2022-08-31,2022-07-31,baseline_seasonal_naive,21,13,32
K350F,DOM,2022-08-31,2022-07-31,baseline_seasonal_naive,2,1,3
T120,DOM,2022-08-31,2022-07-31,baseline_seasonal_naive,152,91,228
T120,EXP,2022-08-31,2022-07-31,baseline_seasonal_naive,863,518,1295
T121,DOM,2022-08-31,2022-07-31,baseline_seasonal_naive,611,367,917
T121,EXP,2022-08-31,2022-07-31,baseline_seasonal_naive,590,354,885
T122,DOM,2022-08-31,2022-07-31,baseline_seasonal_naive,378,227,567
T122,EXP,2022-08-31,2022-07-31,baseline_seasonal_naive,0,0,0
T240,DOM,2022-08-31,2022-07-31,baseline_seasonal_naive,1057,634,1586
T240,EXP,2022-08-31,2022-07-31,baseline_seasonal_naive,0,0,0
T241,DOM,2022-08-31,2022-07-31,baseline_seasonal_naive,23,14,35
T241,EXP,2022-08-31,2022-07-31,baseline_seasonal_naive,0,0,0
K210,DOM,2022-09-30,2022-08-31,baseline_seasonal_naive,33,20,50
K210,EXP,2022-09-30,2022-08-31,baseline_seasonal_naive,0,0,0
K210A,DOM,2022-09-30,2022-08-31,baseline_seasonal_naive,0,0,0
K210A,EXP,2022-09-30,2022-08-31,baseline_seasonal_naive,0,0,0
K210B,DOM,2022-09-30,2022-08-31,baseline_seasonal_naive,15,9,23
K210B,EXP,2022-09-30,2022-08-31,baseline_seasonal_naive,10,6,15
K210C,DOM,2022-09-30,2022-08-31,baseline_seasonal_naive,30,18,45
K210C,EXP,2022-09-30,2022-08-31,baseline_seasonal_naive,0,0,0
K210D,DOM,2022-09-30,2022-08-31,baseline_seasonal_naive,0,0,0
K210D,EXP,2022-09-30,2022-08-31,baseline_seasonal_naive,0,0,0
K240,DOM,2022-09-30,2022-08-31,baseline_seasonal_naive,4,2,6
K240,EXP,2022-09-30,2022-08-31,baseline_seasonal_naive,6,4,9
K240B,DOM,2022-09-30,2022-08-31,baseline_seasonal_naive,0,0,0
K240B,EXP,2022-09-30,2022-08-31,baseline_seasonal_naive,0,0,0
K250A,DOM,2022-09-30,2022-08-31,baseline_seasonal_naive,111,67,167
K250A,EXP,2022-09-30,2022-08-31,baseline_seasonal_naive,86,52,129
K250B,DOM,2022-09-30,2022-08-31,baseline_seasonal_naive,93,56,140
K310,DOM,2022-09-30,2022-08-31,baseline_seasonal_naive,824,494,1236
K310,EXP,2022-09-30,2022-08-31,baseline_seasonal_naive,0,0,0
K311,DOM,2022-09-30,2022-08-31,baseline_seasonal_naive,126,76,189
K311,EXP,2022-09-30,2022-08-31,baseline_seasonal_naive,0,0,0
K312,DOM,2022-09-30,2022-08-31,baseline_seasonal_naive,4,2,6
K312,EXP,2022-09-30,2022-08-31,baseline_seasonal_naive,24,14,36
K350A,DOM,2022-09-30,2022-08-31,baseline_seasonal_naive,9,5,14
K350B,DOM,2022-09-30,2022-08-31,baseline_seasonal_naive,3,2,5
K350C,DOM,2022-09-30,2022-08-31,baseline_seasonal_naive,21,13,32
K350D,DOM,2022-09-30,2022-08-31,baseline_seasonal_naive,15,9,23
K350E,DOM,2022-09-30,2022-08-31,baseline_seasonal_naive,15,9,23
K350F,DOM,2022-09-30,2022-08-31,baseline_seasonal_naive,6,4,9
T120,DOM,2022-09-30,2022-08-31,baseline_seasonal_naive,199,119,299
T120,EXP,2022-09-30,2022-08-31,baseline_seasonal_naive,256,154,384
T121,DOM,2022-09-30,2022-08-31,baseline_seasonal_naive,475,285,713
T121,EXP,2022-09-30,2022-08-31,baseline_seasonal_naive,459,275,689
T122,DOM,2022-09-30,2022-08-31,baseline_seasonal_naive,180,108,270
T122,EXP,2022-09-30,2022-08-31,baseline_seasonal_naive,269,161,404
T240,DOM,2022-09-30,2022-08-31,baseline_seasonal_naive,774,464,1161
T240,EXP,2022-09-30,2022-08-31,baseline_seasonal_naive,0,0,0
T241,DOM,2022-09-30,2022-08-31,baseline_seasonal_naive,6,4,9
T241,EXP,2022-09-30,2022-08-31,baseline_seasonal_naive,11,7,17
K210,DOM,2022-10-31,2022-09-30,baseline_seasonal_naive,28,17,42
K210,EXP,2022-10-31,2022-09-30,baseline_seasonal_naive,0,0,0
K210A,DOM,2022-10-31,2022-09-30,baseline_seasonal_naive,0,0,0
K210A,EXP,2022-10-31,2022-09-30,baseline_seasonal_naive,0,0,0
K210B,DOM,2022-10-31,2022-09-30,baseline_seasonal_naive,21,13,32
K210B,EXP,2022-10-31,2022-09-30,baseline_seasonal_naive,14,8,21
K210C,DOM,2022-10-31,2022-09-30,baseline_seasonal_naive,11,7,17
K210C,EXP,2022-10-31,2022-09-30,baseline_seasonal_naive,18,11,27
K210D,DOM,2022-10-31,2022-09-30,baseline_seasonal_naive,0,0,0
K210D,EXP,2022-10-31,2022-09-30,baseline_seasonal_naive,0,0,0
K240,DOM,2022-10-31,2022-09-30,baseline_seasonal_naive,3,2,5
K240,EXP,2022-10-31,2022-09-30,baseline_seasonal_naive,3,2,5
K240B,DOM,2022-10-31,2022-09-30,baseline_seasonal_naive,1,1,2
K240B,EXP,2022-10-31,2022-09-30,baseline_seasonal_naive,0,0,0
K250A,DOM,2022-10-31,2022-09-30,baseline_seasonal_naive,187,112,281
K250A,EXP,2022-10-31,2022-09-30,baseline_seasonal_naive,144,86,216
K250B,DOM,2022-10-31,2022-09-30,baseline_seasonal_naive,173,104,260
K310,DOM,2022-10-31,2022-09-30,baseline_seasonal_naive,246,148,369
K310,EXP,2022-10-31,2022-09-30,baseline_seasonal_naive,295,177,443
K311,DOM,2022-10-31,2022-09-30,baseline_seasonal_naive,107,64,161
K311,EXP,2022-10-31,2022-09-30,baseline_seasonal_naive,0,0,0
K312,DOM,2022-10-31,2022-09-30,baseline_seasonal_naive,29,17,44
K312,EXP,2022-10-31,2022-09-30,baseline_seasonal_naive,0,0,0
K350A,DOM,2022-10-31,2022-09-30,baseline_seasonal_naive,10,6,15
K350B,DOM,2022-10-31,2022-09-30,baseline_seasonal_naive,3,2,5
K350C,DOM,2022-10-31,2022-09-30,baseline_seasonal_naive,12,7,18
K350D,DOM,2022-10-31,2022-09-30,baseline_seasonal_naive,13,8,20
K350E,DOM,2022-10-31,2022-09-30,baseline_seasonal_naive,9,5,14
K350F,DOM,2022-10-31,2022-09-30,baseline_seasonal_naive,3,2,5
T120,DOM,2022-10-31,2022-09-30,baseline_seasonal_naive,302,181,453
T120,EXP,2022-10-31,2022-09-30,baseline_seasonal_naive,0,0,0
T121,DOM,2022-10-31,2022-09-30,baseline_seasonal_naive,188,113,282
T121,EXP,2022-10-31,2022-09-30,baseline_seasonal_naive,182,109,273
T122,DOM,2022-10-31,2022-09-30,baseline_seasonal_naive,184,110,276
T122,EXP,2022-10-31,2022-09-30,baseline_seasonal_naive,277,166,416
T240,DOM,2022-10-31,2022-09-30,baseline_seasonal_naive,228,137,342
T240,EXP,2022-10-31,2022-09-30,baseline_seasonal_naive,255,153,383
T241,DOM,2022-10-31,2022-09-30,baseline_seasonal_naive,2,1,3
T241,EXP,2022-10-31,2022-09-30,baseline_seasonal_naive,14,8,21
K210,DOM,2022-11-30,2022-10-31,baseline_seasonal_naive,19,11,29
K210,EXP,2022-11-30,2022-10-31,baseline_seasonal_naive,19,11,29
K210A,DOM,2022-11-30,2022-10-31,baseline_seasonal_naive,0,0,0
K210A,EXP,2022-11-30,2022-10-31,baseline_seasonal_naive,0,0,0
K210B,DOM,2022-11-30,2022-10-31,baseline_seasonal_naive,43,26,65
K210B,EXP,2022-11-30,2022-10-31,baseline_seasonal_naive,28,17,42
K210C,DOM,2022-11-30,2022-10-31,baseline_seasonal_naive,5,3,8
K210C,EXP,2022-11-30,2022-10-31,baseline_seasonal_naive,9,5,14
K210D,DOM,2022-11-30,2022-10-31,baseline_seasonal_naive,0,0,0
K210D,EXP,2022-11-30,2022-10-31,baseline_seasonal_naive,0,0,0
K240,DOM,2022-11-30,2022-10-31,baseline_seasonal_naive,0,0,0
K240,EXP,2022-11-30,2022-10-31,baseline_seasonal_naive,1,1,2
K240B,DOM,2022-11-30,2022-10-31,baseline_seasonal_naive,0,0,0
K240B,EXP,2022-11-30,2022-10-31,baseline_seasonal_naive,0,0,0
K250A,DOM,2022-11-30,2022-10-31,baseline_seasonal_naive,205,123,308
K250A,EXP,2022-11-30,2022-10-31,baseline_seasonal_naive,0,0,0
K250B,DOM,2022-11-30,2022-10-31,baseline_seasonal_naive,59,35,89
K310,DOM,2022-11-30,2022-10-31,baseline_seasonal_naive,1938,1163,2907
K310,EXP,2022-11-30,2022-10-31,baseline_seasonal_naive,0,0,0
K311,DOM,2022-11-30,2022-10-31,baseline_seasonal_naive,55,33,83
K311,EXP,2022-11-30,2022-10-31,baseline_seasonal_naive,50,30,75
K312,DOM,2022-11-30,2022-10-31,baseline_seasonal_naive,12,7,18
K312,EXP,2022-11-30,2022-10-31,baseline_seasonal_naive,6,4,9
K350A,DOM,2022-11-30,2022-10-31,baseline_seasonal_naive,8,5,12
K350B,DOM,2022-11-30,2022-10-31,baseline_seasonal_naive,1,1,2
K350C,DOM,2022-11-30,2022-10-31,baseline_seasonal_naive,5,3,8
K350D,DOM,2022-11-30,2022-10-31,baseline_seasonal_naive,4,2,6
K350E,DOM,2022-11-30,2022-10-31,baseline_seasonal_naive,17,10,26
K350F,DOM,2022-11-30,2022-10-31,baseline_seasonal_naive,3,2,5
T120,DOM,2022-11-30,2022-10-31,baseline_seasonal_naive,397,238,596
T120,EXP,2022-11-30,2022-10-31,baseline_seasonal_naive,513,308,770
T121,DOM,2022-11-30,2022-10-31,baseline_seasonal_naive,824,494,1236
T121,EXP,2022-11-30,2022-10-31,baseline_seasonal_naive,0,0,0
T122,DOM,2022-11-30,2022-10-31,baseline_seasonal_naive,252,151,378
T122,EXP,2022-11-30,2022-10-31,baseline_seasonal_naive,0,0,0
T240,DOM,2022-11-30,2022-10-31,baseline_seasonal_naive,1026,616,1539
T240,EXP,2022-11-30,2022-10-31,baseline_seasonal_naive,0,0,0
T241,DOM,2022-11-30,2022-10-31,baseline_seasonal_naive,6,4,9
T241,EXP,2022-11-30,2022-10-31,baseline_seasonal_naive,10,6,15
K210,DOM,2022-12-31,2022-11-30,baseline_seasonal_naive,14,8,21
K210,EXP,2022-12-31,2022-11-30,baseline_seasonal_naive,15,9,23
K210A,DOM,2022-12-31,2022-11-30,baseline_seasonal_naive,0,0,0
K210A,EXP,2022-12-31,2022-11-30,baseline_seasonal_naive,0,0,0
K210B,DOM,2022-12-31,2022-11-30,baseline_seasonal_naive,9,5,14
K210B,EXP,2022-12-31,2022-11-30,baseline_seasonal_naive,0,0,0
K210C,DOM,2022-12-31,2022-11-30,baseline_seasonal_naive,22,13,33
K210C,EXP,2022-12-31,2022-11-30,baseline_seasonal_naive,0,0,0
K210D,DOM,2022-12-31,2022-11-30,baseline_seasonal_naive,0,0,0
K210D,EXP,2022-12-31,2022-11-30,baseline_seasonal_naive,0,0,0
K240,DOM,2022-12-31,2022-11-30,baseline_seasonal_naive,0,0,0
K240,EXP,2022-12-31,2022-11-30,baseline_seasonal_naive,1,1,2
K240B,DOM,2022-12-31,2022-11-30,baseline_seasonal_naive,1,1,2
K240B,EXP,2022-12-31,2022-11-30,baseline_seasonal_naive,0,0,0
K250A,DOM,2022-12-31,2022-11-30,baseline_seasonal_naive,211,127,317
K250A,EXP,2022-12-31,2022-11-30,baseline_seasonal_naive,0,0,0
K250B,DOM,2022-12-31,2022-11-30,baseline_seasonal_naive,66,40,99
K310,DOM,2022-12-31,2022-11-30,baseline_seasonal_naive,1517,910,2276
K310,EXP,2022-12-31,2022-11-30,baseline_seasonal_naive,0,0,0
K311,DOM,2022-12-31,2022-11-30,baseline_seasonal_naive,93,56,140
K311,EXP,2022-12-31,2022-11-30,baseline_seasonal_naive,0,0,0
K312,DOM,2022-12-31,2022-11-30,baseline_seasonal_naive,15,9,23
K312,EXP,2022-12-31,2022-11-30,baseline_seasonal_naive,0,0,0
K350A,DOM,2022-12-31,2022-11-30,baseline_seasonal_naive,13,8,20
K350B,DOM,2022-12-31,2022-11-30,baseline_seasonal_naive,1,1,2
K350C,DOM,2022-12-31,2022-11-30,baseline_seasonal_naive,12,7,18
K350D,DOM,2022-12-31,2022-11-30,baseline_seasonal_naive,8,5,12
K350E,DOM,2022-12-31,2022-11-30,baseline_seasonal_naive,17,10,26
K350F,DOM,2022-12-31,2022-11-30,baseline_seasonal_naive,7,4,11
T120,DOM,2022-12-31,2022-11-30,baseline_seasonal_naive,290,174,435
T120,EXP,2022-12-31,2022-11-30,baseline_seasonal_naive,374,224,561
T121,DOM,2022-12-31,2022-11-30,baseline_seasonal_naive,427,256,641
T121,EXP,2022-12-31,2022-11-30,baseline_seasonal_naive,412,247,618
T122,DOM,2022-12-31,2022-11-30,baseline_seasonal_naive,1671,1003,2507
T122,EXP,2022-12-31,2022-11-30,baseline_seasonal_naive,0,0,0
T240,DOM,2022-12-31,2022-11-30,baseline_seasonal_naive,358,215,537
T240,EXP,2022-12-31,2022-11-30,baseline_seasonal_naive,400,240,600
T241,DOM,2022-12-31,2022-11-30,baseline_seasonal_naive,19,11,29
T241,EXP,2022-12-31,2022-11-30,baseline_seasonal_naive,0,0,0
K210,DOM,2023-01-31,2022-12-31,baseline_seasonal_naive,15,9,23
K210,EXP,2023-01-31,2022-12-31,baseline_seasonal_naive,15,9,23
K210A,DOM,2023-01-31,2022-12-31,baseline_seasonal_naive,0,0,0
K210A,EXP,2023-01-31,2022-12-31,baseline_seasonal_naive,0,0,0
K210B,DOM,2023-01-31,2022-12-31,baseline_seasonal_naive,27,16,41
K210B,EXP,2023-01-31,2022-12-31,baseline_seasonal_naive,18,11,27
K210C,DOM,2023-01-31,2022-12-31,baseline_seasonal_naive,28,17,42
K210C,EXP,2023-01-31,2022-12-31,baseline_seasonal_naive,0,0,0
K210D,DOM,2023-01-31,2022-12-31,baseline_seasonal_naive,0,0,0
K210D,EXP,2023-01-31,2022-12-31,baseline_seasonal_naive,0,0,0
K240,DOM,2023-01-31,2022-12-31,baseline_seasonal_naive,2,1,3
K240,EXP,2023-01-31,2022-12-31,baseline_seasonal_naive,2,1,3
K240B,DOM,2023-01-31,2022-12-31,baseline_seasonal_naive,1,1,2
K240B,EXP,2023-01-31,2022-12-31,baseline_seasonal_naive,0,0,0
K250A,DOM,2023-01-31,2022-12-31,baseline_seasonal_naive,191,115,287
K250A,EXP,2023-01-31,2022-12-31,baseline_seasonal_naive,0,0,0
K250B,DOM,2023-01-31,2022-12-31,baseline_seasonal_naive,52,31,78
K310,DOM,2023-01-31,2022-12-31,baseline_seasonal_naive,2665,1599,3998
K310,EXP,2023-01-31,2022-12-31,baseline_seasonal_naive,0,0,0
K311,DOM,2023-01-31,2022-12-31,baseline_seasonal_naive,111,67,167
K311,EXP,2023-01-31,2022-12-31,baseline_seasonal_naive,0,0,0
K312,DOM,2023-01-31,2022-12-31,baseline_seasonal_naive,11,7,17
K312,EXP,2023-01-31,2022-12-31,baseline_seasonal_naive,0,0,0
K350A,DOM,2023-01-31,2022-12-31,baseline_seasonal_naive,6,4,9
K350B,DOM,2023-01-31,2022-12-31,baseline_seasonal_naive,1,1,2
K350C,DOM,2023-01-31,2022-12-31,baseline_seasonal_naive,18,11,27
K350D,DOM,2023-01-31,2022-12-31,baseline_seasonal_naive,6,4,9
K350E,DOM,2023-01-31,2022-12-31,baseline_seasonal_naive,20,12,30
K350F,DOM,2023-01-31,2022-12-31,baseline_seasonal_naive,6,4,9
T120,DOM,2023-01-31,2022-12-31,baseline_seasonal_naive,1114,668,1671
T120,EXP,2023-01-31,2022-12-31,baseline_seasonal_naive,0,0,0
T121,DOM,2023-01-31,2022-12-31,baseline_seasonal_naive,270,162,405
T121,EXP,2023-01-31,2022-12-31,baseline_seasonal_naive,260,156,390
T122,DOM,2023-01-31,2022-12-31,baseline_seasonal_naive,141,85,212
T122,EXP,2023-01-31,2022-12-31,baseline_seasonal_naive,211,127,317
T240,DOM,2023-01-31,2022-12-31,baseline_seasonal_naive,60,36,90
T240,EXP,2023-01-31,2022-12-31,baseline_seasonal_naive,341,205,512
T241,DOM,2023-01-31,2022-12-31,baseline_seasonal_naive,3,2,5
T241,EXP,2023-01-31,2022-12-31,baseline_seasonal_naive,6,4,9
K210,DOM,2023-02-28,2023-01-31,baseline_seasonal_naive,27,16,41
K210,EXP,2023-02-28,2023-01-31,baseline_seasonal_naive,0,0,0
K210A,DOM,2023-02-28,2023-01-31,baseline_seasonal_naive,0,0,0
K210A,EXP,2023-02-28,2023-01-31,baseline_seasonal_naive,0,0,0
K210B,DOM,2023-02-28,2023-01-31,baseline_seasonal_naive,14,8,21
K210B,EXP,2023-02-28,2023-01-31,baseline_seasonal_naive,10,6,15
K210C,DOM,2023-02-28,2023-01-31,baseline_seasonal_naive,68,41,102
K210C,EXP,2023-02-28,2023-01-31,baseline_seasonal_naive,0,0,0
K210D,DOM,2023-02-28,2023-01-31,baseline_seasonal_naive,0,0,0
K210D,EXP,2023-02-28,2023-01-31,baseline_seasonal_naive,0,0,0
K240,DOM,2023-02-28,2023-01-31,baseline_seasonal_naive,6,4,9
K240,EXP,2023-02-28,2023-01-31,baseline_seasonal_naive,0,0,0
K240B,DOM,2023-02-28,2023-01-31,baseline_seasonal_naive,0,0,0
K240B,EXP,2023-02-28,2023-01-31,baseline_seasonal_naive,3,2,5
K250A,DOM,2023-02-28,2023-01-31,baseline_seasonal_naive,137,82,206
K250A,EXP,2023-02-28,2023-01-31,baseline_seasonal_naive,106,64,159
K250B,DOM,2023-02-28,2023-01-31,baseline_seasonal_naive,51,31,77
K310,DOM,2023-02-28,2023-01-31,baseline_seasonal_naive,1279,767,1919
K310,EXP,2023-02-28,2023-01-31,baseline_seasonal_naive,1535,921,2303
K311,DOM,2023-02-28,2023-01-31,baseline_seasonal_naive,58,35,87
K311,EXP,2023-02-28,2023-01-31,baseline_seasonal_naive,52,31,78
K312,DOM,2023-02-28,2023-01-31,baseline_seasonal_naive,10,6,15
K312,EXP,2023-02-28,2023-01-31,baseline_seasonal_naive,5,3,8
K350A,DOM,2023-02-28,2023-01-31,baseline_seasonal_naive,7,4,11
K350B,DOM,2023-02-28,2023-01-31,baseline_seasonal_naive,1,1,2
K350C,DOM,2023-02-28,2023-01-31,baseline_seasonal_naive,11,7,17
K350D,DOM,2023-02-28,2023-01-31,baseline_seasonal_naive,2,1,3
K350E,DOM,2023-02-28,2023-01-31,baseline_seasonal_naive,8,5,12
K350F,DOM,2023-02-28,2023-01-31,baseline_seasonal_naive,4,2,6
T120,DOM,2023-02-28,2023-01-31,baseline_seasonal_naive,1043,626,1565
T120,EXP,2023-02-28,2023-01-31,baseline_seasonal_naive,0,0,0
T121,DOM,2023-02-28,2023-01-31,baseline_seasonal_naive,374,224,561
T121,EXP,2023-02-28,2023-01-31,baseline_seasonal_naive,361,217,542
T122,DOM,2023-02-28,2023-01-31,baseline_seasonal_naive,222,133,333
T122,EXP,2023-02-28,2023-01-31,baseline_seasonal_naive,334,200,501
T240,DOM,2023-02-28,2023-01-31,baseline_seasonal_naive,441,265,662
T240,EXP,2023-02-28,2023-01-31,baseline_seasonal_naive,0,0,0
T241,DOM,2023-02-28,2023-01-31,baseline_seasonal_naive,2,1,3
T241,EXP,2023-02-28,2023-01-31,baseline_seasonal_naive,2,1,3
K210,DOM,2023-03-31,2023-02-28,baseline_seasonal_naive,15,9,23
K210,EXP,2023-03-31,2023-02-28,baseline_seasonal_naive,15,9,23
K210A,DOM,2023-03-31,2023-02-28,baseline_seasonal_naive,0,0,0
K210A,EXP,2023-03-31,2023-02-28,baseline_seasonal_naive,0,0,0
K210B,DOM,2023-03-31,2023-02-28,baseline_seasonal_naive,29,17,44
K210B,EXP,2023-03-31,2023-02-28,baseline_seasonal_naive,20,12,30
K210C,DOM,2023-03-31,2023-02-28,baseline_seasonal_naive,16,10,24
K210C,EXP,2023-03-31,2023-02-28,baseline_seasonal_naive,0,0,0
K210D,DOM,2023-03-31,2023-02-28,baseline_seasonal_naive,0,0,0
K210D,EXP,2023-03-31,2023-02-28,baseline_seasonal_naive,0,0,0
K240,DOM,2023-03-31,2023-02-28,baseline_seasonal_naive,3,2,5
K240,EXP,2023-03-31,2023-02-28,baseline_seasonal_naive,0,0,0
K240B,DOM,2023-03-31,2023-02-28,baseline_seasonal_naive,3,2,5
K240B,EXP,2023-03-31,2023-02-28,baseline_seasonal_naive,1,1,2
K250A,DOM,2023-03-31,2023-02-28,baseline_seasonal_naive,160,96,240
K250A,EXP,2023-03-31,2023-02-28,baseline_seasonal_naive,123,74,185
K250B,DOM,2023-03-31,2023-02-28,baseline_seasonal_naive,43,26,65
K310,DOM,2023-03-31,2023-02-28,baseline_seasonal_naive,420,252,630
K310,EXP,2023-03-31,2023-02-28,baseline_seasonal_naive,505,303,758
K311,DOM,2023-03-31,2023-02-28,baseline_seasonal_naive,63,38,95
K311,EXP,2023-03-31,2023-02-28,baseline_seasonal_naive,0,0,0
K312,DOM,2023-03-31,2023-02-28,baseline_seasonal_naive,18,11,27
K312,EXP,2023-03-31,2023-02-28,baseline_seasonal_naive,0,0,0
K350A,DOM,2023-03-31,2023-02-28,baseline_seasonal_naive,14,8,21
K350B,DOM,2023-03-31,2023-02-28,baseline_seasonal_naive,3,2,5
K350C,DOM,2023-03-31,2023-02-28,baseline_seasonal_naive,23,14,35
K350D,DOM,2023-03-31,2023-02-28,baseline_seasonal_naive,10,6,15
K350E,DOM,2023-03-31,2023-02-28,baseline_seasonal_naive,5,3,8
K350F,DOM,2023-03-31,2023-02-28,baseline_seasonal_naive,3,2,5
T120,DOM,2023-03-31,2023-02-28,baseline_seasonal_naive,353,212,530
T120,EXP,2023-03-31,2023-02-28,baseline_seasonal_naive,457,274,686
T121,DOM,2023-03-31,2023-02-28,baseline_seasonal_naive,890,534,1335
T121,EXP,2023-03-31,2023-02-28,baseline_seasonal_naive,0,0,0
T122,DOM,2023-03-31,2023-02-28,baseline_seasonal_naive,162,97,243
T122,EXP,2023-03-31,2023-02-28,baseline_seasonal_naive,0,0,0
T240,DOM,2023-03-31,2023-02-28,baseline_seasonal_naive,654,392,981
T240,EXP,2023-03-31,2023-02-28,baseline_seasonal_naive,0,0,0
T241,DOM,2023-03-31,2023-02-28,baseline_seasonal_naive,16,10,24
T241,EXP,2023-03-31,2023-02-28,baseline_seasonal_naive,0,0,0
K210,DOM,2023-04-30,2023-03-31,baseline_seasonal_naive,34,20,51
K210,EXP,2023-04-30,2023-03-31,baseline_seasonal_naive,0,0,0
K210A,DOM,2023-04-30,2023-03-31,baseline_seasonal_naive,1,1,2
K210A,EXP,2023-04-30,2023-03-31,baseline_seasonal_naive,1,1,2
K210B,DOM,2023-04-30,2023-03-31,baseline_seasonal_naive,43,26,65
K210B,EXP,2023-04-30,2023-03-31,baseline_seasonal_naive,29,17,44
K210C,DOM,2023-04-30,2023-03-31,baseline_seasonal_naive,3,2,5
K210C,EXP,2023-04-30,2023-03-31,baseline_seasonal_naive,6,4,9
K210D,DOM,2023-04-30,2023-03-31,baseline_seasonal_naive,0,0,0
K210D,EXP,2023-04-30,2023-03-31,baseline_seasonal_naive,0,0,0
K240,DOM,2023-04-30,2023-03-31,baseline_seasonal_naive,15,9,23
K240,EXP,2023-04-30,2023-03-31,baseline_seasonal_naive,22,13,33
K240B,DOM,2023-04-30,2023-03-31,baseline_seasonal_naive,2,1,3
K240B,EXP,2023-04-30,2023-03-31,baseline_seasonal_naive,1,1,2
K250A,DOM,2023-04-30,2023-03-31,baseline_seasonal_naive,274,164,411
K250A,EXP,2023-04-30,2023-03-31,baseline_seasonal_naive,0,0,0
K250B,DOM,2023-04-30,2023-03-31,baseline_seasonal_naive,58,35,87
K310,DOM,2023-04-30,2023-03-31,baseline_seasonal_naive,789,473,1184
K310,EXP,2023-04-30,2023-03-31,baseline_seasonal_naive,0,0,0
K311,DOM,2023-04-30,2023-03-31,baseline_seasonal_naive,87,52,131
K311,EXP,2023-04-30,2023-03-31,baseline_seasonal_naive,0,0,0
K312,DOM,2023-04-30,2023-03-31,baseline_seasonal_naive,39,23,59
K312,EXP,2023-04-30,2023-03-31,baseline_seasonal_naive,0,0,0
K350A,DOM,2023-04-30,2023-03-31,baseline_seasonal_naive,9,5,14
K350B,DOM,2023-04-30,2023-03-31,baseline_seasonal_naive,2,1,3
K350C,DOM,2023-04-30,2023-03-31,baseline_seasonal_naive,11,7,17
K350D,DOM,2023-04-30,2023-03-31,baseline_seasonal_naive,16,10,24
K350E,DOM,2023-04-30,2023-03-31,baseline_seasonal_naive,23,14,35
K350F,DOM,2023-04-30,2023-03-31,baseline_seasonal_naive,4,2,6
T120,DOM,2023-04-30,2023-03-31,baseline_seasonal_naive,1007,604,1511
T120,EXP,2023-04-30,2023-03-31,baseline_seasonal_naive,0,0,0
T121,DOM,2023-04-30,2023-03-31,baseline_seasonal_naive,223,134,335
T121,EXP,2023-04-30,2023-03-31,baseline_seasonal_naive,215,129,323
T122,DOM,2023-04-30,2023-03-31,baseline_seasonal_naive,137,82,206
T122,EXP,2023-04-30,2023-03-31,baseline_seasonal_naive,205,123,308
T240,DOM,2023-04-30,2023-03-31,baseline_seasonal_naive,794,476,1191
T240,EXP,2023-04-30,2023-03-31,baseline_seasonal_naive,0,0,0
T241,DOM,2023-04-30,2023-03-31,baseline_seasonal_naive,4,2,6
T241,EXP,2023-04-30,2023-03-31,baseline_seasonal_naive,6,4,9
K210,DOM,2023-05-31,2023-04-30,baseline_seasonal_naive,30,18,45
K210,EXP,2023-05-31,2023-04-30,baseline_seasonal_naive,0,0,0
K210A,DOM,2023-05-31,2023-04-30,baseline_seasonal_naive,2,1,3
K210A,EXP,2023-05-31,2023-04-30,baseline_seasonal_naive,3,2,5
K210B,DOM,2023-05-31,2023-04-30,baseline_seasonal_naive,49,29,74
K210B,EXP,2023-05-31,2023-04-30,baseline_seasonal_naive,0,0,0
K210C,DOM,2023-05-31,2023-04-30,baseline_seasonal_naive,4,2,6
K210C,EXP,2023-05-31,2023-04-30,baseline_seasonal_naive,25,15,38
K210D,DOM,2023-05-31,2023-04-30,baseline_seasonal_naive,0,0,0
K210D,EXP,2023-05-31,2023-04-30,baseline_seasonal_naive,0,0,0
K240,DOM,2023-05-31,2023-04-30,baseline_seasonal_naive,3,2,5
K240,EXP,2023-05-31,2023-04-30,baseline_seasonal_naive,0,0,0
K240B,DOM,2023-05-31,2023-04-30,baseline_seasonal_naive,0,0,0
K240B,EXP,2023-05-31,2023-04-30,baseline_seasonal_naive,0,0,0
K250A,DOM,2023-05-31,2023-04-30,baseline_seasonal_naive,134,80,201
K250A,EXP,2023-05-31,2023-04-30,baseline_seasonal_naive,104,62,156
K250B,DOM,2023-05-31,2023-04-30,baseline_seasonal_naive,29,17,44
K310,DOM,2023-05-31,2023-04-30,baseline_seasonal_naive,327,196,491
K310,EXP,2023-05-31,2023-04-30,baseline_seasonal_naive,393,236,590
K311,DOM,2023-05-31,2023-04-30,baseline_seasonal_naive,36,22,54
K311,EXP,2023-05-31,2023-04-30,baseline_seasonal_naive,32,19,48
K312,DOM,2023-05-31,2023-04-30,baseline_seasonal_naive,14,8,21
K312,EXP,2023-05-31,2023-04-30,baseline_seasonal_naive,7,4,11
K350A,DOM,2023-05-31,2023-04-30,baseline_seasonal_naive,10,6,15
K350B,DOM,2023-05-31,2023-04-30,baseline_seasonal_naive,3,2,5
K350C,DOM,2023-05-31,2023-04-30,baseline_seasonal_naive,15,9,23
K350D,DOM,2023-05-31,2023-04-30,baseline_seasonal_naive,21,13,32
K350E,DOM,2023-05-31,2023-04-30,baseline_seasonal_naive,7,4,11
K350F,DOM,2023-05-31,2023-04-30,baseline_seasonal_naive,3,2,5
T120,DOM,2023-05-31,2023-04-30,baseline_seasonal_naive,1181,709,1772
T120,EXP,2023-05-31,2023-04-30,baseline_seasonal_naive,0,0,0
T121,DOM,2023-05-31,2023-04-30,baseline_seasonal_naive,462,277,693
T121,EXP,2023-05-31,2023-04-30,baseline_seasonal_naive,446,268,669
T122,DOM,2023-05-31,2023-04-30,baseline_seasonal_naive,90,54,135
T122,EXP,2023-05-31,2023-04-30,baseline_seasonal_naive,136,82,204
T240,DOM,2023-05-31,2023-04-30,baseline_seasonal_naive,930,558,1395
T240,EXP,2023-05-31,2023-04-30,baseline_seasonal_naive,0,0,0
T241,DOM,2023-05-31,2023-04-30,baseline_seasonal_naive,7,4,11
T241,EXP,2023-05-31,2023-04-30,baseline_seasonal_naive,0,0,0
K210,DOM,2023-06-30,2023-05-31,baseline_seasonal_naive,17,10,26
K210,EXP,2023-06-30,2023-05-31,baseline_seasonal_naive,18,11,27
K210A,DOM,2023-06-30,2023-05-31,baseline_seasonal_naive,3,2,5
K210A,EXP,2023-06-30,2023-05-31,baseline_seasonal_naive,0,0,0
K210B,DOM,2023-06-30,2023-05-31,baseline_seasonal_naive,153,92,230
K210B,EXP,2023-06-30,2023-05-31,baseline_seasonal_naive,0,0,0
K210C,DOM,2023-06-30,2023-05-31,baseline_seasonal_naive,9,5,14
K210C,EXP,2023-06-30,2023-05-31,baseline_seasonal_naive,0,0,0
K210D,DOM,2023-06-30,2023-05-31,baseline_seasonal_naive,0,0,0
K210D,EXP,2023-06-30,2023-05-31,baseline_seasonal_naive,0,0,0
K240,DOM,2023-06-30,2023-05-31,baseline_seasonal_naive,0,0,0
K240,EXP,2023-06-30,2023-05-31,baseline_seasonal_naive,0,0,0
K240B,DOM,2023-06-30,2023-05-31,baseline_seasonal_naive,3,2,5
K240B,EXP,2023-06-30,2023-05-31,baseline_seasonal_naive,0,0,0
K250A,DOM,2023-06-30,2023-05-31,baseline_seasonal_naive,86,52,129
K250A,EXP,2023-06-30,2023-05-31,baseline_seasonal_naive,67,40,101
K250B,DOM,2023-06-30,2023-05-31,baseline_seasonal_naive,156,94,234
K310,DOM,2023-06-30,2023-05-31,baseline_seasonal_naive,1484,890,2226
K310,EXP,2023-06-30,2023-05-31,baseline_seasonal_naive,0,0,0
K311,DOM,2023-06-30,2023-05-31,baseline_seasonal_naive,37,22,56
K311,EXP,2023-06-30,2023-05-31,baseline_seasonal_naive,33,20,50
K312,DOM,2023-06-30,2023-05-31,baseline_seasonal_naive,13,8,20
K312,EXP,2023-06-30,2023-05-31,baseline_seasonal_naive,0,0,0
K350A,DOM,2023-06-30,2023-05-31,baseline_seasonal_naive,7,4,11
K350B,DOM,2023-06-30,2023-05-31,baseline_seasonal_naive,2,1,3
K350C,DOM,2023-06-30,2023-05-31,baseline_seasonal_naive,10,6,15
K350D,DOM,2023-06-30,2023-05-31,baseline_seasonal_naive,14,8,21
K350E,DOM,2023-06-30,2023-05-31,baseline_seasonal_naive,8,5,12
K350F,DOM,2023-06-30,2023-05-31,baseline_seasonal_naive,5,3,8
T120,DOM,2023-06-30,2023-05-31,baseline_seasonal_naive,617,370,926
T120,EXP,2023-06-30,2023-05-31,baseline_seasonal_naive,796,478,1194
T121,DOM,2023-06-30,2023-05-31,baseline_seasonal_naive,313,188,470
T121,EXP,2023-06-30,2023-05-31,baseline_seasonal_naive,302,181,453
T122,DOM,2023-06-30,2023-05-31,baseline_seasonal_naive,83,50,125
T122,EXP,2023-06-30,2023-05-31,baseline_seasonal_naive,124,74,186
T240,DOM,2023-06-30,2023-05-31,baseline_seasonal_naive,479,287,719
T240,EXP,2023-06-30,2023-05-31,baseline_seasonal_naive,0,0,0
T241,DOM,2023-06-30,2023-05-31,baseline_seasonal_naive,13,8,20
T241,EXP,2023-06-30,2023-05-31,baseline_seasonal_naive,0,0,0
K210,DOM,2023-07-31,2023-06-30,baseline_seasonal_naive,9,5,14
K210,EXP,2023-07-31,2023-06-30,baseline_seasonal_naive,10,6,15
K210A,DOM,2023-07-31,2023-06-30,baseline_seasonal_naive,5,3,8
K210A,EXP,2023-07-31,2023-06-30,baseline_seasonal_naive,0,0,0
K210B,DOM,2023-07-31,2023-06-30,baseline_seasonal_naive,14,8,21
K210B,EXP,2023-07-31,2023-06-30,baseline_seasonal_naive,10,6,15
K210C,DOM,2023-07-31,2023-06-30,baseline_seasonal_naive,14,8,21
K210C,EXP,2023-07-31,2023-06-30,baseline_seasonal_naive,0,0,0
K210D,DOM,2023-07-31,2023-06-30,baseline_seasonal_naive,0,0,0
K210D,EXP,2023-07-31,2023-06-30,baseline_seasonal_naive,0,0,0
K240,DOM,2023-07-31,2023-06-30,baseline_seasonal_naive,4,2,6
K240,EXP,2023-07-31,2023-06-30,baseline_seasonal_naive,0,0,0
K240B,DOM,2023-07-31,2023-06-30,baseline_seasonal_naive,10,6,15
K240B,EXP,2023-07-31,2023-06-30,baseline_seasonal_naive,0,0,0
K250A,DOM,2023-07-31,2023-06-30,baseline_seasonal_naive,249,149,374
K250A,EXP,2023-07-31,2023-06-30,baseline_seasonal_naive,0,0,0
K250B,DOM,2023-07-31,2023-06-30,baseline_seasonal_naive,33,20,50
K310,DOM,2023-07-31,2023-06-30,baseline_seasonal_naive,1309,785,1964
K310,EXP,2023-07-31,2023-06-30,baseline_seasonal_naive,1571,943,2357
K311,DOM,2023-07-31,2023-06-30,baseline_seasonal_naive,51,31,77
K311,EXP,2023-07-31,2023-06-30,baseline_seasonal_naive,46,28,69
K312,DOM,2023-07-31,2023-06-30,baseline_seasonal_naive,19,11,29
K312,EXP,2023-07-31,2023-06-30,baseline_seasonal_naive,0,0,0
K350A,DOM,2023-07-31,2023-06-30,baseline_seasonal_naive,6,4,9
K350B,DOM,2023-07-31,2023-06-30,baseline_seasonal_naive,4,2,6
K350C,DOM,2023-07-31,2023-06-30,baseline_seasonal_naive,18,11,27
K350D,DOM,2023-07-31,2023-06-30,baseline_seasonal_naive,14,8,21
K350E,DOM,2023-07-31,2023-06-30,baseline_seasonal_naive,25,15,38
K350F,DOM,2023-07-31,2023-06-30,baseline_seasonal_naive,5,3,8
T120,DOM,2023-07-31,2023-06-30,baseline_seasonal_naive,610,366,915
T120,EXP,2023-07-31,2023-06-30,baseline_seasonal_naive,0,0,0
T121,DOM,2023-07-31,2023-06-30,baseline_seasonal_naive,598,359,897
T121,EXP,2023-07-31,2023-06-30,baseline_seasonal_naive,0,0,0
T122,DOM,2023-07-31,2023-06-30,baseline_seasonal_naive,325,195,488
T122,EXP,2023-07-31,2023-06-30,baseline_seasonal_naive,0,0,0
T240,DOM,2023-07-31,2023-06-30,baseline_seasonal_naive,114,68,171
T240,EXP,2023-07-31,2023-06-30,baseline_seasonal_naive,647,388,971
T241,DOM,2023-07-31,2023-06-30,baseline_seasonal_naive,16,10,24
T241,EXP,2023-07-31,2023-06-30,baseline_seasonal_naive,27,16,41
K210,DOM,2023-08-31,2023-07-31,baseline_seasonal_naive,14,8,21
K210,EXP,2023-08-31,2023-07-31,baseline_seasonal_naive,15,9,23
K210A,DOM,2023-08-31,2023-07-31,baseline_seasonal_naive,0,0,0
K210A,EXP,2023-08-31,2023-07-31,baseline_seasonal_naive,0,0,0
K210B,DOM,2023-08-31,2023-07-31,baseline_seasonal_naive,46,28,69
K210B,EXP,2023-08-31,2023-07-31,baseline_seasonal_naive,31,19,47
K210C,DOM,2023-08-31,2023-07-31,baseline_seasonal_naive,7,4,11
K210C,EXP,2023-08-31,2023-07-31,baseline_seasonal_naive,0,0,0
K210D,DOM,2023-08-31,2023-07-31,baseline_seasonal_naive,0,0,0
K210D,EXP,2023-08-31,2023-07-31,baseline_seasonal_naive,0,0,0
K240,DOM,2023-08-31,2023-07-31,baseline_seasonal_naive,3,2,5
K240,EXP,2023-08-31,2023-07-31,baseline_seasonal_naive,0,0,0
K240B,DOM,2023-08-31,2023-07-31,baseline_seasonal_naive,0,0,0
K240B,EXP,2023-08-31,2023-07-31,baseline_seasonal_naive,0,0,0
K250A,DOM,2023-08-31,2023-07-31,baseline_seasonal_naive,181,109,272
K250A,EXP,2023-08-31,2023-07-31,baseline_seasonal_naive,0,0,0
K250B,DOM,2023-08-31,2023-07-31,baseline_seasonal_naive,36,22,54
K310,DOM,2023-08-31,2023-07-31,baseline_seasonal_naive,441,265,662
K310,EXP,2023-08-31,2023-07-31,baseline_seasonal_naive,530,318,795
K311,DOM,2023-08-31,2023-07-31,baseline_seasonal_naive,39,23,59
K311,EXP,2023-08-31,2023-07-31,baseline_seasonal_naive,35,21,53
K312,DOM,2023-08-31,2023-07-31,baseline_seasonal_naive,15,9,23
K312,EXP,2023-08-31,2023-07-31,baseline_seasonal_naive,7,4,11
K350A,DOM,2023-08-31,2023-07-31,baseline_seasonal_naive,7,4,11
K350B,DOM,2023-08-31,2023-07-31,baseline_seasonal_naive,2,1,3
K350C,DOM,2023-08-31,2023-07-31,baseline_seasonal_naive,10,6,15
K350D,DOM,2023-08-31,2023-07-31,baseline_seasonal_naive,12,7,18
K350E,DOM,2023-08-31,2023-07-31,baseline_seasonal_naive,15,9,23
K350F,DOM,2023-08-31,2023-07-31,baseline_seasonal_naive,3,2,5
T120,DOM,2023-08-31,2023-07-31,baseline_seasonal_naive,318,191,477
T120,EXP,2023-08-31,2023-07-31,baseline_seasonal_naive,410,246,615
T121,DOM,2023-08-31,2023-07-31,baseline_seasonal_naive,702,421,1053
T121,EXP,2023-08-31,2023-07-31,baseline_seasonal_naive,677,406,1016
T122,DOM,2023-08-31,2023-07-31,baseline_seasonal_naive,33,20,50
T122,EXP,2023-08-31,2023-07-31,baseline_seasonal_naive,184,110,276
T240,DOM,2023-08-31,2023-07-31,baseline_seasonal_naive,584,350,876
T240,EXP,2023-08-31,2023-07-31,baseline_seasonal_naive,652,391,978
T241,DOM,2023-08-31,2023-07-31,baseline_seasonal_naive,11,7,17
T241,EXP,2023-08-31,2023-07-31,baseline_seasonal_naive,0,0,0
K210,DOM,2023-09-30,2023-08-31,baseline_seasonal_naive,37,22,56
K210,EXP,2023-09-30,2023-08-31,baseline_seasonal_naive,0,0,0
K210A,DOM,2023-09-30,2023-08-31,baseline_seasonal_naive,0,0,0
K210A,EXP,2023-09-30,2023-08-31,baseline_seasonal_naive,0,0,0
K210B,DOM,2023-09-30,2023-08-31,baseline_seasonal_naive,23,14,35
K210B,EXP,2023-09-30,2023-08-31,baseline_seasonal_naive,16,10,24
K210C,DOM,2023-09-30,2023-08-31,baseline_seasonal_naive,10,6,15
K210C,EXP,2023-09-30,2023-08-31,baseline_seasonal_naive,17,10,26
K210D,DOM,2023-09-30,2023-08-31,baseline_seasonal_naive,0,0,0
K210D,EXP,2023-09-30,2023-08-31,baseline_seasonal_naive,0,0,0
K240,DOM,2023-09-30,2023-08-31,baseline_seasonal_naive,6,4,9
K240,EXP,2023-09-30,2023-08-31,baseline_seasonal_naive,33,20,50
K240B,DOM,2023-09-30,2023-08-31,baseline_seasonal_naive,3,2,5
K240B,EXP,2023-09-30,2023-08-31,baseline_seasonal_naive,0,0,0
K250A,DOM,2023-09-30,2023-08-31,baseline_seasonal_naive,148,89,222
K250A,EXP,2023-09-30,2023-08-31,baseline_seasonal_naive,115,69,173
K250B,DOM,2023-09-30,2023-08-31,baseline_seasonal_naive,100,60,150
K310,DOM,2023-09-30,2023-08-31,baseline_seasonal_naive,566,340,849
K310,EXP,2023-09-30,2023-08-31,baseline_seasonal_naive,680,408,1020
K311,DOM,2023-09-30,2023-08-31,baseline_seasonal_naive,97,58,146
K311,EXP,2023-09-30,2023-08-31,baseline_seasonal_naive,0,0,0
K312,DOM,2023-09-30,2023-08-31,baseline_seasonal_naive,31,19,47
K312,EXP,2023-09-30,2023-08-31,baseline_seasonal_naive,0,0,0
K350A,DOM,2023-09-30,2023-08-31,baseline_seasonal_naive,5,3,8
K350B,DOM,2023-09-30,2023-08-31,baseline_seasonal_naive,2,1,3
K350C,DOM,2023-09-30,2023-08-31,baseline_seasonal_naive,7,4,11
K350D,DOM,2023-09-30,2023-08-31,baseline_seasonal_naive,13,8,20
K350E,DOM,2023-09-30,2023-08-31,baseline_seasonal_naive,14,8,21
K350F,DOM,2023-09-30,2023-08-31,baseline_seasonal_naive,2,1,3
T120,DOM,2023-09-30,2023-08-31,baseline_seasonal_naive,938,563,1407
T120,EXP,2023-09-30,2023-08-31,baseline_seasonal_naive,0,0,0
T121,DOM,2023-09-30,2023-08-31,baseline_seasonal_naive,807,484,1211
T121,EXP,2023-09-30,2023-08-31,baseline_seasonal_naive,0,0,0
T122,DOM,2023-09-30,2023-08-31,baseline_seasonal_naive,212,127,318
T122,EXP,2023-09-30,2023-08-31,baseline_seasonal_naive,319,191,479
T240,DOM,2023-09-30,2023-08-31,baseline_seasonal_naive,1035,621,1553
T240,EXP,2023-09-30,2023-08-31,baseline_seasonal_naive,0,0,0
T241,DOM,2023-09-30,2023-08-31,baseline_seasonal_naive,31,19,47
T241,EXP,2023-09-30,2023-08-31,baseline_seasonal_naive,0,0,0
K210,DOM,2023-10-31,2023-09-30,baseline_seasonal_naive,12,7,18
K210,EXP,2023-10-31,2023-09-30,baseline_seasonal_naive,13,8,20
K210A,DOM,2023-10-31,2023-09-30,baseline_seasonal_naive,1,1,2
K210A,EXP,2023-10-31,2023-09-30,baseline_seasonal_naive,2,1,3
K210B,DOM,2023-10-31,2023-09-30,baseline_seasonal_naive,10,6,15
K210B,EXP,2023-10-31,2023-09-30,baseline_seasonal_naive,7,4,11
K210C,DOM,2023-10-31,2023-09-30,baseline_seasonal_naive,5,3,8
K210C,EXP,2023-10-31,2023-09-30,baseline_seasonal_naive,0,0,0
K210D,DOM,2023-10-31,2023-09-30,baseline_seasonal_naive,0,0,0
K210D,EXP,2023-10-31,2023-09-30,baseline_seasonal_naive,0,0,0
K240,DOM,2023-10-31,2023-09-30,baseline_seasonal_naive,5,3,8
K240,EXP,2023-10-31,2023-09-30,baseline_seasonal_naive,6,4,9
K240B,DOM,2023-10-31,2023-09-30,baseline_seasonal_naive,0,0,0
K240B,EXP,2023-10-31,2023-09-30,baseline_seasonal_naive,0,0,0
K250A,DOM,2023-10-31,2023-09-30,baseline_seasonal_naive,312,187,468
K250A,EXP,2023-10-31,2023-09-30,baseline_seasonal_naive,0,0,0
K250B,DOM,2023-10-31,2023-09-30,baseline_seasonal_naive,48,29,72
K310,DOM,2023-10-31,2023-09-30,baseline_seasonal_naive,858,515,1287
K310,EXP,2023-10-31,2023-09-30,baseline_seasonal_naive,0,0,0
K311,DOM,2023-10-31,2023-09-30,baseline_seasonal_naive,135,81,203
K311,EXP,2023-10-31,2023-09-30,baseline_seasonal_naive,0,0,0
K312,DOM,2023-10-31,2023-09-30,baseline_seasonal_naive,11,7,17
K312,EXP,2023-10-31,2023-09-30,baseline_seasonal_naive,6,4,9
K350A,DOM,2023-10-31,2023-09-30,baseline_seasonal_naive,8,5,12
K350B,DOM,2023-10-31,2023-09-30,baseline_seasonal_naive,2,1,3
K350C,DOM,2023-10-31,2023-09-30,baseline_seasonal_naive,16,10,24
K350D,DOM,2023-10-31,2023-09-30,baseline_seasonal_naive,7,4,11
K350E,DOM,2023-10-31,2023-09-30,baseline_seasonal_naive,21,13,32
K350F,DOM,2023-10-31,2023-09-30,baseline_seasonal_naive,8,5,12
T120,DOM,2023-10-31,2023-09-30,baseline_seasonal_naive,159,95,239
T120,EXP,2023-10-31,2023-09-30,baseline_seasonal_naive,902,541,1353
T121,DOM,2023-10-31,2023-09-30,baseline_seasonal_naive,1051,631,1577
T121,EXP,2023-10-31,2023-09-30,baseline_seasonal_naive,0,0,0
T122,DOM,2023-10-31,2023-09-30,baseline_seasonal_naive,48,29,72
T122,EXP,2023-10-31,2023-09-30,baseline_seasonal_naive,71,43,107
T240,DOM,2023-10-31,2023-09-30,baseline_seasonal_naive,427,256,641
T240,EXP,2023-10-31,2023-09-30,baseline_seasonal_naive,477,286,716
T241,DOM,2023-10-31,2023-09-30,baseline_seasonal_naive,5,3,8
T241,EXP,2023-10-31,2023-09-30,baseline_seasonal_naive,0,0,0
K210,DOM,2023-11-30,2023-10-31,baseline_seasonal_naive,15,9,23
K210,EXP,2023-11-30,2023-10-31,baseline_seasonal_naive,16,10,24
K210A,DOM,2023-11-30,2023-10-31,baseline_seasonal_naive,4,2,6
K210A,EXP,2023-11-30,2023-10-31,baseline_seasonal_naive,0,0,0
K210B,DOM,2023-11-30,2023-10-31,baseline_seasonal_naive,11,7,17
K210B,EXP,2023-11-30,2023-10-31,baseline_seasonal_naive,8,5,12
K210C,DOM,2023-11-30,2023-10-31,baseline_seasonal_naive,16,10,24
K210C,EXP,2023-11-30,2023-10-31,baseline_seasonal_naive,0,0,0
K210D,DOM,2023-11-30,2023-10-31,baseline_seasonal_naive,0,0,0
K210D,EXP,2023-11-30,2023-10-31,baseline_seasonal_naive,0,0,0
K240,DOM,2023-11-30,2023-10-31,baseline_seasonal_naive,0,0,0
K240,EXP,2023-11-30,2023-10-31,baseline_seasonal_naive,0,0,0
K240B,DOM,2023-11-30,2023-10-31,baseline_seasonal_naive,0,0,0
K240B,EXP,2023-11-30,2023-10-31,baseline_seasonal_naive,0,0,0
K250A,DOM,2023-11-30,2023-10-31,baseline_seasonal_naive,176,106,264
K250A,EXP,2023-11-30,2023-10-31,baseline_seasonal_naive,0,0,0
K250B,DOM,2023-11-30,2023-10-31,baseline_seasonal_naive,63,38,95
K310,DOM,2023-11-30,2023-10-31,baseline_seasonal_naive,821,493,1232
K310,EXP,2023-11-30,2023-10-31,baseline_seasonal_naive,985,591,1478
K311,DOM,2023-11-30,2023-10-31,baseline_seasonal_naive,99,59,149
K311,EXP,2023-11-30,2023-10-31,baseline_seasonal_naive,0,0,0
K312,DOM,2023-11-30,2023-10-31,baseline_seasonal_naive,6,4,9
K312,EXP,2023-11-30,2023-10-31,baseline_seasonal_naive,3,2,5
K350A,DOM,2023-11-30,2023-10-31,baseline_seasonal_naive,11,7,17
K350B,DOM,2023-11-30,2023-10-31,baseline_seasonal_naive,2,1,3
K350C,DOM,2023-11-30,2023-10-31,baseline_seasonal_naive,8,5,12
K350D,DOM,2023-11-30,2023-10-31,baseline_seasonal_naive,21,13,32
K350E,DOM,2023-11-30,2023-10-31,baseline_seasonal_naive,28,17,42
K350F,DOM,2023-11-30,2023-10-31,baseline_seasonal_naive,5,3,8
T120,DOM,2023-11-30,2023-10-31,baseline_seasonal_naive,2100,1260,3150
T120,EXP,2023-11-30,2023-10-31,baseline_seasonal_naive,0,0,0
T121,DOM,2023-11-30,2023-10-31,baseline_seasonal_naive,204,122,306
T121,EXP,2023-11-30,2023-10-31,baseline_seasonal_naive,197,118,296
T122,DOM,2023-11-30,2023-10-31,baseline_seasonal_naive,122,73,183
T122,EXP,2023-11-30,2023-10-31,baseline_seasonal_naive,182,109,273
T240,DOM,2023-11-30,2023-10-31,baseline_seasonal_naive,344,206,516
T240,EXP,2023-11-30,2023-10-31,baseline_seasonal_naive,383,230,575
T241,DOM,2023-11-30,2023-10-31,baseline_seasonal_naive,4,2,6
T241,EXP,2023-11-30,2023-10-31,baseline_seasonal_naive,7,4,11
K210,DOM,2023-12-31,2023-11-30,baseline_seasonal_naive,10,6,15
K210,EXP,2023-12-31,2023-11-30,baseline_seasonal_naive,10,6,15
K210A,DOM,2023-12-31,2023-11-30,baseline_seasonal_naive,1,1,2
K210A,EXP,2023-12-31,2023-11-30,baseline_seasonal_naive,1,1,2
K210B,DOM,2023-12-31,2023-11-30,baseline_seasonal_naive,25,15,38
K210B,EXP,2023-12-31,2023-11-30,baseline_seasonal_naive,17,10,26
K210C,DOM,2023-12-31,2023-11-30,baseline_seasonal_naive,13,8,20
K210C,EXP,2023-12-31,2023-11-30,baseline_seasonal_naive,0,0,0
K210D,DOM,2023-12-31,2023-11-30,baseline_seasonal_naive,0,0,0
K210D,EXP,2023-12-31,2023-11-30,baseline_seasonal_naive,0,0,0
K240,DOM,2023-12-31,2023-11-30,baseline_seasonal_naive,7,4,11
K240,EXP,2023-12-31,2023-11-30,baseline_seasonal_naive,0,0,0
K240B,DOM,2023-12-31,2023-11-30,baseline_seasonal_naive,0,0,0
K240B,EXP,2023-12-31,2023-11-30,baseline_seasonal_naive,0,0,0
K250A,DOM,2023-12-31,2023-11-30,baseline_seasonal_naive,359,215,539
K250A,EXP,2023-12-31,2023-11-30,baseline_seasonal_naive,0,0,0
K250B,DOM,2023-12-31,2023-11-30,baseline_seasonal_naive,88,53,132
K310,DOM,2023-12-31,2023-11-30,baseline_seasonal_naive,504,302,756
K310,EXP,2023-12-31,2023-11-30,baseline_seasonal_naive,604,362,906
K311,DOM,2023-12-31,2023-11-30,baseline_seasonal_naive,149,89,224
K311,EXP,2023-12-31,2023-11-30,baseline_seasonal_naive,0,0,0
K312,DOM,2023-12-31,2023-11-30,baseline_seasonal_naive,5,3,8
K312,EXP,2023-12-31,2023-11-30,baseline_seasonal_naive,30,18,45
K350A,DOM,2023-12-31,2023-11-30,baseline_seasonal_naive,12,7,18
K350B,DOM,2023-12-31,2023-11-30,baseline_seasonal_naive,3,2,5
K350C,DOM,2023-12-31,2023-11-30,baseline_seasonal_naive,26,16,39
K350D,DOM,2023-12-31,2023-11-30,baseline_seasonal_naive,11,7,17
K350E,DOM,2023-12-31,2023-11-30,baseline_seasonal_naive,15,9,23
K350F,DOM,2023-12-31,2023-11-30,baseline_seasonal_naive,3,2,5
T120,DOM,2023-12-31,2023-11-30,baseline_seasonal_naive,333,200,500
T120,EXP,2023-12-31,2023-11-30,baseline_seasonal_naive,429,257,644
T121,DOM,2023-12-31,2023-11-30,baseline_seasonal_naive,404,242,606
T121,EXP,2023-12-31,2023-11-30,baseline_seasonal_naive,390,234,585
T122,DOM,2023-12-31,2023-11-30,baseline_seasonal_naive,223,134,335
T122,EXP,2023-12-31,2023-11-30,baseline_seasonal_naive,0,0,0
T240,DOM,2023-12-31,2023-11-30,baseline_seasonal_naive,632,379,948
T240,EXP,2023-12-31,2023-11-30,baseline_seasonal_naive,0,0,0
T241,DOM,2023-12-31,2023-11-30,baseline_seasonal_naive,2,1,3
T241,EXP,2023-12-31,2023-11-30,baseline_seasonal_naive,2,1,3
K210,DOM,2024-01-31,2023-12-31,baseline_seasonal_naive,15,9,23
K210,EXP,2024-01-31,2023-12-31,baseline_seasonal_naive,15,9,23
K210A,DOM,2024-01-31,2023-12-31,baseline_seasonal_naive,1,1,2
K210A,EXP,2024-01-31,2023-12-31,baseline_seasonal_naive,1,1,2
K210B,DOM,2024-01-31,2023-12-31,baseline_seasonal_naive,62,37,93
K210B,EXP,2024-01-31,2023-12-31,baseline_seasonal_naive,41,25,62
K210C,DOM,2024-01-31,2023-12-31,baseline_seasonal_naive,6,4,9
K210C,EXP,2024-01-31,2023-12-31,baseline_seasonal_naive,11,7,17
K210D,DOM,2024-01-31,2023-12-31,baseline_seasonal_naive,1,1,2
K210D,EXP,2024-01-31,2023-12-31,baseline_seasonal_naive,0,0,0
K240,DOM,2024-01-31,2023-12-31,baseline_seasonal_naive,5,3,8
K240,EXP,2024-01-31,2023-12-31,baseline_seasonal_naive,7,4,11
K240B,DOM,2024-01-31,2023-12-31,baseline_seasonal_naive,2,1,3
K240B,EXP,2024-01-31,2023-12-31,baseline_seasonal_naive,0,0,0
K250A,DOM,2024-01-31,2023-12-31,baseline_seasonal_naive,231,139,347
K250A,EXP,2024-01-31,2023-12-31,baseline_seasonal_naive,0,0,0
K250B,DOM,2024-01-31,2023-12-31,baseline_seasonal_naive,26,16,39
K310,DOM,2024-01-31,2023-12-31,baseline_seasonal_naive,647,388,971
K310,EXP,2024-01-31,2023-12-31,baseline_seasonal_naive,776,466,1164
K311,DOM,2024-01-31,2023-12-31,baseline_seasonal_naive,55,33,83
K311,EXP,2024-01-31,2023-12-31,baseline_seasonal_naive,50,30,75
K312,DOM,2024-01-31,2023-12-31,baseline_seasonal_naive,29,17,44
K312,EXP,2024-01-31,2023-12-31,baseline_seasonal_naive,0,0,0
K350A,DOM,2024-01-31,2023-12-31,baseline_seasonal_naive,10,6,15
K350B,DOM,2024-01-31,2023-12-31,baseline_seasonal_naive,3,2,5
K350C,DOM,2024-01-31,2023-12-31,baseline_seasonal_naive,16,10,24
K350D,DOM,2024-01-31,2023-12-31,baseline_seasonal_naive,3,2,5
K350E,DOM,2024-01-31,2023-12-31,baseline_seasonal_naive,40,24,60
K350F,DOM,2024-01-31,2023-12-31,baseline_seasonal_naive,7,4,11
T120,DOM,2024-01-31,2023-12-31,baseline_seasonal_naive,1473,884,2210
T120,EXP,2024-01-31,2023-12-31,baseline_seasonal_naive,0,0,0
T121,DOM,2024-01-31,2023-12-31,baseline_seasonal_naive,612,367,918
T121,EXP,2024-01-31,2023-12-31,baseline_seasonal_naive,0,0,0
T122,DOM,2024-01-31,2023-12-31,baseline_seasonal_naive,877,526,1316
T122,EXP,2024-01-31,2023-12-31,baseline_seasonal_naive,0,0,0
T240,DOM,2024-01-31,2023-12-31,baseline_seasonal_naive,298,179,447
T240,EXP,2024-01-31,2023-12-31,baseline_seasonal_naive,0,0,0
T241,DOM,2024-01-31,2023-12-31,baseline_seasonal_naive,2,1,3
T241,EXP,2024-01-31,2023-12-31,baseline_seasonal_naive,0,0,0
K210,DOM,2024-02-29,2024-01-31,baseline_seasonal_naive,15,9,23
K210,EXP,2024-02-29,2024-01-31,baseline_seasonal_naive,15,9,23
K210A,DOM,2024-02-29,2024-01-31,baseline_seasonal_naive,0,0,0
K210A,EXP,2024-02-29,2024-01-31,baseline_seasonal_naive,0,0,0
K210B,DOM,2024-02-29,2024-01-31,baseline_seasonal_naive,34,20,51
K210B,EXP,2024-02-29,2024-01-31,baseline_seasonal_naive,22,13,33
K210C,DOM,2024-02-29,2024-01-31,baseline_seasonal_naive,1,1,2
K210C,EXP,2024-02-29,2024-01-31,baseline_seasonal_naive,6,4,9
K210D,DOM,2024-02-29,2024-01-31,baseline_seasonal_naive,1,1,2
K210D,EXP,2024-02-29,2024-01-31,baseline_seasonal_naive,0,0,0
K240,DOM,2024-02-29,2024-01-31,baseline_seasonal_naive,1,1,2
K240,EXP,2024-02-29,2024-01-31,baseline_seasonal_naive,0,0,0
K240B,DOM,2024-02-29,2024-01-31,baseline_seasonal_naive,0,0,0
K240B,EXP,2024-02-29,2024-01-31,baseline_seasonal_naive,0,0,0
K250A,DOM,2024-02-29,2024-01-31,baseline_seasonal_naive,162,97,243
K250A,EXP,2024-02-29,2024-01-31,baseline_seasonal_naive,126,76,189
K250B,DOM,2024-02-29,2024-01-31,baseline_seasonal_naive,22,13,33
K310,DOM,2024-02-29,2024-01-31,baseline_seasonal_naive,1294,776,1941
K310,EXP,2024-02-29,2024-01-31,baseline_seasonal_naive,1552,931,2328
K311,DOM,2024-02-29,2024-01-31,baseline_seasonal_naive,55,33,83
K311,EXP,2024-02-29,2024-01-31,baseline_seasonal_naive,49,29,74
K312,DOM,2024-02-29,2024-01-31,baseline_seasonal_naive,12,7,18
K312,EXP,2024-02-29,2024-01-31,baseline_seasonal_naive,6,4,9
K350A,DOM,2024-02-29,2024-01-31,baseline_seasonal_naive,9,5,14
K350B,DOM,2024-02-29,2024-01-31,baseline_seasonal_naive,3,2,5
K350C,DOM,2024-02-29,2024-01-31,baseline_seasonal_naive,9,5,14
K350D,DOM,2024-02-29,2024-01-31,baseline_seasonal_naive,27,16,41
K350E,DOM,2024-02-29,2024-01-31,baseline_seasonal_naive,21,13,32
K350F,DOM,2024-02-29,2024-01-31,baseline_seasonal_naive,5,3,8
T120,DOM,2024-02-29,2024-01-31,baseline_seasonal_naive,1032,619,1548
T120,EXP,2024-02-29,2024-01-31,baseline_seasonal_naive,1332,799,1998
T121,DOM,2024-02-29,2024-01-31,baseline_seasonal_naive,585,351,878
T121,EXP,2024-02-29,2024-01-31,baseline_seasonal_naive,0,0,0
T122,DOM,2024-02-29,2024-01-31,baseline_seasonal_naive,49,29,74
T122,EXP,2024-02-29,2024-01-31,baseline_seasonal_naive,279,167,419
T240,DOM,2024-02-29,2024-01-31,baseline_seasonal_naive,260,156,390
T240,EXP,2024-02-29,2024-01-31,baseline_seasonal_naive,290,174,435
T241,DOM,2024-02-29,2024-01-31,baseline_seasonal_naive,55,33,83
T241,EXP,2024-02-29,2024-01-31,baseline_seasonal_naive,0,0,0
K210,DOM,2024-03-31,2024-02-29,baseline_seasonal_naive,6,4,9
K210,EXP,2024-03-31,2024-02-29,baseline_seasonal_naive,36,22,54
K210A,DOM,2024-03-31,2024-02-29,baseline_seasonal_naive,0,0,0
K210A,EXP,2024-03-31,2024-02-29,baseline_seasonal_naive,0,0,0
K210B,DOM,2024-03-31,2024-02-29,baseline_seasonal_naive,20,12,30
K210B,EXP,2024-03-31,2024-02-29,baseline_seasonal_naive,13,8,20
K210C,DOM,2024-03-31,2024-02-29,baseline_seasonal_naive,1,1,2
K210C,EXP,2024-03-31,2024-02-29,baseline_seasonal_naive,3,2,5
K210D,DOM,2024-03-31,2024-02-29,baseline_seasonal_naive,0,0,0
K210D,EXP,2024-03-31,2024-02-29,baseline_seasonal_naive,0,0,0
K240,DOM,2024-03-31,2024-02-29,baseline_seasonal_naive,0,0,0
K240,EXP,2024-03-31,2024-02-29,baseline_seasonal_naive,0,0,0
K240B,DOM,2024-03-31,2024-02-29,baseline_seasonal_naive,0,0,0
K240B,EXP,2024-03-31,2024-02-29,baseline_seasonal_naive,0,0,0
K250A,DOM,2024-03-31,2024-02-29,baseline_seasonal_naive,189,113,284
K250A,EXP,2024-03-31,2024-02-29,baseline_seasonal_naive,146,88,219
K250B,DOM,2024-03-31,2024-02-29,baseline_seasonal_naive,40,24,60
K310,DOM,2024-03-31,2024-02-29,baseline_seasonal_naive,874,524,1311
K310,EXP,2024-03-31,2024-02-29,baseline_seasonal_naive,1048,629,1572
K311,DOM,2024-03-31,2024-02-29,baseline_seasonal_naive,58,35,87
K311,EXP,2024-03-31,2024-02-29,baseline_seasonal_naive,52,31,78
K312,DOM,2024-03-31,2024-02-29,baseline_seasonal_naive,20,12,30
K312,EXP,2024-03-31,2024-02-29,baseline_seasonal_naive,0,0,0
K350A,DOM,2024-03-31,2024-02-29,baseline_seasonal_naive,10,6,15
K350B,DOM,2024-03-31,2024-02-29,baseline_seasonal_naive,4,2,6
K350C,DOM,2024-03-31,2024-02-29,baseline_seasonal_naive,14,8,21
K350D,DOM,2024-03-31,2024-02-29,baseline_seasonal_naive,36,22,54
K350E,DOM,2024-03-31,2024-02-29,baseline_seasonal_naive,20,12,30
K350F,DOM,2024-03-31,2024-02-29,baseline_seasonal_naive,4,2,6
T120,DOM,2024-03-31,2024-02-29,baseline_seasonal_naive,1442,865,2163
T120,EXP,2024-03-31,2024-02-29,baseline_seasonal_naive,0,0,0
T121,DOM,2024-03-31,2024-02-29,baseline_seasonal_naive,795,477,1193
T121,EXP,2024-03-31,2024-02-29,baseline_seasonal_naive,0,0,0
T122,DOM,2024-03-31,2024-02-29,baseline_seasonal_naive,58,35,87
T122,EXP,2024-03-31,2024-02-29,baseline_seasonal_naive,87,52,131
T240,DOM,2024-03-31,2024-02-29,baseline_seasonal_naive,271,163,407
T240,EXP,2024-03-31,2024-02-29,baseline_seasonal_naive,303,182,455
T241,DOM,2024-03-31,2024-02-29,baseline_seasonal_naive,2,1,3
T241,EXP,2024-03-31,2024-02-29,baseline_seasonal_naive,9,5,14
K210,DOM,2024-04-30,2024-03-31,baseline_seasonal_naive,39,23,59
K210,EXP,2024-04-30,2024-03-31,baseline_seasonal_naive,0,0,0
K210A,DOM,2024-04-30,2024-03-31,baseline_seasonal_naive,0,0,0
K210A,EXP,2024-04-30,2024-03-31,baseline_seasonal_naive,0,0,0
K210B,DOM,2024-04-30,2024-03-31,baseline_seasonal_naive,31,19,47
K210B,EXP,2024-04-30,2024-03-31,baseline_seasonal_naive,0,0,0
K210C,DOM,2024-04-30,2024-03-31,baseline_seasonal_naive,66,40,99
K210C,EXP,2024-04-30,2024-03-31,baseline_seasonal_naive,0,0,0
K210D,DOM,2024-04-30,2024-03-31,baseline_seasonal_naive,1,1,2
K210D,EXP,2024-04-30,2024-03-31,baseline_seasonal_naive,0,0,0
K240,DOM,2024-04-30,2024-03-31,baseline_seasonal_naive,4,2,6
K240,EXP,2024-04-30,2024-03-31,baseline_seasonal_naive,0,0,0
K240B,DOM,2024-04-30,2024-03-31,baseline_seasonal_naive,3,2,5
K240B,EXP,2024-04-30,2024-03-31,baseline_seasonal_naive,1,1,2
K250A,DOM,2024-04-30,2024-03-31,baseline_seasonal_naive,288,173,432
K250A,EXP,2024-04-30,2024-03-31,baseline_seasonal_naive,0,0,0
K250B,DOM,2024-04-30,2024-03-31,baseline_seasonal_naive,33,20,50
K310,DOM,2024-04-30,2024-03-31,baseline_seasonal_naive,1450,870,2175
K310,EXP,2024-04-30,2024-03-31,baseline_seasonal_naive,1741,1045,2612
K311,DOM,2024-04-30,2024-03-31,baseline_seasonal_naive,83,50,125
K311,EXP,2024-04-30,2024-03-31,baseline_seasonal_naive,0,0,0
K312,DOM,2024-04-30,2024-03-31,baseline_seasonal_naive,4,2,6
K312,EXP,2024-04-30,2024-03-31,baseline_seasonal_naive,22,13,33
K350A,DOM,2024-04-30,2024-03-31,baseline_seasonal_naive,16,10,24
K350B,DOM,2024-04-30,2024-03-31,baseline_seasonal_naive,3,2,5
K350C,DOM,2024-04-30,2024-03-31,baseline_seasonal_naive,13,8,20
K350D,DOM,2024-04-30,2024-03-31,baseline_seasonal_naive,6,4,9
K350E,DOM,2024-04-30,2024-03-31,baseline_seasonal_naive,8,5,12
K350F,DOM,2024-04-30,2024-03-31,baseline_seasonal_naive,6,4,9
T120,DOM,2024-04-30,2024-03-31,baseline_seasonal_naive,2041,1225,3062
T120,EXP,2024-04-30,2024-03-31,baseline_seasonal_naive,0,0,0
T121,DOM,2024-04-30,2024-03-31,baseline_seasonal_naive,809,485,1214
T121,EXP,2024-04-30,2024-03-31,baseline_seasonal_naive,0,0,0
T122,DOM,2024-04-30,2024-03-31,baseline_seasonal_naive,64,38,96
T122,EXP,2024-04-30,2024-03-31,baseline_seasonal_naive,97,58,146
T240,DOM,2024-04-30,2024-03-31,baseline_seasonal_naive,333,200,500
T240,EXP,2024-04-30,2024-03-31,baseline_seasonal_naive,372,223,558
T241,DOM,2024-04-30,2024-03-31,baseline_seasonal_naive,8,5,12
T241,EXP,2024-04-30,2024-03-31,baseline_seasonal_naive,0,0,0
K210,DOM,2024-05-31,2024-04-30,baseline_seasonal_naive,10,6,15
K210,EXP,2024-05-31,2024-04-30,baseline_seasonal_naive,10,6,15
K210A,DOM,2024-05-31,2024-04-30,baseline_seasonal_naive,0,0,0
K210A,EXP,2024-05-31,2024-04-30,baseline_seasonal_naive,0,0,0
K210B,DOM,2024-05-31,2024-04-30,baseline_seasonal_naive,37,22,56
K210B,EXP,2024-05-31,2024-04-30,baseline_seasonal_naive,0,0,0
K210C,DOM,2024-05-31,2024-04-30,baseline_seasonal_naive,7,4,11
K210C,EXP,2024-05-31,2024-04-30,baseline_seasonal_naive,0,0,0
K210D,DOM,2024-05-31,2024-04-30,baseline_seasonal_naive,0,0,0
K210D,EXP,2024-05-31,2024-04-30,baseline_seasonal_naive,0,0,0
K240,DOM,2024-05-31,2024-04-30,baseline_seasonal_naive,1,1,2
K240,EXP,2024-05-31,2024-04-30,baseline_seasonal_naive,1,1,2
K240B,DOM,2024-05-31,2024-04-30,baseline_seasonal_naive,3,2,5
K240B,EXP,2024-05-31,2024-04-30,baseline_seasonal_naive,1,1,2
K250A,DOM,2024-05-31,2024-04-30,baseline_seasonal_naive,245,147,368
K250A,EXP,2024-05-31,2024-04-30,baseline_seasonal_naive,0,0,0
K250B,DOM,2024-05-31,2024-04-30,baseline_seasonal_naive,19,11,29
K310,DOM,2024-05-31,2024-04-30,baseline_seasonal_naive,529,317,794
K310,EXP,2024-05-31,2024-04-30,baseline_seasonal_naive,634,380,951
K311,DOM,2024-05-31,2024-04-30,baseline_seasonal_naive,19,11,29
K311,EXP,2024-05-31,2024-04-30,baseline_seasonal_naive,106,64,159
K312,DOM,2024-05-31,2024-04-30,baseline_seasonal_naive,29,17,44
K312,EXP,2024-05-31,2024-04-30,baseline_seasonal_naive,0,0,0
K350A,DOM,2024-05-31,2024-04-30,baseline_seasonal_naive,8,5,12
K350B,DOM,2024-05-31,2024-04-30,baseline_seasonal_naive,2,1,3
K350C,DOM,2024-05-31,2024-04-30,baseline_seasonal_naive,25,15,38
K350D,DOM,2024-05-31,2024-04-30,baseline_seasonal_naive,8,5,12
K350E,DOM,2024-05-31,2024-04-30,baseline_seasonal_naive,14,8,21
K350F,DOM,2024-05-31,2024-04-30,baseline_seasonal_naive,5,3,8
T120,DOM,2024-05-31,2024-04-30,baseline_seasonal_naive,777,466,1166
T120,EXP,2024-05-31,2024-04-30,baseline_seasonal_naive,0,0,0
T121,DOM,2024-05-31,2024-04-30,baseline_seasonal_naive,355,213,533
T121,EXP,2024-05-31,2024-04-30,baseline_seasonal_naive,342,205,513
T122,DOM,2024-05-31,2024-04-30,baseline_seasonal_naive,165,99,248
T122,EXP,2024-05-31,2024-04-30,baseline_seasonal_naive,247,148,371
T240,DOM,2024-05-31,2024-04-30,baseline_seasonal_naive,332,199,498
T240,EXP,2024-05-31,2024-04-30,baseline_seasonal_naive,370,222,555
T241,DOM,2024-05-31,2024-04-30,baseline_seasonal_naive,13,8,20
T241,EXP,2024-05-31,2024-04-30,baseline_seasonal_naive,22,13,33
K210,DOM,2024-06-30,2024-05-31,baseline_seasonal_naive,27,16,41
K210,EXP,2024-06-30,2024-05-31,baseline_seasonal_naive,28,17,42
K210A,DOM,2024-06-30,2024-05-31,baseline_seasonal_naive,0,0,0
K210A,EXP,2024-06-30,2024-05-31,baseline_seasonal_naive,0,0,0
K210B,DOM,2024-06-30,2024-05-31,baseline_seasonal_naive,54,32,81
K210B,EXP,2024-06-30,2024-05-31,baseline_seasonal_naive,0,0,0
K210C,DOM,2024-06-30,2024-05-31,baseline_seasonal_naive,1,1,2
K210C,EXP,2024-06-30,2024-05-31,baseline_seasonal_naive,3,2,5
K210D,DOM,2024-06-30,2024-05-31,baseline_seasonal_naive,0,0,0
K210D,EXP,2024-06-30,2024-05-31,baseline_seasonal_naive,0,0,0
K240,DOM,2024-06-30,2024-05-31,baseline_seasonal_naive,4,2,6
K240,EXP,2024-06-30,2024-05-31,baseline_seasonal_naive,0,0,0
K240B,DOM,2024-06-30,2024-05-31,baseline_seasonal_naive,0,0,0
K240B,EXP,2024-06-30,2024-05-31,baseline_seasonal_naive,0,0,0
K250A,DOM,2024-06-30,2024-05-31,baseline_seasonal_naive,199,119,299
K250A,EXP,2024-06-30,2024-05-31,baseline_seasonal_naive,0,0,0
K250B,DOM,2024-06-30,2024-05-31,baseline_seasonal_naive,92,55,138
K310,DOM,2024-06-30,2024-05-31,baseline_seasonal_naive,1668,1001,2502
K310,EXP,2024-06-30,2024-05-31,baseline_seasonal_naive,0,0,0
K311,DOM,2024-06-30,2024-05-31,baseline_seasonal_naive,57,34,86
K311,EXP,2024-06-30,2024-05-31,baseline_seasonal_naive,51,31,77
K312,DOM,2024-06-30,2024-05-31,baseline_seasonal_naive,15,9,23
K312,EXP,2024-06-30,2024-05-31,baseline_seasonal_naive,8,5,12
K350A,DOM,2024-06-30,2024-05-31,baseline_seasonal_naive,8,5,12
K350B,DOM,2024-06-30,2024-05-31,baseline_seasonal_naive,1,1,2
K350C,DOM,2024-06-30,2024-05-31,baseline_seasonal_naive,12,7,18
K350D,DOM,2024-06-30,2024-05-31,baseline_seasonal_naive,3,2,5
K350E,DOM,2024-06-30,2024-05-31,baseline_seasonal_naive,10,6,15
K350F,DOM,2024-06-30,2024-05-31,baseline_seasonal_naive,8,5,12
T120,DOM,2024-06-30,2024-05-31,baseline_seasonal_naive,281,169,422
T120,EXP,2024-06-30,2024-05-31,baseline_seasonal_naive,363,218,545
T121,DOM,2024-06-30,2024-05-31,baseline_seasonal_naive,262,157,393
T121,EXP,2024-06-30,2024-05-31,baseline_seasonal_naive,253,152,380
T122,DOM,2024-06-30,2024-05-31,baseline_seasonal_naive,27,16,41
T122,EXP,2024-06-30,2024-05-31,baseline_seasonal_naive,155,93,233
T240,DOM,2024-06-30,2024-05-31,baseline_seasonal_naive,479,287,719
T240,EXP,2024-06-30,2024-05-31,baseline_seasonal_naive,534,320,801
T241,DOM,2024-06-30,2024-05-31,baseline_seasonal_naive,1,1,2
T241,EXP,2024-06-30,2024-05-31,baseline_seasonal_naive,2,1,3
K210,DOM,2024-07-31,2024-06-30,baseline_seasonal_naive,34,20,51
K210,EXP,2024-07-31,2024-06-30,baseline_seasonal_naive,0,0,0
K210A,DOM,2024-07-31,2024-06-30,baseline_seasonal_naive,2,1,3
K210A,EXP,2024-07-31,2024-06-30,baseline_seasonal_naive,2,1,3
K210B,DOM,2024-07-31,2024-06-30,baseline_seasonal_naive,30,18,45
K210B,EXP,2024-07-31,2024-06-30,baseline_seasonal_naive,20,12,30
K210C,DOM,2024-07-31,2024-06-30,baseline_seasonal_naive,1,1,2
K210C,EXP,2024-07-31,2024-06-30,baseline_seasonal_naive,5,3,8
K210D,DOM,2024-07-31,2024-06-30,baseline_seasonal_naive,0,0,0
K210D,EXP,2024-07-31,2024-06-30,baseline_seasonal_naive,0,0,0
K240,DOM,2024-07-31,2024-06-30,baseline_seasonal_naive,0,0,0
K240,EXP,2024-07-31,2024-06-30,baseline_seasonal_naive,0,0,0
K240B,DOM,2024-07-31,2024-06-30,baseline_seasonal_naive,1,1,2
K240B,EXP,2024-07-31,2024-06-30,baseline_seasonal_naive,1,1,2
K250A,DOM,2024-07-31,2024-06-30,baseline_seasonal_naive,309,185,464
K250A,EXP,2024-07-31,2024-06-30,baseline_seasonal_naive,0,0,0
K250B,DOM,2024-07-31,2024-06-30,baseline_seasonal_naive,25,15,38
K310,DOM,2024-07-31,2024-06-30,baseline_seasonal_naive,1261,757,1892
K310,EXP,2024-07-31,2024-06-30,baseline_seasonal_naive,0,0,0
K311,DOM,2024-07-31,2024-06-30,baseline_seasonal_naive,21,13,32
K311,EXP,2024-07-31,2024-06-30,baseline_seasonal_naive,118,71,177
K312,DOM,2024-07-31,2024-06-30,baseline_seasonal_naive,30,18,45
K312,EXP,2024-07-31,2024-06-30,baseline_seasonal_naive,0,0,0
K350A,DOM,2024-07-31,2024-06-30,baseline_seasonal_naive,14,8,21
K350B,DOM,2024-07-31,2024-06-30,baseline_seasonal_naive,5,3,8
K350C,DOM,2024-07-31,2024-06-30,baseline_seasonal_naive,13,8,20
K350D,DOM,2024-07-31,2024-06-30,baseline_seasonal_naive,12,7,18
K350E,DOM,2024-07-31,2024-06-30,baseline_seasonal_naive,7,4,11
K350F,DOM,2024-07-31,2024-06-30,baseline_seasonal_naive,13,8,20
T120,DOM,2024-07-31,2024-06-30,baseline_seasonal_naive,212,127,318
T120,EXP,2024-07-31,2024-06-30,baseline_seasonal_naive,273,164,410
T121,DOM,2024-07-31,2024-06-30,baseline_seasonal_naive,922,553,1383
T121,EXP,2024-07-31,2024-06-30,baseline_seasonal_naive,0,0,0
T122,DOM,2024-07-31,2024-06-30,baseline_seasonal_naive,112,67,168
T122,EXP,2024-07-31,2024-06-30,baseline_seasonal_naive,169,101,254
T240,DOM,2024-07-31,2024-06-30,baseline_seasonal_naive,317,190,476
T240,EXP,2024-07-31,2024-06-30,baseline_seasonal_naive,354,212,531
T241,DOM,2024-07-31,2024-06-30,baseline_seasonal_naive,5,3,8
T241,EXP,2024-07-31,2024-06-30,baseline_seasonal_naive,0,0,0
K210,DOM,2024-08-31,2024-07-31,baseline_seasonal_naive,23,14,35
K210,EXP,2024-08-31,2024-07-31,baseline_seasonal_naive,0,0,0
K210A,DOM,2024-08-31,2024-07-31,baseline_seasonal_naive,0,0,0
K210A,EXP,2024-08-31,2024-07-31,baseline_seasonal_naive,0,0,0
K210B,DOM,2024-08-31,2024-07-31,baseline_seasonal_naive,21,13,32
K210B,EXP,2024-08-31,2024-07-31,baseline_seasonal_naive,0,0,0
K210C,DOM,2024-08-31,2024-07-31,baseline_seasonal_naive,23,14,35
K210C,EXP,2024-08-31,2024-07-31,baseline_seasonal_naive,41,25,62
K210D,DOM,2024-08-31,2024-07-31,baseline_seasonal_naive,2,1,3
K210D,EXP,2024-08-31,2024-07-31,baseline_seasonal_naive,2,1,3
K240,DOM,2024-08-31,2024-07-31,baseline_seasonal_naive,6,4,9
K240,EXP,2024-08-31,2024-07-31,baseline_seasonal_naive,9,5,14
K240B,DOM,2024-08-31,2024-07-31,baseline_seasonal_naive,1,1,2
K240B,EXP,2024-08-31,2024-07-31,baseline_seasonal_naive,0,0,0
K250A,DOM,2024-08-31,2024-07-31,baseline_seasonal_naive,126,76,189
K250A,EXP,2024-08-31,2024-07-31,baseline_seasonal_naive,97,58,146
K250B,DOM,2024-08-31,2024-07-31,baseline_seasonal_naive,63,38,95
K310,DOM,2024-08-31,2024-07-31,baseline_seasonal_naive,425,255,638
K310,EXP,2024-08-31,2024-07-31,baseline_seasonal_naive,509,305,764
K311,DOM,2024-08-31,2024-07-31,baseline_seasonal_naive,36,22,54
K311,EXP,2024-08-31,2024-07-31,baseline_seasonal_naive,32,19,48
K312,DOM,2024-08-31,2024-07-31,baseline_seasonal_naive,18,11,27
K312,EXP,2024-08-31,2024-07-31,baseline_seasonal_naive,0,0,0
K350A,DOM,2024-08-31,2024-07-31,baseline_seasonal_naive,10,6,15
K350B,DOM,2024-08-31,2024-07-31,baseline_seasonal_naive,2,1,3
K350C,DOM,2024-08-31,2024-07-31,baseline_seasonal_naive,6,4,9
K350D,DOM,2024-08-31,2024-07-31,baseline_seasonal_naive,9,5,14
K350E,DOM,2024-08-31,2024-07-31,baseline_seasonal_naive,14,8,21
K350F,DOM,2024-08-31,2024-07-31,baseline_seasonal_naive,6,4,9
T120,DOM,2024-08-31,2024-07-31,baseline_seasonal_naive,1181,709,1772
T120,EXP,2024-08-31,2024-07-31,baseline_seasonal_naive,0,0,0
T121,DOM,2024-08-31,2024-07-31,baseline_seasonal_naive,654,392,981
T121,EXP,2024-08-31,2024-07-31,baseline_seasonal_naive,0,0,0
T122,DOM,2024-08-31,2024-07-31,baseline_seasonal_naive,106,64,159
T122,EXP,2024-08-31,2024-07-31,baseline_seasonal_naive,160,96,240
T240,DOM,2024-08-31,2024-07-31,baseline_seasonal_naive,521,313,782
T240,EXP,2024-08-31,2024-07-31,baseline_seasonal_naive,0,0,0
T241,DOM,2024-08-31,2024-07-31,baseline_seasonal_naive,3,2,5
T241,EXP,2024-08-31,2024-07-31,baseline_seasonal_naive,5,3,8
K210,DOM,2024-09-30,2024-08-31,baseline_seasonal_naive,24,14,36
K210,EXP,2024-09-30,2024-08-31,baseline_seasonal_naive,0,0,0
K210A,DOM,2024-09-30,2024-08-31,baseline_seasonal_naive,5,3,8
K210A,EXP,2024-09-30,2024-08-31,baseline_seasonal_naive,0,0,0
K210B,DOM,2024-09-30,2024-08-31,baseline_seasonal_naive,4,2,6
K210B,EXP,2024-09-30,2024-08-31,baseline_seasonal_naive,2,1,3
K210C,DOM,2024-09-30,2024-08-31,baseline_seasonal_naive,16,10,24
K210C,EXP,2024-09-30,2024-08-31,baseline_seasonal_naive,0,0,0
K210D,DOM,2024-09-30,2024-08-31,baseline_seasonal_naive,0,0,0
K210D,EXP,2024-09-30,2024-08-31,baseline_seasonal_naive,0,0,0
K240,DOM,2024-09-30,2024-08-31,baseline_seasonal_naive,26,16,39
K240,EXP,2024-09-30,2024-08-31,baseline_seasonal_naive,0,0,0
K240B,DOM,2024-09-30,2024-08-31,baseline_seasonal_naive,2,1,3
K240B,EXP,2024-09-30,2024-08-31,baseline_seasonal_naive,0,0,0
K250A,DOM,2024-09-30,2024-08-31,baseline_seasonal_naive,47,28,71
K250A,EXP,2024-09-30,2024-08-31,baseline_seasonal_naive,264,158,396
K250B,DOM,2024-09-30,2024-08-31,baseline_seasonal_naive,39,23,59
K310,DOM,2024-09-30,2024-08-31,baseline_seasonal_naive,1482,889,2223
K310,EXP,2024-09-30,2024-08-31,baseline_seasonal_naive,0,0,0
K311,DOM,2024-09-30,2024-08-31,baseline_seasonal_naive,15,9,23
K311,EXP,2024-09-30,2024-08-31,baseline_seasonal_naive,88,53,132
K312,DOM,2024-09-30,2024-08-31,baseline_seasonal_naive,31,19,47
K312,EXP,2024-09-30,2024-08-31,baseline_seasonal_naive,0,0,0
K350A,DOM,2024-09-30,2024-08-31,baseline_seasonal_naive,6,4,9
K350B,DOM,2024-09-30,2024-08-31,baseline_seasonal_naive,4,2,6
K350C,DOM,2024-09-30,2024-08-31,baseline_seasonal_naive,12,7,18
K350D,DOM,2024-09-30,2024-08-31,baseline_seasonal_naive,14,8,21
K350E,DOM,2024-09-30,2024-08-31,baseline_seasonal_naive,11,7,17
K350F,DOM,2024-09-30,2024-08-31,baseline_seasonal_naive,2,1,3
T120,DOM,2024-09-30,2024-08-31,baseline_seasonal_naive,594,356,891
T120,EXP,2024-09-30,2024-08-31,baseline_seasonal_naive,0,0,0
T121,DOM,2024-09-30,2024-08-31,baseline_seasonal_naive,345,207,518
T121,EXP,2024-09-30,2024-08-31,baseline_seasonal_naive,333,200,500
T122,DOM,2024-09-30,2024-08-31,baseline_seasonal_naive,236,142,354
T122,EXP,2024-09-30,2024-08-31,baseline_seasonal_naive,0,0,0
T240,DOM,2024-09-30,2024-08-31,baseline_seasonal_naive,744,446,1116
T240,EXP,2024-09-30,2024-08-31,baseline_seasonal_naive,0,0,0
T241,DOM,2024-09-30,2024-08-31,baseline_seasonal_naive,2,1,3
T241,EXP,2024-09-30,2024-08-31,baseline_seasonal_naive,2,1,3
K210,DOM,2024-10-31,2024-09-30,baseline_seasonal_naive,18,11,27
K210,EXP,2024-10-31,2024-09-30,baseline_seasonal_naive,18,11,27
K210A,DOM,2024-10-31,2024-09-30,baseline_seasonal_naive,6,4,9
K210A,EXP,2024-10-31,2024-09-30,baseline_seasonal_naive,0,0,0
K210B,DOM,2024-10-31,2024-09-30,baseline_seasonal_naive,43,26,65
K210B,EXP,2024-10-31,2024-09-30,baseline_seasonal_naive,28,17,42
K210C,DOM,2024-10-31,2024-09-30,baseline_seasonal_naive,15,9,23
K210C,EXP,2024-10-31,2024-09-30,baseline_seasonal_naive,26,16,39
K210D,DOM,2024-10-31,2024-09-30,baseline_seasonal_naive,0,0,0
K210D,EXP,2024-10-31,2024-09-30,baseline_seasonal_naive,0,0,0
K240,DOM,2024-10-31,2024-09-30,baseline_seasonal_naive,2,1,3
K240,EXP,2024-10-31,2024-09-30,baseline_seasonal_naive,2,1,3
K240B,DOM,2024-10-31,2024-09-30,baseline_seasonal_naive,0,0,0
K240B,EXP,2024-10-31,2024-09-30,baseline_seasonal_naive,0,0,0
K250A,DOM,2024-10-31,2024-09-30,baseline_seasonal_naive,398,239,597
K250A,EXP,2024-10-31,2024-09-30,baseline_seasonal_naive,0,0,0
K250B,DOM,2024-10-31,2024-09-30,baseline_seasonal_naive,100,60,150
K310,DOM,2024-10-31,2024-09-30,baseline_seasonal_naive,848,509,1272
K310,EXP,2024-10-31,2024-09-30,baseline_seasonal_naive,0,0,0
K311,DOM,2024-10-31,2024-09-30,baseline_seasonal_naive,40,24,60
K311,EXP,2024-10-31,2024-09-30,baseline_seasonal_naive,36,22,54
K312,DOM,2024-10-31,2024-09-30,baseline_seasonal_naive,9,5,14
K312,EXP,2024-10-31,2024-09-30,baseline_seasonal_naive,0,0,0
K350A,DOM,2024-10-31,2024-09-30,baseline_seasonal_naive,8,5,12
K350B,DOM,2024-10-31,2024-09-30,baseline_seasonal_naive,1,1,2
K350C,DOM,2024-10-31,2024-09-30,baseline_seasonal_naive,15,9,23
K350D,DOM,2024-10-31,2024-09-30,baseline_seasonal_naive,8,5,12
K350E,DOM,2024-10-31,2024-09-30,baseline_seasonal_naive,35,21,53
K350F,DOM,2024-10-31,2024-09-30,baseline_seasonal_naive,5,3,8
T120,DOM,2024-10-31,2024-09-30,baseline_seasonal_naive,815,489,1223
T120,EXP,2024-10-31,2024-09-30,baseline_seasonal_naive,0,0,0
T121,DOM,2024-10-31,2024-09-30,baseline_seasonal_naive,259,155,389
T121,EXP,2024-10-31,2024-09-30,baseline_seasonal_naive,249,149,374
T122,DOM,2024-10-31,2024-09-30,baseline_seasonal_naive,400,240,600
T122,EXP,2024-10-31,2024-09-30,baseline_seasonal_naive,601,361,902
T240,DOM,2024-10-31,2024-09-30,baseline_seasonal_naive,193,116,290
T240,EXP,2024-10-31,2024-09-30,baseline_seasonal_naive,215,129,323
T241,DOM,2024-10-31,2024-09-30,baseline_seasonal_naive,10,6,15
T241,EXP,2024-10-31,2024-09-30,baseline_seasonal_naive,0,0,0
K210,DOM,2024-11-30,2024-10-31,baseline_seasonal_naive,18,11,27
K210,EXP,2024-11-30,2024-10-31,baseline_seasonal_naive,19,11,29
K210A,DOM,2024-11-30,2024-10-31,baseline_seasonal_naive,2,1,3
K210A,EXP,2024-11-30,2024-10-31,baseline_seasonal_naive,0,0,0
K210B,DOM,2024-11-30,2024-10-31,baseline_seasonal_naive,35,21,53
K210B,EXP,2024-11-30,2024-10-31,baseline_seasonal_naive,23,14,35
K210C,DOM,2024-11-30,2024-10-31,baseline_seasonal_naive,1,1,2
K210C,EXP,2024-11-30,2024-10-31,baseline_seasonal_naive,0,0,0
K210D,DOM,2024-11-30,2024-10-31,baseline_seasonal_naive,0,0,0
K210D,EXP,2024-11-30,2024-10-31,baseline_seasonal_naive,0,0,0
K240,DOM,2024-11-30,2024-10-31,baseline_seasonal_naive,23,14,35
K240,EXP,2024-11-30,2024-10-31,baseline_seasonal_naive,0,0,0
K240B,DOM,2024-11-30,2024-10-31,baseline_seasonal_naive,0,0,0
K240B,EXP,2024-11-30,2024-10-31,baseline_seasonal_naive,0,0,0
K250A,DOM,2024-11-30,2024-10-31,baseline_seasonal_naive,215,129,323
K250A,EXP,2024-11-30,2024-10-31,baseline_seasonal_naive,0,0,0
K250B,DOM,2024-11-30,2024-10-31,baseline_seasonal_naive,20,12,30
K310,DOM,2024-11-30,2024-10-31,baseline_seasonal_naive,1248,749,1872
K310,EXP,2024-11-30,2024-10-31,baseline_seasonal_naive,0,0,0
K311,DOM,2024-11-30,2024-10-31,baseline_seasonal_naive,84,50,126
K311,EXP,2024-11-30,2024-10-31,baseline_seasonal_naive,0,0,0
K312,DOM,2024-11-30,2024-10-31,baseline_seasonal_naive,9,5,14
K312,EXP,2024-11-30,2024-10-31,baseline_seasonal_naive,5,3,8
K350A,DOM,2024-11-30,2024-10-31,baseline_seasonal_naive,8,5,12
K350B,DOM,2024-11-30,2024-10-31,baseline_seasonal_naive,2,1,3
K350C,DOM,2024-11-30,2024-10-31,baseline_seasonal_naive,7,4,11
K350D,DOM,2024-11-30,2024-10-31,baseline_seasonal_naive,23,14,35
K350E,DOM,2024-11-30,2024-10-31,baseline_seasonal_naive,20,12,30
K350F,DOM,2024-11-30,2024-10-31,baseline_seasonal_naive,3,2,5
T120,DOM,2024-11-30,2024-10-31,baseline_seasonal_naive,538,323,807
T120,EXP,2024-11-30,2024-10-31,baseline_seasonal_naive,694,416,1041
T121,DOM,2024-11-30,2024-10-31,baseline_seasonal_naive,906,544,1359
T121,EXP,2024-11-30,2024-10-31,baseline_seasonal_naive,0,0,0
T122,DOM,2024-11-30,2024-10-31,baseline_seasonal_naive,110,66,165
T122,EXP,2024-11-30,2024-10-31,baseline_seasonal_naive,165,99,248
T240,DOM,2024-11-30,2024-10-31,baseline_seasonal_naive,187,112,281
T240,EXP,2024-11-30,2024-10-31,baseline_seasonal_naive,209,125,314
T241,DOM,2024-11-30,2024-10-31,baseline_seasonal_naive,2,1,3
T241,EXP,2024-11-30,2024-10-31,baseline_seasonal_naive,3,2,5
K210,DOM,2024-12-31,2024-11-30,baseline_seasonal_naive,38,23,57
K210,EXP,2024-12-31,2024-11-30,baseline_seasonal_naive,0,0,0
K210A,DOM,2024-12-31,2024-11-30,baseline_seasonal_naive,3,2,5
K210A,EXP,2024-12-31,2024-11-30,baseline_seasonal_naive,0,0,0
K210B,DOM,2024-12-31,2024-11-30,baseline_seasonal_naive,118,71,177
K210B,EXP,2024-12-31,2024-11-30,baseline_seasonal_naive,0,0,0
K210C,DOM,2024-12-31,2024-11-30,baseline_seasonal_naive,161,97,242
K210C,EXP,2024-12-31,2024-11-30,baseline_seasonal_naive,0,0,0
K210D,DOM,2024-12-31,2024-11-30,baseline_seasonal_naive,1,1,2
K210D,EXP,2024-12-31,2024-11-30,baseline_seasonal_naive,0,0,0
K240,DOM,2024-12-31,2024-11-30,baseline_seasonal_naive,3,2,5
K240,EXP,2024-12-31,2024-11-30,baseline_seasonal_naive,5,3,8
K240B,DOM,2024-12-31,2024-11-30,baseline_seasonal_naive,0,0,0
K240B,EXP,2024-12-31,2024-11-30,baseline_seasonal_naive,0,0,0
K250A,DOM,2024-12-31,2024-11-30,baseline_seasonal_naive,116,70,174
K250A,EXP,2024-12-31,2024-11-30,baseline_seasonal_naive,90,54,135
K250B,DOM,2024-12-31,2024-11-30,baseline_seasonal_naive,52,31,78
K310,DOM,2024-12-31,2024-11-30,baseline_seasonal_naive,1035,621,1553
K310,EXP,2024-12-31,2024-11-30,baseline_seasonal_naive,1243,746,1865
K311,DOM,2024-12-31,2024-11-30,baseline_seasonal_naive,42,25,63
K311,EXP,2024-12-31,2024-11-30,baseline_seasonal_naive,37,22,56
K312,DOM,2024-12-31,2024-11-30,baseline_seasonal_naive,12,7,18
K312,EXP,2024-12-31,2024-11-30,baseline_seasonal_naive,6,4,9
K350A,DOM,2024-12-31,2024-11-30,baseline_seasonal_naive,7,4,11
K350B,DOM,2024-12-31,2024-11-30,baseline_seasonal_naive,2,1,3
K350C,DOM,2024-12-31,2024-11-30,baseline_seasonal_naive,6,4,9
K350D,DOM,2024-12-31,2024-11-30,baseline_seasonal_naive,41,25,62
K350E,DOM,2024-12-31,2024-11-30,baseline_seasonal_naive,10,6,15
K350F,DOM,2024-12-31,2024-11-30,baseline_seasonal_naive,4,2,6
T120,DOM,2024-12-31,2024-11-30,baseline_seasonal_naive,256,154,384
T120,EXP,2024-12-31,2024-11-30,baseline_seasonal_naive,1453,872,2180
T121,DOM,2024-12-31,2024-11-30,baseline_seasonal_naive,639,383,959
T121,EXP,2024-12-31,2024-11-30,baseline_seasonal_naive,0,0,0
T122,DOM,2024-12-31,2024-11-30,baseline_seasonal_naive,744,446,1116
T122,EXP,2024-12-31,2024-11-30,baseline_seasonal_naive,0,0,0
T240,DOM,2024-12-31,2024-11-30,baseline_seasonal_naive,117,70,176
T240,EXP,2024-12-31,2024-11-30,baseline_seasonal_naive,130,78,195
T241,DOM,2024-12-31,2024-11-30,baseline_seasonal_naive,11,7,17
T241,EXP,2024-12-31,2024-11-30,baseline_seasonal_naive,17,10,26
K210,DOM,2025-01-31,2024-12-31,baseline_seasonal_naive,20,12,30
K210,EXP,2025-01-31,2024-12-31,baseline_seasonal_naive,0,0,0
K210A,DOM,2025-01-31,2024-12-31,baseline_seasonal_naive,0,0,0
K210A,EXP,2025-01-31,2024-12-31,baseline_seasonal_naive,1,1,2
K210B,DOM,2025-01-31,2024-12-31,baseline_seasonal_naive,55,33,83
K210B,EXP,2025-01-31,2024-12-31,baseline_seasonal_naive,0,0,0
K210C,DOM,2025-01-31,2024-12-31,baseline_seasonal_naive,4,2,6
K210C,EXP,2025-01-31,2024-12-31,baseline_seasonal_naive,7,4,11
K210D,DOM,2025-01-31,2024-12-31,baseline_seasonal_naive,0,0,0
K210D,EXP,2025-01-31,2024-12-31,baseline_seasonal_naive,0,0,0
K240,DOM,2025-01-31,2024-12-31,baseline_seasonal_naive,11,7,17
K240,EXP,2025-01-31,2024-12-31,baseline_seasonal_naive,0,0,0
K240B,DOM,2025-01-31,2024-12-31,baseline_seasonal_naive,0,0,0
K240B,EXP,2025-01-31,2024-12-31,baseline_seasonal_naive,0,0,0
K250A,DOM,2025-01-31,2024-12-31,baseline_seasonal_naive,131,79,197
K250A,EXP,2025-01-31,2024-12-31,baseline_seasonal_naive,101,61,152
K250B,DOM,2025-01-31,2024-12-31,baseline_seasonal_naive,67,40,101
K310,DOM,2025-01-31,2024-12-31,baseline_seasonal_naive,262,157,393
K310,EXP,2025-01-31,2024-12-31,baseline_seasonal_naive,315,189,473
K311,DOM,2025-01-31,2024-12-31,baseline_seasonal_naive,59,35,89
K311,EXP,2025-01-31,2024-12-31,baseline_seasonal_naive,52,31,78
K312,DOM,2025-01-31,2024-12-31,baseline_seasonal_naive,22,13,33
K312,EXP,2025-01-31,2024-12-31,baseline_seasonal_naive,0,0,0
K350A,DOM,2025-01-31,2024-12-31,baseline_seasonal_naive,5,3,8
K350B,DOM,2025-01-31,2024-12-31,baseline_seasonal_naive,2,1,3
K350C,DOM,2025-01-31,2024-12-31,baseline_seasonal_naive,10,6,15
K350D,DOM,2025-01-31,2024-12-31,baseline_seasonal_naive,4,2,6
K350E,DOM,2025-01-31,2024-12-31,baseline_seasonal_naive,15,9,23
K350F,DOM,2025-01-31,2024-12-31,baseline_seasonal_naive,3,2,5
T120,DOM,2025-01-31,2024-12-31,baseline_seasonal_naive,1459,875,2189
T120,EXP,2025-01-31,2024-12-31,baseline_seasonal_naive,0,0,0
T121,DOM,2025-01-31,2024-12-31,baseline_seasonal_naive,413,248,620
T121,EXP,2025-01-31,2024-12-31,baseline_seasonal_naive,399,239,599
T122,DOM,2025-01-31,2024-12-31,baseline_seasonal_naive,209,125,314
T122,EXP,2025-01-31,2024-12-31,baseline_seasonal_naive,0,0,0
T240,DOM,2025-01-31,2024-12-31,baseline_seasonal_naive,726,436,1089
T240,EXP,2025-01-31,2024-12-31,baseline_seasonal_naive,0,0,0
T241,DOM,2025-01-31,2024-12-31,baseline_seasonal_naive,19,11,29
T241,EXP,2025-01-31,2024-12-31,baseline_seasonal_naive,30,18,45
K210,DOM,2025-02-28,2025-01-31,baseline_seasonal_naive,44,26,66
K210,EXP,2025-02-28,2025-01-31,baseline_seasonal_naive,0,0,0
K210A,DOM,2025-02-28,2025-01-31,baseline_seasonal_naive,0,0,0
K210A,EXP,2025-02-28,2025-01-31,baseline_seasonal_naive,0,0,0
K210B,DOM,2025-02-28,2025-01-31,baseline_seasonal_naive,71,43,107
K210B,EXP,2025-02-28,2025-01-31,baseline_seasonal_naive,0,0,0
K210C,DOM,2025-02-28,2025-01-31,baseline_seasonal_naive,2,1,3
K210C,EXP,2025-02-28,2025-01-31,baseline_seasonal_naive,4,2,6
K210D,DOM,2025-02-28,2025-01-31,baseline_seasonal_naive,0,0,0
K210D,EXP,2025-02-28,2025-01-31,baseline_seasonal_naive,0,0,0
K240,DOM,2025-02-28,2025-01-31,baseline_seasonal_naive,0,0,0
K240,EXP,2025-02-28,2025-01-31,baseline_seasonal_naive,0,0,0
K240B,DOM,2025-02-28,2025-01-31,baseline_seasonal_naive,4,2,6
K240B,EXP,2025-02-28,2025-01-31,baseline_seasonal_naive,3,2,5
K250A,DOM,2025-02-28,2025-01-31,baseline_seasonal_naive,156,94,234
K250A,EXP,2025-02-28,2025-01-31,baseline_seasonal_naive,121,73,182
K250B,DOM,2025-02-28,2025-01-31,baseline_seasonal_naive,62,37,93
K310,DOM,2025-02-28,2025-01-31,baseline_seasonal_naive,525,315,788
K310,EXP,2025-02-28,2025-01-31,baseline_seasonal_naive,629,377,944
K311,DOM,2025-02-28,2025-01-31,baseline_seasonal_naive,12,7,18
K311,EXP,2025-02-28,2025-01-31,baseline_seasonal_naive,70,42,105
K312,DOM,2025-02-28,2025-01-31,baseline_seasonal_naive,29,17,44
K312,EXP,2025-02-28,2025-01-31,baseline_seasonal_naive,0,0,0
K350A,DOM,2025-02-28,2025-01-31,baseline_seasonal_naive,7,4,11
K350B,DOM,2025-02-28,2025-01-31,baseline_seasonal_naive,3,2,5
K350C,DOM,2025-02-28,2025-01-31,baseline_seasonal_naive,8,5,12
K350D,DOM,2025-02-28,2025-01-31,baseline_seasonal_naive,32,19,48
K350E,DOM,2025-02-28,2025-01-31,baseline_seasonal_naive,10,6,15
K350F,DOM,2025-02-28,2025-01-31,baseline_seasonal_naive,11,7,17
T120,DOM,2025-02-28,2025-01-31,baseline_seasonal_naive,1286,772,1929
T120,EXP,2025-02-28,2025-01-31,baseline_seasonal_naive,0,0,0
T121,DOM,2025-02-28,2025-01-31,baseline_seasonal_naive,642,385,963
T121,EXP,2025-02-28,2025-01-31,baseline_seasonal_naive,0,0,0
T122,DOM,2025-02-28,2025-01-31,baseline_seasonal_naive,82,49,123
T122,EXP,2025-02-28,2025-01-31,baseline_seasonal_naive,123,74,185
T240,DOM,2025-02-28,2025-01-31,baseline_seasonal_naive,320,192,480
T240,EXP,2025-02-28,2025-01-31,baseline_seasonal_naive,357,214,536
T241,DOM,2025-02-28,2025-01-31,baseline_seasonal_naive,0,0,0
T241,EXP,2025-02-28,2025-01-31,baseline_seasonal_naive,2,1,3
K210,DOM,2025-03-31,2025-02-28,baseline_seasonal_naive,11,7,17
K210,EXP,2025-03-31,2025-02-28,baseline_seasonal_naive,11,7,17
K210A,DOM,2025-03-31,2025-02-28,baseline_seasonal_naive,0,0,0
K210A,EXP,2025-03-31,2025-02-28,baseline_seasonal_naive,1,1,2
K210B,DOM,2025-03-31,2025-02-28,baseline_seasonal_naive,22,13,33
K210B,EXP,2025-03-31,2025-02-28,baseline_seasonal_naive,14,8,21
K210C,DOM,2025-03-31,2025-02-28,baseline_seasonal_naive,49,29,74
K210C,EXP,2025-03-31,2025-02-28,baseline_seasonal_naive,0,0,0
K210D,DOM,2025-03-31,2025-02-28,baseline_seasonal_naive,0,0,0
K210D,EXP,2025-03-31,2025-02-28,baseline_seasonal_naive,0,0,0
K240,DOM,2025-03-31,2025-02-28,baseline_seasonal_naive,0,0,0
K240,EXP,2025-03-31,2025-02-28,baseline_seasonal_naive,0,0,0
K240B,DOM,2025-03-31,2025-02-28,baseline_seasonal_naive,1,1,2
K240B,EXP,2025-03-31,2025-02-28,baseline_seasonal_naive,1,1,2
K250A,DOM,2025-03-31,2025-02-28,baseline_seasonal_naive,213,128,320
K250A,EXP,2025-03-31,2025-02-28,baseline_seasonal_naive,0,0,0
K250B,DOM,2025-03-31,2025-02-28,baseline_seasonal_naive,47,28,71
K310,DOM,2025-03-31,2025-02-28,baseline_seasonal_naive,118,71,177
K310,EXP,2025-03-31,2025-02-28,baseline_seasonal_naive,667,400,1001
K311,DOM,2025-03-31,2025-02-28,baseline_seasonal_naive,100,60,150
K311,EXP,2025-03-31,2025-02-28,baseline_seasonal_naive,0,0,0
K312,DOM,2025-03-31,2025-02-28,baseline_seasonal_naive,11,7,17
K312,EXP,2025-03-31,2025-02-28,baseline_seasonal_naive,5,3,8
K350A,DOM,2025-03-31,2025-02-28,baseline_seasonal_naive,9,5,14
K350B,DOM,2025-03-31,2025-02-28,baseline_seasonal_naive,2,1,3
K350C,DOM,2025-03-31,2025-02-28,baseline_seasonal_naive,16,10,24
K350D,DOM,2025-03-31,2025-02-28,baseline_seasonal_naive,9,5,14
K350E,DOM,2025-03-31,2025-02-28,baseline_seasonal_naive,20,12,30
K350F,DOM,2025-03-31,2025-02-28,baseline_seasonal_naive,2,1,3
T120,DOM,2025-03-31,2025-02-28,baseline_seasonal_naive,645,387,968
T120,EXP,2025-03-31,2025-02-28,baseline_seasonal_naive,0,0,0
T121,DOM,2025-03-31,2025-02-28,baseline_seasonal_naive,845,507,1268
T121,EXP,2025-03-31,2025-02-28,baseline_seasonal_naive,0,0,0
T122,DOM,2025-03-31,2025-02-28,baseline_seasonal_naive,106,64,159
T122,EXP,2025-03-31,2025-02-28,baseline_seasonal_naive,159,95,239
T240,DOM,2025-03-31,2025-02-28,baseline_seasonal_naive,957,574,1436
T240,EXP,2025-03-31,2025-02-28,baseline_seasonal_naive,0,0,0
T241,DOM,2025-03-31,2025-02-28,baseline_seasonal_naive,11,7,17
T241,EXP,2025-03-31,2025-02-28,baseline_seasonal_naive,0,0,0
K210,DOM,2025-04-30,2025-03-31,baseline_seasonal_naive,23,14,35
K210,EXP,2025-04-30,2025-03-31,baseline_seasonal_naive,0,0,0
K210A,DOM,2025-04-30,2025-03-31,baseline_seasonal_naive,1,1,2
K210A,EXP,2025-04-30,2025-03-31,baseline_seasonal_naive,1,1,2
K210B,DOM,2025-04-30,2025-03-31,baseline_seasonal_naive,42,25,63
K210B,EXP,2025-04-30,2025-03-31,baseline_seasonal_naive,0,0,0
K210C,DOM,2025-04-30,2025-03-31,baseline_seasonal_naive,52,31,78
K210C,EXP,2025-04-30,2025-03-31,baseline_seasonal_naive,0,0,0
K210D,DOM,2025-04-30,2025-03-31,baseline_seasonal_naive,0,0,0
K210D,EXP,2025-04-30,2025-03-31,baseline_seasonal_naive,0,0,0
K240,DOM,2025-04-30,2025-03-31,baseline_seasonal_naive,22,13,33
K240,EXP,2025-04-30,2025-03-31,baseline_seasonal_naive,31,19,47
K240B,DOM,2025-04-30,2025-03-31,baseline_seasonal_naive,4,2,6
K240B,EXP,2025-04-30,2025-03-31,baseline_seasonal_naive,0,0,0
K250A,DOM,2025-04-30,2025-03-31,baseline_seasonal_naive,36,22,54
K250A,EXP,2025-04-30,2025-03-31,baseline_seasonal_naive,203,122,305
K250B,DOM,2025-04-30,2025-03-31,baseline_seasonal_naive,118,71,177
K310,DOM,2025-04-30,2025-03-31,baseline_seasonal_naive,710,426,1065
K310,EXP,2025-04-30,2025-03-31,baseline_seasonal_naive,0,0,0
K311,DOM,2025-04-30,2025-03-31,baseline_seasonal_naive,62,37,93
K311,EXP,2025-04-30,2025-03-31,baseline_seasonal_naive,56,34,84
K312,DOM,2025-04-30,2025-03-31,baseline_seasonal_naive,8,5,12
K312,EXP,2025-04-30,2025-03-31,baseline_seasonal_naive,4,2,6
K350A,DOM,2025-04-30,2025-03-31,baseline_seasonal_naive,10,6,15
K350B,DOM,2025-04-30,2025-03-31,baseline_seasonal_naive,6,4,9
K350C,DOM,2025-04-30,2025-03-31,baseline_seasonal_naive,15,9,23
K350D,DOM,2025-04-30,2025-03-31,baseline_seasonal_naive,8,5,12
K350E,DOM,2025-04-30,2025-03-31,baseline_seasonal_naive,9,5,14
K350F,DOM,2025-04-30,2025-03-31,baseline_seasonal_naive,4,2,6
T120,DOM,2025-04-30,2025-03-31,baseline_seasonal_naive,1097,658,1646
T120,EXP,2025-04-30,2025-03-31,baseline_seasonal_naive,0,0,0
T121,DOM,2025-04-30,2025-03-31,baseline_seasonal_naive,764,458,1146
T121,EXP,2025-04-30,2025-03-31,baseline_seasonal_naive,0,0,0
T122,DOM,2025-04-30,2025-03-31,baseline_seasonal_naive,175,105,263
T122,EXP,2025-04-30,2025-03-31,baseline_seasonal_naive,0,0,0
T240,DOM,2025-04-30,2025-03-31,baseline_seasonal_naive,520,312,780
T240,EXP,2025-04-30,2025-03-31,baseline_seasonal_naive,579,347,869
T241,DOM,2025-04-30,2025-03-31,baseline_seasonal_naive,5,3,8
T241,EXP,2025-04-30,2025-03-31,baseline_seasonal_naive,9,5,14
K210,DOM,2025-05-31,2025-04-30,baseline_seasonal_naive,27,16,41
K210,EXP,2025-05-31,2025-04-30,baseline_seasonal_naive,0,0,0
K210A,DOM,2025-05-31,2025-04-30,baseline_seasonal_naive,1,1,2
K210A,EXP,2025-05-31,2025-04-30,baseline_seasonal_naive,2,1,3
K210B,DOM,2025-05-31,2025-04-30,baseline_seasonal_naive,6,4,9
K210B,EXP,2025-05-31,2025-04-30,baseline_seasonal_naive,33,20,50
K210C,DOM,2025-05-31,2025-04-30,baseline_seasonal_naive,8,5,12
K210C,EXP,2025-05-31,2025-04-30,baseline_seasonal_naive,13,8,20
K210D,DOM,2025-05-31,2025-04-30,baseline_seasonal_naive,0,0,0
K210D,EXP,2025-05-31,2025-04-30,baseline_seasonal_naive,0,0,0
K240,DOM,2025-05-31,2025-04-30,baseline_seasonal_naive,0,0,0
K240,EXP,2025-05-31,2025-04-30,baseline_seasonal_naive,0,0,0
K240B,DOM,2025-05-31,2025-04-30,baseline_seasonal_naive,0,0,0
K240B,EXP,2025-05-31,2025-04-30,baseline_seasonal_naive,0,0,0
K250A,DOM,2025-05-31,2025-04-30,baseline_seasonal_naive,131,79,197
K250A,EXP,2025-05-31,2025-04-30,baseline_seasonal_naive,102,61,153
K250B,DOM,2025-05-31,2025-04-30,baseline_seasonal_naive,111,67,167
K310,DOM,2025-05-31,2025-04-30,baseline_seasonal_naive,217,130,326
K310,EXP,2025-05-31,2025-04-30,baseline_seasonal_naive,261,157,392
K311,DOM,2025-05-31,2025-04-30,baseline_seasonal_naive,112,67,168
K311,EXP,2025-05-31,2025-04-30,baseline_seasonal_naive,0,0,0
K312,DOM,2025-05-31,2025-04-30,baseline_seasonal_naive,12,7,18
K312,EXP,2025-05-31,2025-04-30,baseline_seasonal_naive,6,4,9
K350A,DOM,2025-05-31,2025-04-30,baseline_seasonal_naive,16,10,24
K350B,DOM,2025-05-31,2025-04-30,baseline_seasonal_naive,5,3,8
K350C,DOM,2025-05-31,2025-04-30,baseline_seasonal_naive,10,6,15
K350D,DOM,2025-05-31,2025-04-30,baseline_seasonal_naive,8,5,12
K350E,DOM,2025-05-31,2025-04-30,baseline_seasonal_naive,13,8,20
K350F,DOM,2025-05-31,2025-04-30,baseline_seasonal_naive,9,5,14
T120,DOM,2025-05-31,2025-04-30,baseline_seasonal_naive,947,568,1421
T120,EXP,2025-05-31,2025-04-30,baseline_seasonal_naive,0,0,0
T121,DOM,2025-05-31,2025-04-30,baseline_seasonal_naive,367,220,551
T121,EXP,2025-05-31,2025-04-30,baseline_seasonal_naive,353,212,530
T122,DOM,2025-05-31,2025-04-30,baseline_seasonal_naive,710,426,1065
T122,EXP,2025-05-31,2025-04-30,baseline_seasonal_naive,0,0,0
T240,DOM,2025-05-31,2025-04-30,baseline_seasonal_naive,604,362,906
T240,EXP,2025-05-31,2025-04-30,baseline_seasonal_naive,0,0,0
T241,DOM,2025-05-31,2025-04-30,baseline_seasonal_naive,3,2,5
T241,EXP,2025-05-31,2025-04-30,baseline_seasonal_naive,5,3,8
K210,DOM,2025-06-30,2025-05-31,baseline_seasonal_naive,14,8,21
K210,EXP,2025-06-30,2025-05-31,baseline_seasonal_naive,14,8,21
K210A,DOM,2025-06-30,2025-05-31,baseline_seasonal_naive,1,1,2
K210A,EXP,2025-06-30,2025-05-31,baseline_seasonal_naive,1,1,2
K210B,DOM,2025-06-30,2025-05-31,baseline_seasonal_naive,45,27,68
K210B,EXP,2025-06-30,2025-05-31,baseline_seasonal_naive,0,0,0
K210C,DOM,2025-06-30,2025-05-31,baseline_seasonal_naive,12,7,18
K210C,EXP,2025-06-30,2025-05-31,baseline_seasonal_naive,22,13,33
K210D,DOM,2025-06-30,2025-05-31,baseline_seasonal_naive,0,0,0
K210D,EXP,2025-06-30,2025-05-31,baseline_seasonal_naive,0,0,0
K240,DOM,2025-06-30,2025-05-31,baseline_seasonal_naive,2,1,3
K240,EXP,2025-06-30,2025-05-31,baseline_seasonal_naive,13,8,20
K240B,DOM,2025-06-30,2025-05-31,baseline_seasonal_naive,3,2,5
K240B,EXP,2025-06-30,2025-05-31,baseline_seasonal_naive,0,0,0
K250A,DOM,2025-06-30,2025-05-31,baseline_seasonal_naive,238,143,357
K250A,EXP,2025-06-30,2025-05-31,baseline_seasonal_naive,0,0,0
K250B,DOM,2025-06-30,2025-05-31,baseline_seasonal_naive,65,39,98
K310,DOM,2025-06-30,2025-05-31,baseline_seasonal_naive,903,542,1355
K310,EXP,2025-06-30,2025-05-31,baseline_seasonal_naive,0,0,0
K311,DOM,2025-06-30,2025-05-31,baseline_seasonal_naive,57,34,86
K311,EXP,2025-06-30,2025-05-31,baseline_seasonal_naive,51,31,77
K312,DOM,2025-06-30,2025-05-31,baseline_seasonal_naive,8,5,12
K312,EXP,2025-06-30,2025-05-31,baseline_seasonal_naive,4,2,6
K350A,DOM,2025-06-30,2025-05-31,baseline_seasonal_naive,18,11,27
K350B,DOM,2025-06-30,2025-05-31,baseline_seasonal_naive,4,2,6
K350C,DOM,2025-06-30,2025-05-31,baseline_seasonal_naive,12,7,18
K350D,DOM,2025-06-30,2025-05-31,baseline_seasonal_naive,38,23,57
K350E,DOM,2025-06-30,2025-05-31,baseline_seasonal_naive,8,5,12
K350F,DOM,2025-06-30,2025-05-31,baseline_seasonal_naive,7,4,11
T120,DOM,2025-06-30,2025-05-31,baseline_seasonal_naive,852,511,1278
T120,EXP,2025-06-30,2025-05-31,baseline_seasonal_naive,0,0,0
T121,DOM,2025-06-30,2025-05-31,baseline_seasonal_naive,570,342,855
T121,EXP,2025-06-30,2025-05-31,baseline_seasonal_naive,0,0,0
T122,DOM,2025-06-30,2025-05-31,baseline_seasonal_naive,26,16,39
T122,EXP,2025-06-30,2025-05-31,baseline_seasonal_naive,39,23,59
T240,DOM,2025-06-30,2025-05-31,baseline_seasonal_naive,698,419,1047
T240,EXP,2025-06-30,2025-05-31,baseline_seasonal_naive,778,467,1167
T241,DOM,2025-06-30,2025-05-31,baseline_seasonal_naive,7,4,11
T241,EXP,2025-06-30,2025-05-31,baseline_seasonal_naive,11,7,17
K210,DOM,2025-07-31,2025-06-30,baseline_seasonal_naive,32,19,48
K210,EXP,2025-07-31,2025-06-30,baseline_seasonal_naive,0,0,0
K210A,DOM,2025-07-31,2025-06-30,baseline_seasonal_naive,0,0,0
K210A,EXP,2025-07-31,2025-06-30,baseline_seasonal_naive,2,1,3
K210B,DOM,2025-07-31,2025-06-30,baseline_seasonal_naive,17,10,26
K210B,EXP,2025-07-31,2025-06-30,baseline_seasonal_naive,11,7,17
K210C,DOM,2025-07-31,2025-06-30,baseline_seasonal_naive,20,12,30
K210C,EXP,2025-07-31,2025-06-30,baseline_seasonal_naive,34,20,51
K210D,DOM,2025-07-31,2025-06-30,baseline_seasonal_naive,0,0,0
K210D,EXP,2025-07-31,2025-06-30,baseline_seasonal_naive,0,0,0
K240,DOM,2025-07-31,2025-06-30,baseline_seasonal_naive,5,3,8
K240,EXP,2025-07-31,2025-06-30,baseline_seasonal_naive,7,4,11
K240B,DOM,2025-07-31,2025-06-30,baseline_seasonal_naive,2,1,3
K240B,EXP,2025-07-31,2025-06-30,baseline_seasonal_naive,0,0,0
K250A,DOM,2025-07-31,2025-06-30,baseline_seasonal_naive,151,91,227
K250A,EXP,2025-07-31,2025-06-30,baseline_seasonal_naive,117,70,176
K250B,DOM,2025-07-31,2025-06-30,baseline_seasonal_naive,30,18,45
K310,DOM,2025-07-31,2025-06-30,baseline_seasonal_naive,257,154,386
K310,EXP,2025-07-31,2025-06-30,baseline_seasonal_naive,308,185,462
K311,DOM,2025-07-31,2025-06-30,baseline_seasonal_naive,113,68,170
K311,EXP,2025-07-31,2025-06-30,baseline_seasonal_naive,0,0,0
K312,DOM,2025-07-31,2025-06-30,baseline_seasonal_naive,11,7,17
K312,EXP,2025-07-31,2025-06-30,baseline_seasonal_naive,5,3,8
K350A,DOM,2025-07-31,2025-06-30,baseline_seasonal_naive,10,6,15
K350B,DOM,2025-07-31,2025-06-30,baseline_seasonal_naive,2,1,3
K350C,DOM,2025-07-31,2025-06-30,baseline_seasonal_naive,7,4,11
K350D,DOM,2025-07-31,2025-06-30,baseline_seasonal_naive,4,2,6
K350E,DOM,2025-07-31,2025-06-30,baseline_seasonal_naive,0,0,0
K350F,DOM,2025-07-31,2025-06-30,baseline_seasonal_naive,4,2,6
T120,DOM,2025-07-31,2025-06-30,baseline_seasonal_naive,815,489,1223
T120,EXP,2025-07-31,2025-06-30,baseline_seasonal_naive,0,0,0
T121,DOM,2025-07-31,2025-06-30,baseline_seasonal_naive,815,489,1223
T121,EXP,2025-07-31,2025-06-30,baseline_seasonal_naive,0,0,0
T122,DOM,2025-07-31,2025-06-30,baseline_seasonal_naive,210,126,315
T122,EXP,2025-07-31,2025-06-30,baseline_seasonal_naive,315,189,473
T240,DOM,2025-07-31,2025-06-30,baseline_seasonal_naive,384,230,576
T240,EXP,2025-07-31,2025-06-30,baseline_seasonal_naive,429,257,644
T241,DOM,2025-07-31,2025-06-30,baseline_seasonal_naive,6,4,9
T241,EXP,2025-07-31,2025-06-30,baseline_seasonal_naive,10,6,15
K210,DOM,2025-08-31,2025-07-31,baseline_seasonal_naive,45,27,68
K210,EXP,2025-08-31,2025-07-31,baseline_seasonal_naive,0,0,0
K210A,DOM,2025-08-31,2025-07-31,baseline_seasonal_naive,1,1,2
K210A,EXP,2025-08-31,2025-07-31,baseline_seasonal_naive,0,0,0
K210B,DOM,2025-08-31,2025-07-31,baseline_seasonal_naive,27,16,41
K210B,EXP,2025-08-31,2025-07-31,baseline_seasonal_naive,0,0,0
K210C,DOM,2025-08-31,2025-07-31,baseline_seasonal_naive,5,3,8
K210C,EXP,2025-08-31,2025-07-31,baseline_seasonal_naive,9,5,14
K210D,DOM,2025-08-31,2025-07-31,baseline_seasonal_naive,0,0,0
K210D,EXP,2025-08-31,2025-07-31,baseline_seasonal_naive,0,0,0
K240,DOM,2025-08-31,2025-07-31,baseline_seasonal_naive,3,2,5
K240,EXP,2025-08-31,2025-07-31,baseline_seasonal_naive,3,2,5
K240B,DOM,2025-08-31,2025-07-31,baseline_seasonal_naive,0,0,0
K240B,EXP,2025-08-31,2025-07-31,baseline_seasonal_naive,0,0,0
K250A,DOM,2025-08-31,2025-07-31,baseline_seasonal_naive,209,125,314
K250A,EXP,2025-08-31,2025-07-31,baseline_seasonal_naive,162,97,243
K250B,DOM,2025-08-31,2025-07-31,baseline_seasonal_naive,53,32,80
K310,DOM,2025-08-31,2025-07-31,baseline_seasonal_naive,1443,866,2165
K310,EXP,2025-08-31,2025-07-31,baseline_seasonal_naive,0,0,0
K311,DOM,2025-08-31,2025-07-31,baseline_seasonal_naive,52,31,78
K311,EXP,2025-08-31,2025-07-31,baseline_seasonal_naive,47,28,71
K312,DOM,2025-08-31,2025-07-31,baseline_seasonal_naive,20,12,30
K312,EXP,2025-08-31,2025-07-31,baseline_seasonal_naive,0,0,0
K350A,DOM,2025-08-31,2025-07-31,baseline_seasonal_naive,9,5,14
K350B,DOM,2025-08-31,2025-07-31,baseline_seasonal_naive,2,1,3
K350C,DOM,2025-08-31,2025-07-31,baseline_seasonal_naive,33,20,50
K350D,DOM,2025-08-31,2025-07-31,baseline_seasonal_naive,21,13,32
K350E,DOM,2025-08-31,2025-07-31,baseline_seasonal_naive,11,7,17
K350F,DOM,2025-08-31,2025-07-31,baseline_seasonal_naive,8,5,12
T120,DOM,2025-08-31,2025-07-31,baseline_seasonal_naive,441,265,662
T120,EXP,2025-08-31,2025-07-31,baseline_seasonal_naive,0,0,0
T121,DOM,2025-08-31,2025-07-31,baseline_seasonal_naive,780,468,1170
T121,EXP,2025-08-31,2025-07-31,baseline_seasonal_naive,0,0,0
T122,DOM,2025-08-31,2025-07-31,baseline_seasonal_naive,135,81,203
T122,EXP,2025-08-31,2025-07-31,baseline_seasonal_naive,203,122,305
T240,DOM,2025-08-31,2025-07-31,baseline_seasonal_naive,804,482,1206
T240,EXP,2025-08-31,2025-07-31,baseline_seasonal_naive,896,538,1344
T241,DOM,2025-08-31,2025-07-31,baseline_seasonal_naive,21,13,32
T241,EXP,2025-08-31,2025-07-31,baseline_seasonal_naive,33,20,50
K210,DOM,2025-09-30,2025-08-31,baseline_seasonal_naive,31,19,47
K210,EXP,2025-09-30,2025-08-31,baseline_seasonal_naive,0,0,0
K210A,DOM,2025-09-30,2025-08-31,baseline_seasonal_naive,0,0,0
K210A,EXP,2025-09-30,2025-08-31,baseline_seasonal_naive,0,0,0
K210B,DOM,2025-09-30,2025-08-31,baseline_seasonal_naive,16,10,24
K210B,EXP,2025-09-30,2025-08-31,baseline_seasonal_naive,11,7,17
K210C,DOM,2025-09-30,2025-08-31,baseline_seasonal_naive,32,19,48
K210C,EXP,2025-09-30,2025-08-31,baseline_seasonal_naive,55,33,83
K210D,DOM,2025-09-30,2025-08-31,baseline_seasonal_naive,0,0,0
K210D,EXP,2025-09-30,2025-08-31,baseline_seasonal_naive,0,0,0
K240,DOM,2025-09-30,2025-08-31,baseline_seasonal_naive,2,1,3
K240,EXP,2025-09-30,2025-08-31,baseline_seasonal_naive,3,2,5
K240B,DOM,2025-09-30,2025-08-31,baseline_seasonal_naive,3,2,5
K240B,EXP,2025-09-30,2025-08-31,baseline_seasonal_naive,1,1,2
K250A,DOM,2025-09-30,2025-08-31,baseline_seasonal_naive,233,140,350
K250A,EXP,2025-09-30,2025-08-31,baseline_seasonal_naive,180,108,270
K250B,DOM,2025-09-30,2025-08-31,baseline_seasonal_naive,58,35,87
K310,DOM,2025-09-30,2025-08-31,baseline_seasonal_naive,468,281,702
K310,EXP,2025-09-30,2025-08-31,baseline_seasonal_naive,562,337,843
K311,DOM,2025-09-30,2025-08-31,baseline_seasonal_naive,58,35,87
K311,EXP,2025-09-30,2025-08-31,baseline_seasonal_naive,52,31,78
K312,DOM,2025-09-30,2025-08-31,baseline_seasonal_naive,13,8,20
K312,EXP,2025-09-30,2025-08-31,baseline_seasonal_naive,7,4,11
K350A,DOM,2025-09-30,2025-08-31,baseline_seasonal_naive,9,5,14
K350B,DOM,2025-09-30,2025-08-31,baseline_seasonal_naive,4,2,6
K350C,DOM,2025-09-30,2025-08-31,baseline_seasonal_naive,11,7,17
K350D,DOM,2025-09-30,2025-08-31,baseline_seasonal_naive,3,2,5
K350E,DOM,2025-09-30,2025-08-31,baseline_seasonal_naive,23,14,35
K350F,DOM,2025-09-30,2025-08-31,baseline_seasonal_naive,4,2,6
T120,DOM,2025-09-30,2025-08-31,baseline_seasonal_naive,114,68,171
T120,EXP,2025-09-30,2025-08-31,baseline_seasonal_naive,147,88,221
T121,DOM,2025-09-30,2025-08-31,baseline_seasonal_naive,161,97,242
T121,EXP,2025-09-30,2025-08-31,baseline_seasonal_naive,156,94,234
T122,DOM,2025-09-30,2025-08-31,baseline_seasonal_naive,116,70,174
T122,EXP,2025-09-30,2025-08-31,baseline_seasonal_naive,173,104,260
T240,DOM,2025-09-30,2025-08-31,baseline_seasonal_naive,94,56,141
T240,EXP,2025-09-30,2025-08-31,baseline_seasonal_naive,532,319,798
T241,DOM,2025-09-30,2025-08-31,baseline_seasonal_naive,4,2,6
T241,EXP,2025-09-30,2025-08-31,baseline_seasonal_naive,0,0,0
K210,DOM,2025-10-31,2025-09-30,baseline_seasonal_naive,6,4,9
K210,EXP,2025-10-31,2025-09-30,baseline_seasonal_naive,7,4,11
K210A,DOM,2025-10-31,2025-09-30,baseline_seasonal_naive,4,2,6
K210A,EXP,2025-10-31,2025-09-30,baseline_seasonal_naive,4,2,6
K210B,DOM,2025-10-31,2025-09-30,baseline_seasonal_naive,44,26,66
K210B,EXP,2025-10-31,2025-09-30,baseline_seasonal_naive,0,0,0
K210C,DOM,2025-10-31,2025-09-30,baseline_seasonal_naive,2,1,3
K210C,EXP,2025-10-31,2025-09-30,baseline_seasonal_naive,3,2,5
K210D,DOM,2025-10-31,2025-09-30,baseline_seasonal_naive,1,1,2
K210D,EXP,2025-10-31,2025-09-30,baseline_seasonal_naive,0,0,0
K240,DOM,2025-10-31,2025-09-30,baseline_seasonal_naive,3,2,5
K240,EXP,2025-10-31,2025-09-30,baseline_seasonal_naive,5,3,8
K240B,DOM,2025-10-31,2025-09-30,baseline_seasonal_naive,0,0,0
K240B,EXP,2025-10-31,2025-09-30,baseline_seasonal_naive,0,0,0
K250A,DOM,2025-10-31,2025-09-30,baseline_seasonal_naive,157,94,236
K250A,EXP,2025-10-31,2025-09-30,baseline_seasonal_naive,121,73,182
K250B,DOM,2025-10-31,2025-09-30,baseline_seasonal_naive,111,67,167
K310,DOM,2025-10-31,2025-09-30,baseline_seasonal_naive,854,512,1281
K310,EXP,2025-10-31,2025-09-30,baseline_seasonal_naive,1024,614,1536
K311,DOM,2025-10-31,2025-09-30,baseline_seasonal_naive,42,25,63
K311,EXP,2025-10-31,2025-09-30,baseline_seasonal_naive,38,23,57
K312,DOM,2025-10-31,2025-09-30,baseline_seasonal_naive,9,5,14
K312,EXP,2025-10-31,2025-09-30,baseline_seasonal_naive,4,2,6
K350A,DOM,2025-10-31,2025-09-30,baseline_seasonal_naive,5,3,8
K350B,DOM,2025-10-31,2025-09-30,baseline_seasonal_naive,3,2,5
K350C,DOM,2025-10-31,2025-09-30,baseline_seasonal_naive,10,6,15
K350D,DOM,2025-10-31,2025-09-30,baseline_seasonal_naive,7,4,11
K350E,DOM,2025-10-31,2025-09-30,baseline_seasonal_naive,17,10,26
K350F,DOM,2025-10-31,2025-09-30,baseline_seasonal_naive,5,3,8
T120,DOM,2025-10-31,2025-09-30,baseline_seasonal_naive,384,230,576
T120,EXP,2025-10-31,2025-09-30,baseline_seasonal_naive,0,0,0
T121,DOM,2025-10-31,2025-09-30,baseline_seasonal_naive,481,289,722
T121,EXP,2025-10-31,2025-09-30,baseline_seasonal_naive,0,0,0
T122,DOM,2025-10-31,2025-09-30,baseline_seasonal_naive,182,109,273
T122,EXP,2025-10-31,2025-09-30,baseline_seasonal_naive,0,0,0
T240,DOM,2025-10-31,2025-09-30,baseline_seasonal_naive,412,247,618
T240,EXP,2025-10-31,2025-09-30,baseline_seasonal_naive,459,275,689
T241,DOM,2025-10-31,2025-09-30,baseline_seasonal_naive,12,7,18
T241,EXP,2025-10-31,2025-09-30,baseline_seasonal_naive,0,0,0
K210,DOM,2025-11-30,2025-10-31,baseline_seasonal_naive,18,11,27
K210,EXP,2025-11-30,2025-10-31,baseline_seasonal_naive,0,0,0
K210A,DOM,2025-11-30,2025-10-31,baseline_seasonal_naive,4,2,6
K210A,EXP,2025-11-30,2025-10-31,baseline_seasonal_naive,0,0,0
K210B,DOM,2025-11-30,2025-10-31,baseline_seasonal_naive,17,10,26
K210B,EXP,2025-11-30,2025-10-31,baseline_seasonal_naive,0,0,0
K210C,DOM,2025-11-30,2025-10-31,baseline_seasonal_naive,6,4,9
K210C,EXP,2025-11-30,2025-10-31,baseline_seasonal_naive,0,0,0
K210D,DOM,2025-11-30,2025-10-31,baseline_seasonal_naive,0,0,0
K210D,EXP,2025-11-30,2025-10-31,baseline_seasonal_naive,0,0,0
K240,DOM,2025-11-30,2025-10-31,baseline_seasonal_naive,10,6,15
K240,EXP,2025-11-30,2025-10-31,baseline_seasonal_naive,0,0,0
K240B,DOM,2025-11-30,2025-10-31,baseline_seasonal_naive,0,0,0
K240B,EXP,2025-11-30,2025-10-31,baseline_seasonal_naive,0,0,0
K250A,DOM,2025-11-30,2025-10-31,baseline_seasonal_naive,94,56,141
K250A,EXP,2025-11-30,2025-10-31,baseline_seasonal_naive,73,44,110
K250B,DOM,2025-11-30,2025-10-31,baseline_seasonal_naive,83,50,125
K310,DOM,2025-11-30,2025-10-31,baseline_seasonal_naive,570,342,855
K310,EXP,2025-11-30,2025-10-31,baseline_seasonal_naive,683,410,1025
K311,DOM,2025-11-30,2025-10-31,baseline_seasonal_naive,93,56,140
K311,EXP,2025-11-30,2025-10-31,baseline_seasonal_naive,0,0,0
K312,DOM,2025-11-30,2025-10-31,baseline_seasonal_naive,15,9,23
K312,EXP,2025-11-30,2025-10-31,baseline_seasonal_naive,7,4,11
K350A,DOM,2025-11-30,2025-10-31,baseline_seasonal_naive,10,6,15
K350B,DOM,2025-11-30,2025-10-31,baseline_seasonal_naive,2,1,3
K350C,DOM,2025-11-30,2025-10-31,baseline_seasonal_naive,29,17,44
K350D,DOM,2025-11-30,2025-10-31,baseline_seasonal_naive,14,8,21
K350E,DOM,2025-11-30,2025-10-31,baseline_seasonal_naive,26,16,39
K350F,DOM,2025-11-30,2025-10-31,baseline_seasonal_naive,4,2,6
T120,DOM,2025-11-30,2025-10-31,baseline_seasonal_naive,652,391,978
T120,EXP,2025-11-30,2025-10-31,baseline_seasonal_naive,843,506,1265
T121,DOM,2025-11-30,2025-10-31,baseline_seasonal_naive,251,151,377
T121,EXP,2025-11-30,2025-10-31,baseline_seasonal_naive,243,146,365
T122,DOM,2025-11-30,2025-10-31,baseline_seasonal_naive,113,68,170
T122,EXP,2025-11-30,2025-10-31,baseline_seasonal_naive,642,385,963
T240,DOM,2025-11-30,2025-10-31,baseline_seasonal_naive,535,321,803
T240,EXP,2025-11-30,2025-10-31,baseline_seasonal_naive,597,358,896
T241,DOM,2025-11-30,2025-10-31,baseline_seasonal_naive,27,16,41
T241,EXP,2025-11-30,2025-10-31,baseline_seasonal_naive,44,26,66
K210,DOM,2025-12-31,2025-11-30,baseline_seasonal_naive,20,12,30
K210,EXP,2025-12-31,2025-11-30,baseline_seasonal_naive,20,12,30
K210A,DOM,2025-12-31,2025-11-30,baseline_seasonal_naive,2,1,3
K210A,EXP,2025-12-31,2025-11-30,baseline_seasonal_naive,0,0,0
K210B,DOM,2025-12-31,2025-11-30,baseline_seasonal_naive,24,14,36
K210B,EXP,2025-12-31,2025-11-30,baseline_seasonal_naive,0,0,0
K210C,DOM,2025-12-31,2025-11-30,baseline_seasonal_naive,16,10,24
K210C,EXP,2025-12-31,2025-11-30,baseline_seasonal_naive,0,0,0
K210D,DOM,2025-12-31,2025-11-30,baseline_seasonal_naive,0,0,0
K210D,EXP,2025-12-31,2025-11-30,baseline_seasonal_naive,0,0,0
K240,DOM,2025-12-31,2025-11-30,baseline_seasonal_naive,28,17,42
K240,EXP,2025-12-31,2025-11-30,baseline_seasonal_naive,0,0,0
K240B,DOM,2025-12-31,2025-11-30,baseline_seasonal_naive,0,0,0
K240B,EXP,2025-12-31,2025-11-30,baseline_seasonal_naive,0,0,0
K250A,DOM,2025-12-31,2025-11-30,baseline_seasonal_naive,112,67,168
K250A,EXP,2025-12-31,2025-11-30,baseline_seasonal_naive,87,52,131
K250B,DOM,2025-12-31,2025-11-30,baseline_seasonal_naive,67,40,101
K310,DOM,2025-12-31,2025-11-30,baseline_seasonal_naive,980,588,1470
K310,EXP,2025-12-31,2025-11-30,baseline_seasonal_naive,1175,705,1763
K311,DOM,2025-12-31,2025-11-30,baseline_seasonal_naive,55,33,83
K311,EXP,2025-12-31,2025-11-30,baseline_seasonal_naive,49,29,74
K312,DOM,2025-12-31,2025-11-30,baseline_seasonal_naive,17,10,26
K312,EXP,2025-12-31,2025-11-30,baseline_seasonal_naive,8,5,12
K350A,DOM,2025-12-31,2025-11-30,baseline_seasonal_naive,8,5,12
K350B,DOM,2025-12-31,2025-11-30,baseline_seasonal_naive,2,1,3
K350C,DOM,2025-12-31,2025-11-30,baseline_seasonal_naive,10,6,15
K350D,DOM,2025-12-31,2025-11-30,baseline_seasonal_naive,13,8,20
K350E,DOM,2025-12-31,2025-11-30,baseline_seasonal_naive,21,13,32
K350F,DOM,2025-12-31,2025-11-30,baseline_seasonal_naive,4,2,6
T120,DOM,2025-12-31,2025-11-30,baseline_seasonal_naive,160,96,240
T120,EXP,2025-12-31,2025-11-30,baseline_seasonal_naive,908,545,1362
T121,DOM,2025-12-31,2025-11-30,baseline_seasonal_naive,643,386,965
T121,EXP,2025-12-31,2025-11-30,baseline_seasonal_naive,0,0,0
T122,DOM,2025-12-31,2025-11-30,baseline_seasonal_naive,351,211,527
T122,EXP,2025-12-31,2025-11-30,baseline_seasonal_naive,0,0,0
T240,DOM,2025-12-31,2025-11-30,baseline_seasonal_naive,757,454,1136
T240,EXP,2025-12-31,2025-11-30,baseline_seasonal_naive,0,0,0
T241,DOM,2025-12-31,2025-11-30,baseline_seasonal_naive,73,44,110
T241,EXP,2025-12-31,2025-11-30,baseline_seasonal_naive,0,0,0
K210,DOM,2026-01-31,2025-12-31,baseline_seasonal_naive,13,8,20
K210,EXP,2026-01-31,2025-12-31,baseline_seasonal_naive,0,0,0
K210A,DOM,2026-01-31,2025-12-31,baseline_seasonal_naive,1,1,2
K210A,EXP,2026-01-31,2025-12-31,baseline_seasonal_naive,1,1,2
K210B,DOM,2026-01-31,2025-12-31,baseline_seasonal_naive,64,38,96
K210B,EXP,2026-01-31,2025-12-31,baseline_seasonal_naive,42,25,63
K210C,DOM,2026-01-31,2025-12-31,baseline_seasonal_naive,9,5,14
K210C,EXP,2026-01-31,2025-12-31,baseline_seasonal_naive,0,0,0
K210D,DOM,2026-01-31,2025-12-31,baseline_seasonal_naive,0,0,0
K210D,EXP,2026-01-31,2025-12-31,baseline_seasonal_naive,0,0,0
K240,DOM,2026-01-31,2025-12-31,baseline_seasonal_naive,2,1,3
K240,EXP,2026-01-31,2025-12-31,baseline_seasonal_naive,3,2,5
K240B,DOM,2026-01-31,2025-12-31,baseline_seasonal_naive,0,0,0
K240B,EXP,2026-01-31,2025-12-31,baseline_seasonal_naive,0,0,0
K250A,DOM,2026-01-31,2025-12-31,baseline_seasonal_naive,117,70,176
K250A,EXP,2026-01-31,2025-12-31,baseline_seasonal_naive,90,54,135
K250B,DOM,2026-01-31,2025-12-31,baseline_seasonal_naive,29,17,44
K310,DOM,2026-01-31,2025-12-31,baseline_seasonal_naive,386,232,579
K310,EXP,2026-01-31,2025-12-31,baseline_seasonal_naive,463,278,695
K311,DOM,2026-01-31,2025-12-31,baseline_seasonal_naive,109,65,164
K311,EXP,2026-01-31,2025-12-31,baseline_seasonal_naive,0,0,0
K312,DOM,2026-01-31,2025-12-31,baseline_seasonal_naive,9,5,14
K312,EXP,2026-01-31,2025-12-31,baseline_seasonal_naive,5,3,8
K350A,DOM,2026-01-31,2025-12-31,baseline_seasonal_naive,8,5,12
K350B,DOM,2026-01-31,2025-12-31,baseline_seasonal_naive,2,1,3
K350C,DOM,2026-01-31,2025-12-31,baseline_seasonal_naive,13,8,20
K350D,DOM,2026-01-31,2025-12-31,baseline_seasonal_naive,2,1,3
K350E,DOM,2026-01-31,2025-12-31,baseline_seasonal_naive,25,15,38
K350F,DOM,2026-01-31,2025-12-31,baseline_seasonal_naive,3,2,5
T120,DOM,2026-01-31,2025-12-31,baseline_seasonal_naive,614,368,921
T120,EXP,2026-01-31,2025-12-31,baseline_seasonal_naive,0,0,0
T121,DOM,2026-01-31,2025-12-31,baseline_seasonal_naive,200,120,300
T121,EXP,2026-01-31,2025-12-31,baseline_seasonal_naive,192,115,288
T122,DOM,2026-01-31,2025-12-31,baseline_seasonal_naive,189,113,284
T122,EXP,2026-01-31,2025-12-31,baseline_seasonal_naive,0,0,0
T240,DOM,2026-01-31,2025-12-31,baseline_seasonal_naive,1054,632,1581
T240,EXP,2026-01-31,2025-12-31,baseline_seasonal_naive,0,0,0
T241,DOM,2026-01-31,2025-12-31,baseline_seasonal_naive,18,11,27
T241,EXP,2026-01-31,2025-12-31,baseline_seasonal_naive,0,0,0
K210,DOM,2026-02-28,2026-01-31,baseline_seasonal_naive,13,8,20
K210,EXP,2026-02-28,2026-01-31,baseline_seasonal_naive,14,8,21
K210A,DOM,2026-02-28,2026-01-31,baseline_seasonal_naive,4,2,6
K210A,EXP,2026-02-28,2026-01-31,baseline_seasonal_naive,4,2,6
K210B,DOM,2026-02-28,2026-01-31,baseline_seasonal_naive,14,8,21
K210B,EXP,2026-02-28,2026-01-31,baseline_seasonal_naive,9,5,14
K210C,DOM,2026-02-28,2026-01-31,baseline_seasonal_naive,9,5,14
K210C,EXP,2026-02-28,2026-01-31,baseline_seasonal_naive,16,10,24
K210D,DOM,2026-02-28,2026-01-31,baseline_seasonal_naive,0,0,0
K210D,EXP,2026-02-28,2026-01-31,baseline_seasonal_naive,0,0,0
K240,DOM,2026-02-28,2026-01-31,baseline_seasonal_naive,4,2,6
K240,EXP,2026-02-28,2026-01-31,baseline_seasonal_naive,0,0,0
K240B,DOM,2026-02-28,2026-01-31,baseline_seasonal_naive,1,1,2
K240B,EXP,2026-02-28,2026-01-31,baseline_seasonal_naive,1,1,2
K250A,DOM,2026-02-28,2026-01-31,baseline_seasonal_naive,171,103,257
K250A,EXP,2026-02-28,2026-01-31,baseline_seasonal_naive,133,80,200
K250B,DOM,2026-02-28,2026-01-31,baseline_seasonal_naive,50,30,75
K310,DOM,2026-02-28,2026-01-31,baseline_seasonal_naive,512,307,768
K310,EXP,2026-02-28,2026-01-31,baseline_seasonal_naive,615,369,923
K311,DOM,2026-02-28,2026-01-31,baseline_seasonal_naive,37,22,56
K311,EXP,2026-02-28,2026-01-31,baseline_seasonal_naive,34,20,51
K312,DOM,2026-02-28,2026-01-31,baseline_seasonal_naive,11,7,17
K312,EXP,2026-02-28,2026-01-31,baseline_seasonal_naive,0,0,0
K350A,DOM,2026-02-28,2026-01-31,baseline_seasonal_naive,8,5,12
K350B,DOM,2026-02-28,2026-01-31,baseline_seasonal_naive,1,1,2
K350C,DOM,2026-02-28,2026-01-31,baseline_seasonal_naive,15,9,23
K350D,DOM,2026-02-28,2026-01-31,baseline_seasonal_naive,30,18,45
K350E,DOM,2026-02-28,2026-01-31,baseline_seasonal_naive,23,14,35
K350F,DOM,2026-02-28,2026-01-31,baseline_seasonal_naive,8,5,12
T120,DOM,2026-02-28,2026-01-31,baseline_seasonal_naive,740,444,1110
T120,EXP,2026-02-28,2026-01-31,baseline_seasonal_naive,955,573,1433
T121,DOM,2026-02-28,2026-01-31,baseline_seasonal_naive,147,88,221
T121,EXP,2026-02-28,2026-01-31,baseline_seasonal_naive,141,85,212
T122,DOM,2026-02-28,2026-01-31,baseline_seasonal_naive,202,121,303
T122,EXP,2026-02-28,2026-01-31,baseline_seasonal_naive,0,0,0
T240,DOM,2026-02-28,2026-01-31,baseline_seasonal_naive,682,409,1023
T240,EXP,2026-02-28,2026-01-31,baseline_seasonal_naive,0,0,0
T241,DOM,2026-02-28,2026-01-31,baseline_seasonal_naive,20,12,30
T241,EXP,2026-02-28,2026-01-31,baseline_seasonal_naive,0,0,0
K210,DOM,2026-03-31,2026-02-28,baseline_seasonal_naive,15,9,23
K210,EXP,2026-03-31,2026-02-28,baseline_seasonal_naive,16,10,24
K210A,DOM,2026-03-31,2026-02-28,baseline_seasonal_naive,1,1,2
K210A,EXP,2026-03-31,2026-02-28,baseline_seasonal_naive,2,1,3
K210B,DOM,2026-03-31,2026-02-28,baseline_seasonal_naive,8,5,12
K210B,EXP,2026-03-31,2026-02-28,baseline_seasonal_naive,43,26,65
K210C,DOM,2026-03-31,2026-02-28,baseline_seasonal_naive,1,1,2
K210C,EXP,2026-03-31,2026-02-28,baseline_seasonal_naive,0,0,0
K210D,DOM,2026-03-31,2026-02-28,baseline_seasonal_naive,1,1,2
K210D,EXP,2026-03-31,2026-02-28,baseline_seasonal_naive,5,3,8
K240,DOM,2026-03-31,2026-02-28,baseline_seasonal_naive,9,5,14
K240,EXP,2026-03-31,2026-02-28,baseline_seasonal_naive,0,0,0
K240B,DOM,2026-03-31,2026-02-28,baseline_seasonal_naive,0,0,0
K240B,EXP,2026-03-31,2026-02-28,baseline_seasonal_naive,0,0,0
K250A,DOM,2026-03-31,2026-02-28,baseline_seasonal_naive,170,102,255
K250A,EXP,2026-03-31,2026-02-28,baseline_seasonal_naive,0,0,0
K250B,DOM,2026-03-31,2026-02-28,baseline_seasonal_naive,68,41,102
K310,DOM,2026-03-31,2026-02-28,baseline_seasonal_naive,885,531,1328
K310,EXP,2026-03-31,2026-02-28,baseline_seasonal_naive,1061,637,1592
K311,DOM,2026-03-31,2026-02-28,baseline_seasonal_naive,82,49,123
K311,EXP,2026-03-31,2026-02-28,baseline_seasonal_naive,0,0,0
K312,DOM,2026-03-31,2026-02-28,baseline_seasonal_naive,17,10,26
K312,EXP,2026-03-31,2026-02-28,baseline_seasonal_naive,0,0,0
K350A,DOM,2026-03-31,2026-02-28,baseline_seasonal_naive,11,7,17
K350B,DOM,2026-03-31,2026-02-28,baseline_seasonal_naive,1,1,2
K350C,DOM,2026-03-31,2026-02-28,baseline_seasonal_naive,15,9,23
K350D,DOM,2026-03-31,2026-02-28,baseline_seasonal_naive,5,3,8
K350E,DOM,2026-03-31,2026-02-28,baseline_seasonal_naive,11,7,17
K350F,DOM,2026-03-31,2026-02-28,baseline_seasonal_naive,7,4,11
T120,DOM,2026-03-31,2026-02-28,baseline_seasonal_naive,1823,1094,2735
T120,EXP,2026-03-31,2026-02-28,baseline_seasonal_naive,0,0,0
T121,DOM,2026-03-31,2026-02-28,baseline_seasonal_naive,546,328,819
T121,EXP,2026-03-31,2026-02-28,baseline_seasonal_naive,0,0,0
T122,DOM,2026-03-31,2026-02-28,baseline_seasonal_naive,160,96,240
T122,EXP,2026-03-31,2026-02-28,baseline_seasonal_naive,240,144,360
T240,DOM,2026-03-31,2026-02-28,baseline_seasonal_naive,261,157,392
T240,EXP,2026-03-31,2026-02-28,baseline_seasonal_naive,291,175,437
T241,DOM,2026-03-31,2026-02-28,baseline_seasonal_naive,54,32,81
T241,EXP,2026-03-31,2026-02-28,baseline_seasonal_naive,87,52,131
K210,DOM,2026-04-30,2026-03-31,baseline_seasonal_naive,17,10,26
K210,EXP,2026-04-30,2026-03-31,baseline_seasonal_naive,0,0,0
K210A,DOM,2026-04-30,2026-03-31,baseline_seasonal_naive,3,2,5
K210A,EXP,2026-04-30,2026-03-31,baseline_seasonal_naive,0,0,0
K210B,DOM,2026-04-30,2026-03-31,baseline_seasonal_naive,29,17,44
K210B,EXP,2026-04-30,2026-03-31,baseline_seasonal_naive,19,11,29
K210C,DOM,2026-04-30,2026-03-31,baseline_seasonal_naive,20,12,30
K210C,EXP,2026-04-30,2026-03-31,baseline_seasonal_naive,0,0,0
K210D,DOM,2026-04-30,2026-03-31,baseline_seasonal_naive,0,0,0
K210D,EXP,2026-04-30,2026-03-31,baseline_seasonal_naive,0,0,0
K240,DOM,2026-04-30,2026-03-31,baseline_seasonal_naive,0,0,0
K240,EXP,2026-04-30,2026-03-31,baseline_seasonal_naive,0,0,0
K240B,DOM,2026-04-30,2026-03-31,baseline_seasonal_naive,0,0,0
K240B,EXP,2026-04-30,2026-03-31,baseline_seasonal_naive,0,0,0
K250A,DOM,2026-04-30,2026-03-31,baseline_seasonal_naive,105,63,158
K250A,EXP,2026-04-30,2026-03-31,baseline_seasonal_naive,81,49,122
K250B,DOM,2026-04-30,2026-03-31,baseline_seasonal_naive,67,40,101
K310,DOM,2026-04-30,2026-03-31,baseline_seasonal_naive,1259,755,1889
K310,EXP,2026-04-30,2026-03-31,baseline_seasonal_naive,0,0,0
K311,DOM,2026-04-30,2026-03-31,baseline_seasonal_naive,109,65,164
K311,EXP,2026-04-30,2026-03-31,baseline_seasonal_naive,0,0,0
K312,DOM,2026-04-30,2026-03-31,baseline_seasonal_naive,21,13,32
K312,EXP,2026-04-30,2026-03-31,baseline_seasonal_naive,10,6,15
K350A,DOM,2026-04-30,2026-03-31,baseline_seasonal_naive,8,5,12
K350B,DOM,2026-04-30,2026-03-31,baseline_seasonal_naive,3,2,5
K350C,DOM,2026-04-30,2026-03-31,baseline_seasonal_naive,15,9,23
K350D,DOM,2026-04-30,2026-03-31,baseline_seasonal_naive,14,8,21
K350E,DOM,2026-04-30,2026-03-31,baseline_seasonal_naive,17,10,26
K350F,DOM,2026-04-30,2026-03-31,baseline_seasonal_naive,5,3,8
T120,DOM,2026-04-30,2026-03-31,baseline_seasonal_naive,353,212,530
T120,EXP,2026-04-30,2026-03-31,baseline_seasonal_naive,455,273,683
T121,DOM,2026-04-30,2026-03-31,baseline_seasonal_naive,796,478,1194
T121,EXP,2026-04-30,2026-03-31,baseline_seasonal_naive,0,0,0
T122,DOM,2026-04-30,2026-03-31,baseline_seasonal_naive,49,29,74
T122,EXP,2026-04-30,2026-03-31,baseline_seasonal_naive,73,44,110
T240,DOM,2026-04-30,2026-03-31,baseline_seasonal_naive,690,414,1035
T240,EXP,2026-04-30,2026-03-31,baseline_seasonal_naive,0,0,0
T241,DOM,2026-04-30,2026-03-31,baseline_seasonal_naive,10,6,15
T241,EXP,2026-04-30,2026-03-31,baseline_seasonal_naive,0,0,0
K210,DOM,2026-05-31,2026-04-30,baseline_seasonal_naive,19,11,29
K210,EXP,2026-05-31,2026-04-30,baseline_seasonal_naive,0,0,0
K210A,DOM,2026-05-31,2026-04-30,baseline_seasonal_naive,0,0,0
K210A,EXP,2026-05-31,2026-04-30,baseline_seasonal_naive,0,0,0
K210B,DOM,2026-05-31,2026-04-30,baseline_seasonal_naive,37,22,56
K210B,EXP,2026-05-31,2026-04-30,baseline_seasonal_naive,24,14,36
K210C,DOM,2026-05-31,2026-04-30,baseline_seasonal_naive,1,1,2
K210C,EXP,2026-05-31,2026-04-30,baseline_seasonal_naive,3,2,5
K210D,DOM,2026-05-31,2026-04-30,baseline_seasonal_naive,0,0,0
K210D,EXP,2026-05-31,2026-04-30,baseline_seasonal_naive,0,0,0
K240,DOM,2026-05-31,2026-04-30,baseline_seasonal_naive,3,2,5
K240,EXP,2026-05-31,2026-04-30,baseline_seasonal_naive,4,2,6
K240B,DOM,2026-05-31,2026-04-30,baseline_seasonal_naive,0,0,0
K240B,EXP,2026-05-31,2026-04-30,baseline_seasonal_naive,0,0,0
K250A,DOM,2026-05-31,2026-04-30,baseline_seasonal_naive,286,172,429
K250A,EXP,2026-05-31,2026-04-30,baseline_seasonal_naive,0,0,0
K250B,DOM,2026-05-31,2026-04-30,baseline_seasonal_naive,147,88,221
K310,DOM,2026-05-31,2026-04-30,baseline_seasonal_naive,171,103,257
K310,EXP,2026-05-31,2026-04-30,baseline_seasonal_naive,970,582,1455
K311,DOM,2026-05-31,2026-04-30,baseline_seasonal_naive,90,54,135
K311,EXP,2026-05-31,2026-04-30,baseline_seasonal_naive,0,0,0
K312,DOM,2026-05-31,2026-04-30,baseline_seasonal_naive,17,10,26
K312,EXP,2026-05-31,2026-04-30,baseline_seasonal_naive,0,0,0
K350A,DOM,2026-05-31,2026-04-30,baseline_seasonal_naive,12,7,18
K350B,DOM,2026-05-31,2026-04-30,baseline_seasonal_naive,2,1,3
K350C,DOM,2026-05-31,2026-04-30,baseline_seasonal_naive,16,10,24
K350D,DOM,2026-05-31,2026-04-30,baseline_seasonal_naive,5,3,8
K350E,DOM,2026-05-31,2026-04-30,baseline_seasonal_naive,33,20,50
K350F,DOM,2026-05-31,2026-04-30,baseline_seasonal_naive,8,5,12
T120,DOM,2026-05-31,2026-04-30,baseline_seasonal_naive,699,419,1049
T120,EXP,2026-05-31,2026-04-30,baseline_seasonal_naive,0,0,0
T121,DOM,2026-05-31,2026-04-30,baseline_seasonal_naive,327,196,491
T121,EXP,2026-05-31,2026-04-30,baseline_seasonal_naive,316,190,474
T122,DOM,2026-05-31,2026-04-30,baseline_seasonal_naive,104,62,156
T122,EXP,2026-05-31,2026-04-30,baseline_seasonal_naive,156,94,234
T240,DOM,2026-05-31,2026-04-30,baseline_seasonal_naive,173,104,260
T240,EXP,2026-05-31,2026-04-30,baseline_seasonal_naive,193,116,290
T241,DOM,2026-05-31,2026-04-30,baseline_seasonal_naive,23,14,35
T241,EXP,2026-05-31,2026-04-30,baseline_seasonal_naive,36,22,54
K210,DOM,2026-06-30,2026-05-31,baseline_seasonal_naive,14,8,21
K210,EXP,2026-06-30,2026-05-31,baseline_seasonal_naive,15,9,23
K210A,DOM,2026-06-30,2026-05-31,baseline_seasonal_naive,3,2,5
K210A,EXP,2026-06-30,2026-05-31,baseline_seasonal_naive,3,2,5
K210B,DOM,2026-06-30,2026-05-31,baseline_seasonal_naive,65,39,98
K210B,EXP,2026-06-30,2026-05-31,baseline_seasonal_naive,43,26,65
K210C,DOM,2026-06-30,2026-05-31,baseline_seasonal_naive,38,23,57
K210C,EXP,2026-06-30,2026-05-31,baseline_seasonal_naive,0,0,0
K210D,DOM,2026-06-30,2026-05-31,baseline_seasonal_naive,0,0,0
K210D,EXP,2026-06-30,2026-05-31,baseline_seasonal_naive,0,0,0
K240,DOM,2026-06-30,2026-05-31,baseline_seasonal_naive,12,7,18
K240,EXP,2026-06-30,2026-05-31,baseline_seasonal_naive,0,0,0
K240B,DOM,2026-06-30,2026-05-31,baseline_seasonal_naive,1,1,2
K240B,EXP,2026-06-30,2026-05-31,baseline_seasonal_naive,0,0,0
K250A,DOM,2026-06-30,2026-05-31,baseline_seasonal_naive,187,112,281
K250A,EXP,2026-06-30,2026-05-31,baseline_seasonal_naive,0,0,0
K250B,DOM,2026-06-30,2026-05-31,baseline_seasonal_naive,64,38,96
K310,DOM,2026-06-30,2026-05-31,baseline_seasonal_naive,698,419,1047
K310,EXP,2026-06-30,2026-05-31,baseline_seasonal_naive,838,503,1257
K311,DOM,2026-06-30,2026-05-31,baseline_seasonal_naive,34,20,51
K311,EXP,2026-06-30,2026-05-31,baseline_seasonal_naive,30,18,45
K312,DOM,2026-06-30,2026-05-31,baseline_seasonal_naive,11,7,17
K312,EXP,2026-06-30,2026-05-31,baseline_seasonal_naive,5,3,8
K350A,DOM,2026-06-30,2026-05-31,baseline_seasonal_naive,11,7,17
K350B,DOM,2026-06-30,2026-05-31,baseline_seasonal_naive,1,1,2
K350C,DOM,2026-06-30,2026-05-31,baseline_seasonal_naive,9,5,14
K350D,DOM,2026-06-30,2026-05-31,baseline_seasonal_naive,7,4,11
K350E,DOM,2026-06-30,2026-05-31,baseline_seasonal_naive,20,12,30
K350F,DOM,2026-06-30,2026-05-31,baseline_seasonal_naive,3,2,5
T120,DOM,2026-06-30,2026-05-31,baseline_seasonal_naive,929,557,1394
T120,EXP,2026-06-30,2026-05-31,baseline_seasonal_naive,0,0,0
T121,DOM,2026-06-30,2026-05-31,baseline_seasonal_naive,261,157,392
T121,EXP,2026-06-30,2026-05-31,baseline_seasonal_naive,251,151,377
T122,DOM,2026-06-30,2026-05-31,baseline_seasonal_naive,1011,607,1517
T122,EXP,2026-06-30,2026-05-31,baseline_seasonal_naive,0,0,0
T240,DOM,2026-06-30,2026-05-31,baseline_seasonal_naive,142,85,213
T240,EXP,2026-06-30,2026-05-31,baseline_seasonal_naive,805,483,1208
T241,DOM,2026-06-30,2026-05-31,baseline_seasonal_naive,33,20,50
T241,EXP,2026-06-30,2026-05-31,baseline_seasonal_naive,0,0,0
K210,DOM,2026-07-31,2026-06-30,baseline_seasonal_naive,2,1,3
K210,EXP,2026-07-31,2026-06-30,baseline_seasonal_naive,11,7,17
K210A,DOM,2026-07-31,2026-06-30,baseline_seasonal_naive,2,1,3
K210A,EXP,2026-07-31,2026-06-30,baseline_seasonal_naive,0,0,0
K210B,DOM,2026-07-31,2026-06-30,baseline_seasonal_naive,17,10,26
K210B,EXP,2026-07-31,2026-06-30,baseline_seasonal_naive,12,7,18
K210C,DOM,2026-07-31,2026-06-30,baseline_seasonal_naive,6,4,9
K210C,EXP,2026-07-31,2026-06-30,baseline_seasonal_naive,10,6,15
K210D,DOM,2026-07-31,2026-06-30,baseline_seasonal_naive,0,0,0
K210D,EXP,2026-07-31,2026-06-30,baseline_seasonal_naive,0,0,0
K240,DOM,2026-07-31,2026-06-30,baseline_seasonal_naive,2,1,3
K240,EXP,2026-07-31,2026-06-30,baseline_seasonal_naive,3,2,5
K240B,DOM,2026-07-31,2026-06-30,baseline_seasonal_naive,3,2,5
K240B,EXP,2026-07-31,2026-06-30,baseline_seasonal_naive,0,0,0
K250A,DOM,2026-07-31,2026-06-30,baseline_seasonal_naive,281,169,422
K250A,EXP,2026-07-31,2026-06-30,baseline_seasonal_naive,0,0,0
K250B,DOM,2026-07-31,2026-06-30,baseline_seasonal_naive,28,17,42
K310,DOM,2026-07-31,2026-06-30,baseline_seasonal_naive,222,133,333
K310,EXP,2026-07-31,2026-06-30,baseline_seasonal_naive,1258,755,1887
K311,DOM,2026-07-31,2026-06-30,baseline_seasonal_naive,87,52,131
K311,EXP,2026-07-31,2026-06-30,baseline_seasonal_naive,0,0,0
K312,DOM,2026-07-31,2026-06-30,baseline_seasonal_naive,17,10,26
K312,EXP,2026-07-31,2026-06-30,baseline_seasonal_naive,9,5,14
K350A,DOM,2026-07-31,2026-06-30,baseline_seasonal_naive,16,10,24
K350B,DOM,2026-07-31,2026-06-30,baseline_seasonal_naive,2,1,3
K350C,DOM,2026-07-31,2026-06-30,baseline_seasonal_naive,7,4,11
K350D,DOM,2026-07-31,2026-06-30,baseline_seasonal_naive,8,5,12
K350E,DOM,2026-07-31,2026-06-30,baseline_seasonal_naive,5,3,8
K350F,DOM,2026-07-31,2026-06-30,baseline_seasonal_naive,2,1,3
T120,DOM,2026-07-31,2026-06-30,baseline_seasonal_naive,256,154,384
T120,EXP,2026-07-31,2026-06-30,baseline_seasonal_naive,331,199,497
T121,DOM,2026-07-31,2026-06-30,baseline_seasonal_naive,786,472,1179
T121,EXP,2026-07-31,2026-06-30,baseline_seasonal_naive,0,0,0
T122,DOM,2026-07-31,2026-06-30,baseline_seasonal_naive,52,31,78
T122,EXP,2026-07-31,2026-06-30,baseline_seasonal_naive,77,46,116
T240,DOM,2026-07-31,2026-06-30,baseline_seasonal_naive,921,553,1382
T240,EXP,2026-07-31,2026-06-30,baseline_seasonal_naive,0,0,0
T241,DOM,2026-07-31,2026-06-30,baseline_seasonal_naive,8,5,12
T241,EXP,2026-07-31,2026-06-30,baseline_seasonal_naive,14,8,21
K210,DOM,2026-08-31,2026-07-31,baseline_seasonal_naive,21,13,32
K210,EXP,2026-08-31,2026-07-31,baseline_seasonal_naive,0,0,0
K210A,DOM,2026-08-31,2026-07-31,baseline_seasonal_naive,0,0,0
K210A,EXP,2026-08-31,2026-07-31,baseline_seasonal_naive,1,1,2
K210B,DOM,2026-08-31,2026-07-31,baseline_seasonal_naive,56,34,84
K210B,EXP,2026-08-31,2026-07-31,baseline_seasonal_naive,0,0,0
K210C,DOM,2026-08-31,2026-07-31,baseline_seasonal_naive,12,7,18
K210C,EXP,2026-08-31,2026-07-31,baseline_seasonal_naive,21,13,32
K210D,DOM,2026-08-31,2026-07-31,baseline_seasonal_naive,0,0,0
K210D,EXP,2026-08-31,2026-07-31,baseline_seasonal_naive,0,0,0
K240,DOM,2026-08-31,2026-07-31,baseline_seasonal_naive,3,2,5
K240,EXP,2026-08-31,2026-07-31,baseline_seasonal_naive,3,2,5
K240B,DOM,2026-08-31,2026-07-31,baseline_seasonal_naive,0,0,0
K240B,EXP,2026-08-31,2026-07-31,baseline_seasonal_naive,0,0,0
K250A,DOM,2026-08-31,2026-07-31,baseline_seasonal_naive,149,89,224
K250A,EXP,2026-08-31,2026-07-31,baseline_seasonal_naive,115,69,173
K250B,DOM,2026-08-31,2026-07-31,baseline_seasonal_naive,28,17,42
K310,DOM,2026-08-31,2026-07-31,baseline_seasonal_naive,1599,959,2399
K310,EXP,2026-08-31,2026-07-31,baseline_seasonal_naive,0,0,0
K311,DOM,2026-08-31,2026-07-31,baseline_seasonal_naive,54,32,81
K311,EXP,2026-08-31,2026-07-31,baseline_seasonal_naive,49,29,74
K312,DOM,2026-08-31,2026-07-31,baseline_seasonal_naive,7,4,11
K312,EXP,2026-08-31,2026-07-31,baseline_seasonal_naive,24,14,36
K350A,DOM,2026-08-31,2026-07-31,baseline_seasonal_naive,12,7,18
K350B,DOM,2026-08-31,2026-07-31,baseline_seasonal_naive,2,1,3
K350C,DOM,2026-08-31,2026-07-31,baseline_seasonal_naive,14,8,21
K350D,DOM,2026-08-31,2026-07-31,baseline_seasonal_naive,3,2,5
K350E,DOM,2026-08-31,2026-07-31,baseline_seasonal_naive,15,9,23
K350F,DOM,2026-08-31,2026-07-31,baseline_seasonal_naive,6,4,9
T120,DOM,2026-08-31,2026-07-31,baseline_seasonal_naive,563,338,845
T120,EXP,2026-08-31,2026-07-31,baseline_seasonal_naive,0,0,0
T121,DOM,2026-08-31,2026-07-31,baseline_seasonal_naive,727,436,1091
T121,EXP,2026-08-31,2026-07-31,baseline_seasonal_naive,0,0,0
T122,DOM,2026-08-31,2026-07-31,baseline_seasonal_naive,69,41,104
T122,EXP,2026-08-31,2026-07-31,baseline_seasonal_naive,103,62,155
T240,DOM,2026-08-31,2026-07-31,baseline_seasonal_naive,775,465,1163
T240,EXP,2026-08-31,2026-07-31,baseline_seasonal_naive,0,0,0
T241,DOM,2026-08-31,2026-07-31,baseline_seasonal_naive,2,1,3
T241,EXP,2026-08-31,2026-07-31,baseline_seasonal_naive,4,2,6
K210,DOM,2026-09-30,2026-08-31,baseline_seasonal_naive,15,9,23
K210,EXP,2026-09-30,2026-08-31,baseline_seasonal_naive,16,10,24
K210A,DOM,2026-09-30,2026-08-31,baseline_seasonal_naive,0,0,0
K210A,EXP,2026-09-30,2026-08-31,baseline_seasonal_naive,0,0,0
K210B,DOM,2026-09-30,2026-08-31,baseline_seasonal_naive,24,14,36
K210B,EXP,2026-09-30,2026-08-31,baseline_seasonal_naive,16,10,24
K210C,DOM,2026-09-30,2026-08-31,baseline_seasonal_naive,20,12,30
K210C,EXP,2026-09-30,2026-08-31,baseline_seasonal_naive,0,0,0
K210D,DOM,2026-09-30,2026-08-31,baseline_seasonal_naive,0,0,0
K210D,EXP,2026-09-30,2026-08-31,baseline_seasonal_naive,0,0,0
K240,DOM,2026-09-30,2026-08-31,baseline_seasonal_naive,8,5,12
K240,EXP,2026-09-30,2026-08-31,baseline_seasonal_naive,10,6,15
K240B,DOM,2026-09-30,2026-08-31,baseline_seasonal_naive,5,3,8
K240B,EXP,2026-09-30,2026-08-31,baseline_seasonal_naive,0,0,0
K250A,DOM,2026-09-30,2026-08-31,baseline_seasonal_naive,185,111,278
K250A,EXP,2026-09-30,2026-08-31,baseline_seasonal_naive,144,86,216
K250B,DOM,2026-09-30,2026-08-31,baseline_seasonal_naive,29,17,44
K310,DOM,2026-09-30,2026-08-31,baseline_seasonal_naive,1165,699,1748
K310,EXP,2026-09-30,2026-08-31,baseline_seasonal_naive,0,0,0
K311,DOM,2026-09-30,2026-08-31,baseline_seasonal_naive,61,37,92
K311,EXP,2026-09-30,2026-08-31,baseline_seasonal_naive,0,0,0
K312,DOM,2026-09-30,2026-08-31,baseline_seasonal_naive,37,22,56
K312,EXP,2026-09-30,2026-08-31,baseline_seasonal_naive,0,0,0
K350A,DOM,2026-09-30,2026-08-31,baseline_seasonal_naive,9,5,14
K350B,DOM,2026-09-30,2026-08-31,baseline_seasonal_naive,1,1,2
K350C,DOM,2026-09-30,2026-08-31,baseline_seasonal_naive,12,7,18
K350D,DOM,2026-09-30,2026-08-31,baseline_seasonal_naive,12,7,18
K350E,DOM,2026-09-30,2026-08-31,baseline_seasonal_naive,16,10,24
K350F,DOM,2026-09-30,2026-08-31,baseline_seasonal_naive,5,3,8
T120,DOM,2026-09-30,2026-08-31,baseline_seasonal_naive,628,377,942
T120,EXP,2026-09-30,2026-08-31,baseline_seasonal_naive,0,0,0
T121,DOM,2026-09-30,2026-08-31,baseline_seasonal_naive,1173,704,1760
T121,EXP,2026-09-30,2026-08-31,baseline_seasonal_naive,0,0,0
T122,DOM,2026-09-30,2026-08-31,baseline_seasonal_naive,316,190,474
T122,EXP,2026-09-30,2026-08-31,baseline_seasonal_naive,473,284,710
T240,DOM,2026-09-30,2026-08-31,baseline_seasonal_naive,564,338,846
T240,EXP,2026-09-30,2026-08-31,baseline_seasonal_naive,630,378,945
T241,DOM,2026-09-30,2026-08-31,baseline_seasonal_naive,17,10,26
T241,EXP,2026-09-30,2026-08-31,baseline_seasonal_naive,0,0,0
K210,DOM,2026-10-31,2026-08-31,baseline_seasonal_naive,18,11,27
K210,EXP,2026-10-31,2026-08-31,baseline_seasonal_naive,0,0,0
K210A,DOM,2026-10-31,2026-08-31,baseline_seasonal_naive,0,0,0
K210A,EXP,2026-10-31,2026-08-31,baseline_seasonal_naive,1,1,2
K210B,DOM,2026-10-31,2026-08-31,baseline_seasonal_naive,17,10,26
K210B,EXP,2026-10-31,2026-08-31,baseline_seasonal_naive,11,7,17
K210C,DOM,2026-10-31,2026-08-31,baseline_seasonal_naive,118,71,177
K210C,EXP,2026-10-31,2026-08-31,baseline_seasonal_naive,0,0,0
K210D,DOM,2026-10-31,2026-08-31,baseline_seasonal_naive,0,0,0
K210D,EXP,2026-10-31,2026-08-31,baseline_seasonal_naive,0,0,0
K240,DOM,2026-10-31,2026-08-31,baseline_seasonal_naive,1,1,2
K240,EXP,2026-10-31,2026-08-31,baseline_seasonal_naive,1,1,2
K240B,DOM,2026-10-31,2026-08-31,baseline_seasonal_naive,0,0,0
K240B,EXP,2026-10-31,2026-08-31,baseline_seasonal_naive,0,0,0
K250A,DOM,2026-10-31,2026-08-31,baseline_seasonal_naive,238,143,357
K250A,EXP,2026-10-31,2026-08-31,baseline_seasonal_naive,0,0,0
K250B,DOM,2026-10-31,2026-08-31,baseline_seasonal_naive,43,26,65
K310,DOM,2026-10-31,2026-08-31,baseline_seasonal_naive,794,476,1191
K310,EXP,2026-10-31,2026-08-31,baseline_seasonal_naive,953,572,1430
K311,DOM,2026-10-31,2026-08-31,baseline_seasonal_naive,124,74,186
K311,EXP,2026-10-31,2026-08-31,baseline_seasonal_naive,0,0,0
K312,DOM,2026-10-31,2026-08-31,baseline_seasonal_naive,12,7,18
K312,EXP,2026-10-31,2026-08-31,baseline_seasonal_naive,6,4,9
K350A,DOM,2026-10-31,2026-08-31,baseline_seasonal_naive,10,6,15
K350B,DOM,2026-10-31,2026-08-31,baseline_seasonal_naive,1,1,2
K350C,DOM,2026-10-31,2026-08-31,baseline_seasonal_naive,8,5,12
K350D,DOM,2026-10-31,2026-08-31,baseline_seasonal_naive,31,19,47
K350E,DOM,2026-10-31,2026-08-31,baseline_seasonal_naive,12,7,18
K350F,DOM,2026-10-31,2026-08-31,baseline_seasonal_naive,6,4,9
T120,DOM,2026-10-31,2026-08-31,baseline_seasonal_naive,131,79,197
T120,EXP,2026-10-31,2026-08-31,baseline_seasonal_naive,741,445,1112
T121,DOM,2026-10-31,2026-08-31,baseline_seasonal_naive,1127,676,1691
T121,EXP,2026-10-31,2026-08-31,baseline_seasonal_naive,0,0,0
T122,DOM,2026-10-31,2026-08-31,baseline_seasonal_naive,100,60,150
T122,EXP,2026-10-31,2026-08-31,baseline_seasonal_naive,149,89,224
T240,DOM,2026-10-31,2026-08-31,baseline_seasonal_naive,424,254,636
T240,EXP,2026-10-31,2026-08-31,baseline_seasonal_naive,473,284,710
T241,DOM,2026-10-31,2026-08-31,baseline_seasonal_naive,38,23,57
T241,EXP,2026-10-31,2026-08-31,baseline_seasonal_naive,0,0,0
K210,DOM,2026-11-30,2026-08-31,baseline_seasonal_naive,10,6,15
K210,EXP,2026-11-30,2026-08-31,baseline_seasonal_naive,10,6,15
K210A,DOM,2026-11-30,2026-08-31,baseline_seasonal_naive,3,2,5
K210A,EXP,2026-11-30,2026-08-31,baseline_seasonal_naive,3,2,5
K210B,DOM,2026-11-30,2026-08-31,baseline_seasonal_naive,23,14,35
K210B,EXP,2026-11-30,2026-08-31,baseline_seasonal_naive,16,10,24
K210C,DOM,2026-11-30,2026-08-31,baseline_seasonal_naive,44,26,66
K210C,EXP,2026-11-30,2026-08-31,baseline_seasonal_naive,0,0,0
K210D,DOM,2026-11-30,2026-08-31,baseline_seasonal_naive,0,0,0
K210D,EXP,2026-11-30,2026-08-31,baseline_seasonal_naive,0,0,0
K240,DOM,2026-11-30,2026-08-31,baseline_seasonal_naive,9,5,14
K240,EXP,2026-11-30,2026-08-31,baseline_seasonal_naive,0,0,0
K240B,DOM,2026-11-30,2026-08-31,baseline_seasonal_naive,1,1,2
K240B,EXP,2026-11-30,2026-08-31,baseline_seasonal_naive,1,1,2
K250A,DOM,2026-11-30,2026-08-31,baseline_seasonal_naive,145,87,218
K250A,EXP,2026-11-30,2026-08-31,baseline_seasonal_naive,112,67,168
K250B,DOM,2026-11-30,2026-08-31,baseline_seasonal_naive,74,44,111
K310,DOM,2026-11-30,2026-08-31,baseline_seasonal_naive,1819,1091,2729
K310,EXP,2026-11-30,2026-08-31,baseline_seasonal_naive,0,0,0
K311,DOM,2026-11-30,2026-08-31,baseline_seasonal_naive,60,36,90
K311,EXP,2026-11-30,2026-08-31,baseline_seasonal_naive,53,32,80
K312,DOM,2026-11-30,2026-08-31,baseline_seasonal_naive,11,7,17
K312,EXP,2026-11-30,2026-08-31,baseline_seasonal_naive,6,4,9
K350A,DOM,2026-11-30,2026-08-31,baseline_seasonal_naive,8,5,12
K350B,DOM,2026-11-30,2026-08-31,baseline_seasonal_naive,2,1,3
K350C,DOM,2026-11-30,2026-08-31,baseline_seasonal_naive,17,10,26
K350D,DOM,2026-11-30,2026-08-31,baseline_seasonal_naive,6,4,9
K350E,DOM,2026-11-30,2026-08-31,baseline_seasonal_naive,14,8,21
K350F,DOM,2026-11-30,2026-08-31,baseline_seasonal_naive,5,3,8
T120,DOM,2026-11-30,2026-08-31,baseline_seasonal_naive,418,251,627
T120,EXP,2026-11-30,2026-08-31,baseline_seasonal_naive,539,323,809
T121,DOM,2026-11-30,2026-08-31,baseline_seasonal_naive,370,222,555
T121,EXP,2026-11-30,2026-08-31,baseline_seasonal_naive,356,214,534
T122,DOM,2026-11-30,2026-08-31,baseline_seasonal_naive,386,232,579
T122,EXP,2026-11-30,2026-08-31,baseline_seasonal_naive,580,348,870
T240,DOM,2026-11-30,2026-08-31,baseline_seasonal_naive,142,85,213
T240,EXP,2026-11-30,2026-08-31,baseline_seasonal_naive,805,483,1208
T241,DOM,2026-11-30,2026-08-31,baseline_seasonal_naive,17,10,26
T241,EXP,2026-11-30,2026-08-31,baseline_seasonal_naive,0,0,0
K210,DOM,2026-12-31,2026-08-31,baseline_seasonal_naive,6,4,9
K210,EXP,2026-12-31,2026-08-31,baseline_seasonal_naive,31,19,47
K210A,DOM,2026-12-31,2026-08-31,baseline_seasonal_naive,1,1,2
K210A,EXP,2026-12-31,2026-08-31,baseline_seasonal_naive,1,1,2
K210B,DOM,2026-12-31,2026-08-31,baseline_seasonal_naive,21,13,32
K210B,EXP,2026-12-31,2026-08-31,baseline_seasonal_naive,14,8,21
K210C,DOM,2026-12-31,2026-08-31,baseline_seasonal_naive,16,10,24
K210C,EXP,2026-12-31,2026-08-31,baseline_seasonal_naive,0,0,0
K210D,DOM,2026-12-31,2026-08-31,baseline_seasonal_naive,0,0,0
K210D,EXP,2026-12-31,2026-08-31,baseline_seasonal_naive,0,0,0
K240,DOM,2026-12-31,2026-08-31,baseline_seasonal_naive,5,3,8
K240,EXP,2026-12-31,2026-08-31,baseline_seasonal_naive,0,0,0
K240B,DOM,2026-12-31,2026-08-31,baseline_seasonal_naive,3,2,5
K240B,EXP,2026-12-31,2026-08-31,baseline_seasonal_naive,0,0,0
K250A,DOM,2026-12-31,2026-08-31,baseline_seasonal_naive,183,110,275
K250A,EXP,2026-12-31,2026-08-31,baseline_seasonal_naive,0,0,0
K250B,DOM,2026-12-31,2026-08-31,baseline_seasonal_naive,154,92,231
K310,DOM,2026-12-31,2026-08-31,baseline_seasonal_naive,561,337,842
K310,EXP,2026-12-31,2026-08-31,baseline_seasonal_naive,674,404,1011
K311,DOM,2026-12-31,2026-08-31,baseline_seasonal_naive,69,41,104
K311,EXP,2026-12-31,2026-08-31,baseline_seasonal_naive,61,37,92
K312,DOM,2026-12-31,2026-08-31,baseline_seasonal_naive,17,10,26
K312,EXP,2026-12-31,2026-08-31,baseline_seasonal_naive,8,5,12
K350A,DOM,2026-12-31,2026-08-31,baseline_seasonal_naive,7,4,11
K350B,DOM,2026-12-31,2026-08-31,baseline_seasonal_naive,3,2,5
K350C,DOM,2026-12-31,2026-08-31,baseline_seasonal_naive,14,8,21
K350D,DOM,2026-12-31,2026-08-31,baseline_seasonal_naive,6,4,9
K350E,DOM,2026-12-31,2026-08-31,baseline_seasonal_naive,13,8,20
K350F,DOM,2026-12-31,2026-08-31,baseline_seasonal_naive,6,4,9
T120,DOM,2026-12-31,2026-08-31,baseline_seasonal_naive,492,295,738
T120,EXP,2026-12-31,2026-08-31,baseline_seasonal_naive,635,381,953
T121,DOM,2026-12-31,2026-08-31,baseline_seasonal_naive,326,196,489
T121,EXP,2026-12-31,2026-08-31,baseline_seasonal_naive,314,188,471
T122,DOM,2026-12-31,2026-08-31,baseline_seasonal_naive,265,159,398
T122,EXP,2026-12-31,2026-08-31,baseline_seasonal_naive,0,0,0
T240,DOM,2026-12-31,2026-08-31,baseline_seasonal_naive,515,309,773
T240,EXP,2026-12-31,2026-08-31,baseline_seasonal_naive,0,0,0
T241,DOM,2026-12-31,2026-08-31,baseline_seasonal_naive,4,2,6
T241,EXP,2026-12-31,2026-08-31,baseline_seasonal_naive,7,4,11
K210,DOM,2027-01-31,2026-08-31,baseline_seasonal_naive,7,4,11
K210,EXP,2027-01-31,2026-08-31,baseline_seasonal_naive,7,4,11
K210A,DOM,2027-01-31,2026-08-31,baseline_seasonal_naive,2,1,3
K210A,EXP,2027-01-31,2026-08-31,baseline_seasonal_naive,0,0,0
K210B,DOM,2027-01-31,2026-08-31,baseline_seasonal_naive,49,29,74
K210B,EXP,2027-01-31,2026-08-31,baseline_seasonal_naive,0,0,0
K210C,DOM,2027-01-31,2026-08-31,baseline_seasonal_naive,5,3,8
K210C,EXP,2027-01-31,2026-08-31,baseline_seasonal_naive,8,5,12
K210D,DOM,2027-01-31,2026-08-31,baseline_seasonal_naive,1,1,2
K210D,EXP,2027-01-31,2026-08-31,baseline_seasonal_naive,0,0,0
K240,DOM,2027-01-31,2026-08-31,baseline_seasonal_naive,6,4,9
K240,EXP,2027-01-31,2026-08-31,baseline_seasonal_naive,0,0,0
K240B,DOM,2027-01-31,2026-08-31,baseline_seasonal_naive,1,1,2
K240B,EXP,2027-01-31,2026-08-31,baseline_seasonal_naive,1,1,2
K250A,DOM,2027-01-31,2026-08-31,baseline_seasonal_naive,130,78,195
K250A,EXP,2027-01-31,2026-08-31,baseline_seasonal_naive,101,61,152
K250B,DOM,2027-01-31,2026-08-31,baseline_seasonal_naive,67,40,101
K310,DOM,2027-01-31,2026-08-31,baseline_seasonal_naive,457,274,686
K310,EXP,2027-01-31,2026-08-31,baseline_seasonal_naive,548,329,822
K311,DOM,2027-01-31,2026-08-31,baseline_seasonal_naive,52,31,78
K311,EXP,2027-01-31,2026-08-31,baseline_seasonal_naive,47,28,71
K312,DOM,2027-01-31,2026-08-31,baseline_seasonal_naive,20,12,30
K312,EXP,2027-01-31,2026-08-31,baseline_seasonal_naive,9,5,14
K350A,DOM,2027-01-31,2026-08-31,baseline_seasonal_naive,7,4,11
K350B,DOM,2027-01-31,2026-08-31,baseline_seasonal_naive,2,1,3
K350C,DOM,2027-01-31,2026-08-31,baseline_seasonal_naive,12,7,18
K350D,DOM,2027-01-31,2026-08-31,baseline_seasonal_naive,9,5,14
K350E,DOM,2027-01-31,2026-08-31,baseline_seasonal_naive,23,14,35
K350F,DOM,2027-01-31,2026-08-31,baseline_seasonal_naive,3,2,5
T120,DOM,2027-01-31,2026-08-31,baseline_seasonal_naive,538,323,807
T120,EXP,2027-01-31,2026-08-31,baseline_seasonal_naive,0,0,0
T121,DOM,2027-01-31,2026-08-31,baseline_seasonal_naive,711,427,1067
T121,EXP,2027-01-31,2026-08-31,baseline_seasonal_naive,0,0,0
T122,DOM,2027-01-31,2026-08-31,baseline_seasonal_naive,111,67,167
T122,EXP,2027-01-31,2026-08-31,baseline_seasonal_naive,0,0,0
T240,DOM,2027-01-31,2026-08-31,baseline_seasonal_naive,341,205,512
T240,EXP,2027-01-31,2026-08-31,baseline_seasonal_naive,381,229,572
T241,DOM,2027-01-31,2026-08-31,baseline_seasonal_naive,19,11,29
T241,EXP,2027-01-31,2026-08-31,baseline_seasonal_naive,32,19,48
K210,DOM,2027-02-28,2026-08-31,baseline_seasonal_naive,12,7,18
K210,EXP,2027-02-28,2026-08-31,baseline_seasonal_naive,13,8,20
K210A,DOM,2027-02-28,2026-08-31,baseline_seasonal_naive,3,2,5
K210A,EXP,2027-02-28,2026-08-31,baseline_seasonal_naive,0,0,0
K210B,DOM,2027-02-28,2026-08-31,baseline_seasonal_naive,29,17,44
K210B,EXP,2027-02-28,2026-08-31,baseline_seasonal_naive,0,0,0
K210C,DOM,2027-02-28,2026-08-31,baseline_seasonal_naive,7,4,11
K210C,EXP,2027-02-28,2026-08-31,baseline_seasonal_naive,11,7,17
K210D,DOM,2027-02-28,2026-08-31,baseline_seasonal_naive,0,0,0
K210D,EXP,2027-02-28,2026-08-31,baseline_seasonal_naive,0,0,0
K240,DOM,2027-02-28,2026-08-31,baseline_seasonal_naive,2,1,3
K240,EXP,2027-02-28,2026-08-31,baseline_seasonal_naive,3,2,5
K240B,DOM,2027-02-28,2026-08-31,baseline_seasonal_naive,0,0,0
K240B,EXP,2027-02-28,2026-08-31,baseline_seasonal_naive,0,0,0
K250A,DOM,2027-02-28,2026-08-31,baseline_seasonal_naive,238,143,357
K250A,EXP,2027-02-28,2026-08-31,baseline_seasonal_naive,0,0,0
K250B,DOM,2027-02-28,2026-08-31,baseline_seasonal_naive,70,42,105
K310,DOM,2027-02-28,2026-08-31,baseline_seasonal_naive,430,258,645
K310,EXP,2027-02-28,2026-08-31,baseline_seasonal_naive,515,309,773
K311,DOM,2027-02-28,2026-08-31,baseline_seasonal_naive,117,70,176
K311,EXP,2027-02-28,2026-08-31,baseline_seasonal_naive,0,0,0
K312,DOM,2027-02-28,2026-08-31,baseline_seasonal_naive,17,10,26
K312,EXP,2027-02-28,2026-08-31,baseline_seasonal_naive,9,5,14
K350A,DOM,2027-02-28,2026-08-31,baseline_seasonal_naive,11,7,17
K350B,DOM,2027-02-28,2026-08-31,baseline_seasonal_naive,1,1,2
K350C,DOM,2027-02-28,2026-08-31,baseline_seasonal_naive,14,8,21
K350D,DOM,2027-02-28,2026-08-31,baseline_seasonal_naive,16,10,24
K350E,DOM,2027-02-28,2026-08-31,baseline_seasonal_naive,22,13,33
K350F,DOM,2027-02-28,2026-08-31,baseline_seasonal_naive,4,2,6
T120,DOM,2027-02-28,2026-08-31,baseline_seasonal_naive,796,478,1194
T120,EXP,2027-02-28,2026-08-31,baseline_seasonal_naive,0,0,0
T121,DOM,2027-02-28,2026-08-31,baseline_seasonal_naive,486,292,729
T121,EXP,2027-02-28,2026-08-31,baseline_seasonal_naive,0,0,0
T122,DOM,2027-02-28,2026-08-31,baseline_seasonal_naive,414,248,621
T122,EXP,2027-02-28,2026-08-31,baseline_seasonal_naive,622,373,933
T240,DOM,2027-02-28,2026-08-31,baseline_seasonal_naive,194,116,291
T240,EXP,2027-02-28,2026-08-31,baseline_seasonal_naive,216,130,324
T241,DOM,2027-02-28,2026-08-31,baseline_seasonal_naive,4,2,6
T241,EXP,2027-02-28,2026-08-31,baseline_seasonal_naive,0,0,0
K210,DOM,2027-03-31,2026-08-31,baseline_seasonal_naive,12,7,18
K210,EXP,2027-03-31,2026-08-31,baseline_seasonal_naive,13,8,20
K210A,DOM,2027-03-31,2026-08-31,baseline_seasonal_naive,0,0,0
K210A,EXP,2027-03-31,2026-08-31,baseline_seasonal_naive,1,1,2
K210B,DOM,2027-03-31,2026-08-31,baseline_seasonal_naive,43,26,65
K210B,EXP,2027-03-31,2026-08-31,baseline_seasonal_naive,0,0,0
K210C,DOM,2027-03-31,2026-08-31,baseline_seasonal_naive,2,1,3
K210C,EXP,2027-03-31,2026-08-31,baseline_seasonal_naive,3,2,5
K210D,DOM,2027-03-31,2026-08-31,baseline_seasonal_naive,0,0,0
K210D,EXP,2027-03-31,2026-08-31,baseline_seasonal_naive,0,0,0
K240,DOM,2027-03-31,2026-08-31,baseline_seasonal_naive,0,0,0
K240,EXP,2027-03-31,2026-08-31,baseline_seasonal_naive,0,0,0
K240B,DOM,2027-03-31,2026-08-31,baseline_seasonal_naive,1,1,2
K240B,EXP,2027-03-31,2026-08-31,baseline_seasonal_naive,0,0,0
K250A,DOM,2027-03-31,2026-08-31,baseline_seasonal_naive,160,96,240
K250A,EXP,2027-03-31,2026-08-31,baseline_seasonal_naive,123,74,185
K250B,DOM,2027-03-31,2026-08-31,baseline_seasonal_naive,70,42,105
K310,DOM,2027-03-31,2026-08-31,baseline_seasonal_naive,1202,721,1803
K310,EXP,2027-03-31,2026-08-31,baseline_seasonal_naive,1442,865,2163
K311,DOM,2027-03-31,2026-08-31,baseline_seasonal_naive,162,97,243
K311,EXP,2027-03-31,2026-08-31,baseline_seasonal_naive,0,0,0
K312,DOM,2027-03-31,2026-08-31,baseline_seasonal_naive,9,5,14
K312,EXP,2027-03-31,2026-08-31,baseline_seasonal_naive,4,2,6
K350A,DOM,2027-03-31,2026-08-31,baseline_seasonal_naive,10,6,15
K350B,DOM,2027-03-31,2026-08-31,baseline_seasonal_naive,3,2,5
K350C,DOM,2027-03-31,2026-08-31,baseline_seasonal_naive,15,9,23
K350D,DOM,2027-03-31,2026-08-31,baseline_seasonal_naive,9,5,14
K350E,DOM,2027-03-31,2026-08-31,baseline_seasonal_naive,24,14,36
K350F,DOM,2027-03-31,2026-08-31,baseline_seasonal_naive,2,1,3
T120,DOM,2027-03-31,2026-08-31,baseline_seasonal_naive,1040,624,1560
T120,EXP,2027-03-31,2026-08-31,baseline_seasonal_naive,0,0,0
T121,DOM,2027-03-31,2026-08-31,baseline_seasonal_naive,619,371,929
T121,EXP,2027-03-31,2026-08-31,baseline_seasonal_naive,0,0,0
T122,DOM,2027-03-31,2026-08-31,baseline_seasonal_naive,35,21,53
T122,EXP,2027-03-31,2026-08-31,baseline_seasonal_naive,196,118,294
T240,DOM,2027-03-31,2026-08-31,baseline_seasonal_naive,543,326,815
T240,EXP,2027-03-31,2026-08-31,baseline_seasonal_naive,605,363,908
T241,DOM,2027-03-31,2026-08-31,baseline_seasonal_naive,19,11,29
T241,EXP,2027-03-31,2026-08-31,baseline_seasonal_naive,30,18,45
K210,DOM,2027-04-30,2026-08-31,baseline_seasonal_naive,27,16,41
K210,EXP,2027-04-30,2026-08-31,baseline_seasonal_naive,0,0,0
K210A,DOM,2027-04-30,2026-08-31,baseline_seasonal_naive,0,0,0
K210A,EXP,2027-04-30,2026-08-31,baseline_seasonal_naive,1,1,2
K210B,DOM,2027-04-30,2026-08-31,baseline_seasonal_naive,81,49,122
K210B,EXP,2027-04-30,2026-08-31,baseline_seasonal_naive,0,0,0
K210C,DOM,2027-04-30,2026-08-31,baseline_seasonal_naive,4,2,6
K210C,EXP,2027-04-30,2026-08-31,baseline_seasonal_naive,0,0,0
K210D,DOM,2027-04-30,2026-08-31,baseline_seasonal_naive,0,0,0
K210D,EXP,2027-04-30,2026-08-31,baseline_seasonal_naive,0,0,0
K240,DOM,2027-04-30,2026-08-31,baseline_seasonal_naive,2,1,3
K240,EXP,2027-04-30,2026-08-31,baseline_seasonal_naive,2,1,3
K240B,DOM,2027-04-30,2026-08-31,baseline_seasonal_naive,0,0,0
K240B,EXP,2027-04-30,2026-08-31,baseline_seasonal_naive,0,0,0
K250A,DOM,2027-04-30,2026-08-31,baseline_seasonal_naive,229,137,344
K250A,EXP,2027-04-30,2026-08-31,baseline_seasonal_naive,0,0,0
K250B,DOM,2027-04-30,2026-08-31,baseline_seasonal_naive,40,24,60
K310,DOM,2027-04-30,2026-08-31,baseline_seasonal_naive,1443,866,2165
K310,EXP,2027-04-30,2026-08-31,baseline_seasonal_naive,0,0,0
K311,DOM,2027-04-30,2026-08-31,baseline_seasonal_naive,55,33,83
K311,EXP,2027-04-30,2026-08-31,baseline_seasonal_naive,50,30,75
K312,DOM,2027-04-30,2026-08-31,baseline_seasonal_naive,25,15,38
K312,EXP,2027-04-30,2026-08-31,baseline_seasonal_naive,0,0,0
K350A,DOM,2027-04-30,2026-08-31,baseline_seasonal_naive,10,6,15
K350B,DOM,2027-04-30,2026-08-31,baseline_seasonal_naive,2,1,3
K350C,DOM,2027-04-30,2026-08-31,baseline_seasonal_naive,8,5,12
K350D,DOM,2027-04-30,2026-08-31,baseline_seasonal_naive,2,1,3
K350E,DOM,2027-04-30,2026-08-31,baseline_seasonal_naive,14,8,21
K350F,DOM,2027-04-30,2026-08-31,baseline_seasonal_naive,10,6,15
T120,DOM,2027-04-30,2026-08-31,baseline_seasonal_naive,406,244,609
T120,EXP,2027-04-30,2026-08-31,baseline_seasonal_naive,524,314,786
T121,DOM,2027-04-30,2026-08-31,baseline_seasonal_naive,670,402,1005
T121,EXP,2027-04-30,2026-08-31,baseline_seasonal_naive,0,0,0
T122,DOM,2027-04-30,2026-08-31,baseline_seasonal_naive,509,305,764
T122,EXP,2027-04-30,2026-08-31,baseline_seasonal_naive,0,0,0
T240,DOM,2027-04-30,2026-08-31,baseline_seasonal_naive,297,178,446
T240,EXP,2027-04-30,2026-08-31,baseline_seasonal_naive,332,199,498
T241,DOM,2027-04-30,2026-08-31,baseline_seasonal_naive,18,11,27
T241,EXP,2027-04-30,2026-08-31,baseline_seasonal_naive,0,0,0
K210,DOM,2027-05-31,2026-08-31,baseline_seasonal_naive,12,7,18
K210,EXP,2027-05-31,2026-08-31,baseline_seasonal_naive,12,7,18
K210A,DOM,2027-05-31,2026-08-31,baseline_seasonal_naive,0,0,0
K210A,EXP,2027-05-31,2026-08-31,baseline_seasonal_naive,0,0,0
K210B,DOM,2027-05-31,2026-08-31,baseline_seasonal_naive,49,29,74
K210B,EXP,2027-05-31,2026-08-31,baseline_seasonal_naive,32,19,48
K210C,DOM,2027-05-31,2026-08-31,baseline_seasonal_naive,9,5,14
K210C,EXP,2027-05-31,2026-08-31,baseline_seasonal_naive,0,0,0
K210D,DOM,2027-05-31,2026-08-31,baseline_seasonal_naive,1,1,2
K210D,EXP,2027-05-31,2026-08-31,baseline_seasonal_naive,0,0,0
K240,DOM,2027-05-31,2026-08-31,baseline_seasonal_naive,10,6,15
K240,EXP,2027-05-31,2026-08-31,baseline_seasonal_naive,0,0,0
K240B,DOM,2027-05-31,2026-08-31,baseline_seasonal_naive,2,1,3
K240B,EXP,2027-05-31,2026-08-31,baseline_seasonal_naive,0,0,0
K250A,DOM,2027-05-31,2026-08-31,baseline_seasonal_naive,161,97,242
K250A,EXP,2027-05-31,2026-08-31,baseline_seasonal_naive,125,75,188
K250B,DOM,2027-05-31,2026-08-31,baseline_seasonal_naive,70,42,105
K310,DOM,2027-05-31,2026-08-31,baseline_seasonal_naive,610,366,915
K310,EXP,2027-05-31,2026-08-31,baseline_seasonal_naive,733,440,1100
K311,DOM,2027-05-31,2026-08-31,baseline_seasonal_naive,101,61,152
K311,EXP,2027-05-31,2026-08-31,baseline_seasonal_naive,0,0,0
K312,DOM,2027-05-31,2026-08-31,baseline_seasonal_naive,4,2,6
K312,EXP,2027-05-31,2026-08-31,baseline_seasonal_naive,22,13,33
K350A,DOM,2027-05-31,2026-08-31,baseline_seasonal_naive,7,4,11
K350B,DOM,2027-05-31,2026-08-31,baseline_seasonal_naive,2,1,3
K350C,DOM,2027-05-31,2026-08-31,baseline_seasonal_naive,3,2,5
K350D,DOM,2027-05-31,2026-08-31,baseline_seasonal_naive,25,15,38
K350E,DOM,2027-05-31,2026-08-31,baseline_seasonal_naive,12,7,18
K350F,DOM,2027-05-31,2026-08-31,baseline_seasonal_naive,4,2,6
T120,DOM,2027-05-31,2026-08-31,baseline_seasonal_naive,244,146,366
T120,EXP,2027-05-31,2026-08-31,baseline_seasonal_naive,315,189,473
T121,DOM,2027-05-31,2026-08-31,baseline_seasonal_naive,331,199,497
T121,EXP,2027-05-31,2026-08-31,baseline_seasonal_naive,320,192,480
T122,DOM,2027-05-31,2026-08-31,baseline_seasonal_naive,308,185,462
T122,EXP,2027-05-31,2026-08-31,baseline_seasonal_naive,0,0,0
T240,DOM,2027-05-31,2026-08-31,baseline_seasonal_naive,1037,622,1556
T240,EXP,2027-05-31,2026-08-31,baseline_seasonal_naive,0,0,0
T241,DOM,2027-05-31,2026-08-31,baseline_seasonal_naive,2,1,3
T241,EXP,2027-05-31,2026-08-31,baseline_seasonal_naive,2,1,3
K210,DOM,2027-06-30,2026-08-31,baseline_seasonal_naive,37,22,56
K210,EXP,2027-06-30,2026-08-31,baseline_seasonal_naive,0,0,0
K210A,DOM,2027-06-30,2026-08-31,baseline_seasonal_naive,0,0,0
K210A,EXP,2027-06-30,2026-08-31,baseline_seasonal_naive,1,1,2
K210B,DOM,2027-06-30,2026-08-31,baseline_seasonal_naive,32,19,48
K210B,EXP,2027-06-30,2026-08-31,baseline_seasonal_naive,0,0,0
K210C,DOM,2027-06-30,2026-08-31,baseline_seasonal_naive,7,4,11
K210C,EXP,2027-06-30,2026-08-31,baseline_seasonal_naive,12,7,18
K210D,DOM,2027-06-30,2026-08-31,baseline_seasonal_naive,0,0,0
K210D,EXP,2027-06-30,2026-08-31,baseline_seasonal_naive,0,0,0
K240,DOM,2027-06-30,2026-08-31,baseline_seasonal_naive,2,1,3
K240,EXP,2027-06-30,2026-08-31,baseline_seasonal_naive,0,0,0
K240B,DOM,2027-06-30,2026-08-31,baseline_seasonal_naive,1,1,2
K240B,EXP,2027-06-30,2026-08-31,baseline_seasonal_naive,0,0,0
K250A,DOM,2027-06-30,2026-08-31,baseline_seasonal_naive,102,61,153
K250A,EXP,2027-06-30,2026-08-31,baseline_seasonal_naive,79,47,119
K250B,DOM,2027-06-30,2026-08-31,baseline_seasonal_naive,78,47,117
K310,DOM,2027-06-30,2026-08-31,baseline_seasonal_naive,473,284,710
K310,EXP,2027-06-30,2026-08-31,baseline_seasonal_naive,568,341,852
K311,DOM,2027-06-30,2026-08-31,baseline_seasonal_naive,90,54,135
K311,EXP,2027-06-30,2026-08-31,baseline_seasonal_naive,0,0,0
K312,DOM,2027-06-30,2026-08-31,baseline_seasonal_naive,10,6,15
K312,EXP,2027-06-30,2026-08-31,baseline_seasonal_naive,5,3,8
K350A,DOM,2027-06-30,2026-08-31,baseline_seasonal_naive,11,7,17
K350B,DOM,2027-06-30,2026-08-31,baseline_seasonal_naive,2,1,3
K350C,DOM,2027-06-30,2026-08-31,baseline_seasonal_naive,9,5,14
K350D,DOM,2027-06-30,2026-08-31,baseline_seasonal_naive,7,4,11
K350E,DOM,2027-06-30,2026-08-31,baseline_seasonal_naive,38,23,57
K350F,DOM,2027-06-30,2026-08-31,baseline_seasonal_naive,7,4,11
T120,DOM,2027-06-30,2026-08-31,baseline_seasonal_naive,241,145,362
T120,EXP,2027-06-30,2026-08-31,baseline_seasonal_naive,311,187,467
T121,DOM,2027-06-30,2026-08-31,baseline_seasonal_naive,139,83,209
T121,EXP,2027-06-30,2026-08-31,baseline_seasonal_naive,786,472,1179
T122,DOM,2027-06-30,2026-08-31,baseline_seasonal_naive,246,148,369
T122,EXP,2027-06-30,2026-08-31,baseline_seasonal_naive,368,221,552
T240,DOM,2027-06-30,2026-08-31,baseline_seasonal_naive,513,308,770
T240,EXP,2027-06-30,2026-08-31,baseline_seasonal_naive,572,343,858
T241,DOM,2027-06-30,2026-08-31,baseline_seasonal_naive,2,1,3
T241,EXP,2027-06-30,2026-08-31,baseline_seasonal_naive,12,7,18
K210,DOM,2027-07-31,2026-08-31,baseline_seasonal_naive,9,5,14
K210,EXP,2027-07-31,2026-08-31,baseline_seasonal_naive,10,6,15
K210A,DOM,2027-07-31,2026-08-31,baseline_seasonal_naive,2,1,3
K210A,EXP,2027-07-31,2026-08-31,baseline_seasonal_naive,2,1,3
K210B,DOM,2027-07-31,2026-08-31,baseline_seasonal_naive,13,8,20
K210B,EXP,2027-07-31,2026-08-31,baseline_seasonal_naive,9,5,14
K210C,DOM,2027-07-31,2026-08-31,baseline_seasonal_naive,5,3,8
K210C,EXP,2027-07-31,2026-08-31,baseline_seasonal_naive,9,5,14
K210D,DOM,2027-07-31,2026-08-31,baseline_seasonal_naive,1,1,2
K210D,EXP,2027-07-31,2026-08-31,baseline_seasonal_naive,1,1,2
K240,DOM,2027-07-31,2026-08-31,baseline_seasonal_naive,3,2,5
K240,EXP,2027-07-31,2026-08-31,baseline_seasonal_naive,3,2,5
K240B,DOM,2027-07-31,2026-08-31,baseline_seasonal_naive,6,4,9
K240B,EXP,2027-07-31,2026-08-31,baseline_seasonal_naive,0,0,0
K250A,DOM,2027-07-31,2026-08-31,baseline_seasonal_naive,147,88,221
K250A,EXP,2027-07-31,2026-08-31,baseline_seasonal_naive,114,68,171
K250B,DOM,2027-07-31,2026-08-31,baseline_seasonal_naive,57,34,86
K310,DOM,2027-07-31,2026-08-31,baseline_seasonal_naive,1354,812,2031
K310,EXP,2027-07-31,2026-08-31,baseline_seasonal_naive,0,0,0
K311,DOM,2027-07-31,2026-08-31,baseline_seasonal_naive,49,29,74
K311,EXP,2027-07-31,2026-08-31,baseline_seasonal_naive,44,26,66
K312,DOM,2027-07-31,2026-08-31,baseline_seasonal_naive,22,13,33
K312,EXP,2027-07-31,2026-08-31,baseline_seasonal_naive,0,0,0
K350A,DOM,2027-07-31,2026-08-31,baseline_seasonal_naive,16,10,24
K350B,DOM,2027-07-31,2026-08-31,baseline_seasonal_naive,3,2,5
K350C,DOM,2027-07-31,2026-08-31,baseline_seasonal_naive,7,4,11
K350D,DOM,2027-07-31,2026-08-31,baseline_seasonal_naive,4,2,6
K350E,DOM,2027-07-31,2026-08-31,baseline_seasonal_naive,32,19,48
K350F,DOM,2027-07-31,2026-08-31,baseline_seasonal_naive,3,2,5
T120,DOM,2027-07-31,2026-08-31,baseline_seasonal_naive,440,264,660
T120,EXP,2027-07-31,2026-08-31,baseline_seasonal_naive,0,0,0
T121,DOM,2027-07-31,2026-08-31,baseline_seasonal_naive,217,130,326
T121,EXP,2027-07-31,2026-08-31,baseline_seasonal_naive,210,126,315
T122,DOM,2027-07-31,2026-08-31,baseline_seasonal_naive,282,169,423
T122,EXP,2027-07-31,2026-08-31,baseline_seasonal_naive,0,0,0
T240,DOM,2027-07-31,2026-08-31,baseline_seasonal_naive,304,182,456
T240,EXP,2027-07-31,2026-08-31,baseline_seasonal_naive,339,203,509
T241,DOM,2027-07-31,2026-08-31,baseline_seasonal_naive,18,11,27
T241,EXP,2027-07-31,2026-08-31,baseline_seasonal_naive,0,0,0
K210,DOM,2027-08-31,2026-08-31,baseline_seasonal_naive,22,13,33
K210,EXP,2027-08-31,2026-08-31,baseline_seasonal_naive,0,0,0
K210A,DOM,2027-08-31,2026-08-31,baseline_seasonal_naive,2,1,3
K210A,EXP,2027-08-31,2026-08-31,baseline_seasonal_naive,0,0,0
K210B,DOM,2027-08-31,2026-08-31,baseline_seasonal_naive,26,16,39
K210B,EXP,2027-08-31,2026-08-31,baseline_seasonal_naive,0,0,0
K210C,DOM,2027-08-31,2026-08-31,baseline_seasonal_naive,17,10,26
K210C,EXP,2027-08-31,2026-08-31,baseline_seasonal_naive,29,17,44
K210D,DOM,2027-08-31,2026-08-31,baseline_seasonal_naive,0,0,0
K210D,EXP,2027-08-31,2026-08-31,baseline_seasonal_naive,0,0,0
K240,DOM,2027-08-31,2026-08-31,baseline_seasonal_naive,2,1,3
K240,EXP,2027-08-31,2026-08-31,baseline_seasonal_naive,3,2,5
K240B,DOM,2027-08-31,2026-08-31,baseline_seasonal_naive,0,0,0
K240B,EXP,2027-08-31,2026-08-31,baseline_seasonal_naive,0,0,0
K250A,DOM,2027-08-31,2026-08-31,baseline_seasonal_naive,107,64,161
K250A,EXP,2027-08-31,2026-08-31,baseline_seasonal_naive,83,50,125
K250B,DOM,2027-08-31,2026-08-31,baseline_seasonal_naive,40,24,60
K310,DOM,2027-08-31,2026-08-31,baseline_seasonal_naive,878,527,1317
K310,EXP,2027-08-31,2026-08-31,baseline_seasonal_naive,1054,632,1581
K311,DOM,2027-08-31,2026-08-31,baseline_seasonal_naive,158,95,237
K311,EXP,2027-08-31,2026-08-31,baseline_seasonal_naive,0,0,0
K312,DOM,2027-08-31,2026-08-31,baseline_seasonal_naive,9,5,14
K312,EXP,2027-08-31,2026-08-31,baseline_seasonal_naive,4,2,6
K350A,DOM,2027-08-31,2026-08-31,baseline_seasonal_naive,17,10,26
K350B,DOM,2027-08-31,2026-08-31,baseline_seasonal_naive,2,1,3
K350C,DOM,2027-08-31,2026-08-31,baseline_seasonal_naive,7,4,11
K350D,DOM,2027-08-31,2026-08-31,baseline_seasonal_naive,45,27,68
K350E,DOM,2027-08-31,2026-08-31,baseline_seasonal_naive,24,14,36
K350F,DOM,2027-08-31,2026-08-31,baseline_seasonal_naive,5,3,8
T120,DOM,2027-08-31,2026-08-31,baseline_seasonal_naive,601,361,902
T120,EXP,2027-08-31,2026-08-31,baseline_seasonal_naive,0,0,0
T121,DOM,2027-08-31,2026-08-31,baseline_seasonal_naive,759,455,1139
T121,EXP,2027-08-31,2026-08-31,baseline_seasonal_naive,0,0,0
T122,DOM,2027-08-31,2026-08-31,baseline_seasonal_naive,339,203,509
T122,EXP,2027-08-31,2026-08-31,baseline_seasonal_naive,0,0,0
T240,DOM,2027-08-31,2026-08-31,baseline_seasonal_naive,582,349,873
T240,EXP,2027-08-31,2026-08-31,baseline_seasonal_naive,0,0,0
T241,DOM,2027-08-31,2026-08-31,baseline_seasonal_naive,5,3,8
T241,EXP,2027-08-31,2026-08-31,baseline_seasonal_naive,0,0,0
K210,DOM,2027-09-30,2026-08-31,baseline_seasonal_naive,15,9,23
K210,EXP,2027-09-30,2026-08-31,baseline_seasonal_naive,16,10,24
K210A,DOM,2027-09-30,2026-08-31,baseline_seasonal_naive,0,0,0
K210A,EXP,2027-09-30,2026-08-31,baseline_seasonal_naive,0,0,0
K210B,DOM,2027-09-30,2026-08-31,baseline_seasonal_naive,24,14,36
K210B,EXP,2027-09-30,2026-08-31,baseline_seasonal_naive,16,10,24
K210C,DOM,2027-09-30,2026-08-31,baseline_seasonal_naive,20,12,30
K210C,EXP,2027-09-30,2026-08-31,baseline_seasonal_naive,0,0,0
K210D,DOM,2027-09-30,2026-08-31,baseline_seasonal_naive,0,0,0
K210D,EXP,2027-09-30,2026-08-31,baseline_seasonal_naive,0,0,0
K240,DOM,2027-09-30,2026-08-31,baseline_seasonal_naive,8,5,12
K240,EXP,2027-09-30,2026-08-31,baseline_seasonal_naive,10,6,15
K240B,DOM,2027-09-30,2026-08-31,baseline_seasonal_naive,5,3,8
K240B,EXP,2027-09-30,2026-08-31,baseline_seasonal_naive,0,0,0
K250A,DOM,2027-09-30,2026-08-31,baseline_seasonal_naive,185,111,278
K250A,EXP,2027-09-30,2026-08-31,baseline_seasonal_naive,144,86,216
K250B,DOM,2027-09-30,2026-08-31,baseline_seasonal_naive,29,17,44
K310,DOM,2027-09-30,2026-08-31,baseline_seasonal_naive,1165,699,1748
K310,EXP,2027-09-30,2026-08-31,baseline_seasonal_naive,0,0,0
K311,DOM,2027-09-30,2026-08-31,baseline_seasonal_naive,61,37,92
K311,EXP,2027-09-30,2026-08-31,baseline_seasonal_naive,0,0,0
K312,DOM,2027-09-30,2026-08-31,baseline_seasonal_naive,37,22,56
K312,EXP,2027-09-30,2026-08-31,baseline_seasonal_naive,0,0,0
K350A,DOM,2027-09-30,2026-08-31,baseline_seasonal_naive,9,5,14
K350B,DOM,2027-09-30,2026-08-31,baseline_seasonal_naive,1,1,2
K350C,DOM,2027-09-30,2026-08-31,baseline_seasonal_naive,12,7,18
K350D,DOM,2027-09-30,2026-08-31,baseline_seasonal_naive,12,7,18
K350E,DOM,2027-09-30,2026-08-31,baseline_seasonal_naive,16,10,24
K350F,DOM,2027-09-30,2026-08-31,baseline_seasonal_naive,5,3,8
T120,DOM,2027-09-30,2026-08-31,baseline_seasonal_naive,628,377,942
T120,EXP,2027-09-30,2026-08-31,baseline_seasonal_naive,0,0,0
T121,DOM,2027-09-30,2026-08-31,baseline_seasonal_naive,1173,704,1760
T121,EXP,2027-09-30,2026-08-31,baseline_seasonal_naive,0,0,0
T122,DOM,2027-09-30,2026-08-31,baseline_seasonal_naive,316,190,474
T122,EXP,2027-09-30,2026-08-31,baseline_seasonal_naive,473,284,710
T240,DOM,2027-09-30,2026-08-31,baseline_seasonal_naive,564,338,846
T240,EXP,2027-09-30,2026-08-31,baseline_seasonal_naive,630,378,945
T241,DOM,2027-09-30,2026-08-31,baseline_seasonal_naive,17,10,26
T241,EXP,2027-09-30,2026-08-31,baseline_seasonal_naive,0,0,0
K210,DOM,2027-10-31,2026-08-31,baseline_seasonal_naive,18,11,27
K210,EXP,2027-10-31,2026-08-31,baseline_seasonal_naive,0,0,0
K210A,DOM,2027-10-31,2026-08-31,baseline_seasonal_naive,0,0,0
K210A,EXP,2027-10-31,2026-08-31,baseline_seasonal_naive,1,1,2
K210B,DOM,2027-10-31,2026-08-31,baseline_seasonal_naive,17,10,26
K210B,EXP,2027-10-31,2026-08-31,baseline_seasonal_naive,11,7,17
K210C,DOM,2027-10-31,2026-08-31,baseline_seasonal_naive,118,71,177
K210C,EXP,2027-10-31,2026-08-31,baseline_seasonal_naive,0,0,0
K210D,DOM,2027-10-31,2026-08-31,baseline_seasonal_naive,0,0,0
K210D,EXP,2027-10-31,2026-08-31,baseline_seasonal_naive,0,0,0
K240,DOM,2027-10-31,2026-08-31,baseline_seasonal_naive,1,1,2
K240,EXP,2027-10-31,2026-08-31,baseline_seasonal_naive,1,1,2
K240B,DOM,2027-10-31,2026-08-31,baseline_seasonal_naive,0,0,0
K240B,EXP,2027-10-31,2026-08-31,baseline_seasonal_naive,0,0,0
K250A,DOM,2027-10-31,2026-08-31,baseline_seasonal_naive,238,143,357
K250A,EXP,2027-10-31,2026-08-31,baseline_seasonal_naive,0,0,0
K250B,DOM,2027-10-31,2026-08-31,baseline_seasonal_naive,43,26,65
K310,DOM,2027-10-31,2026-08-31,baseline_seasonal_naive,794,476,1191
K310,EXP,2027-10-31,2026-08-31,baseline_seasonal_naive,953,572,1430
K311,DOM,2027-10-31,2026-08-31,baseline_seasonal_naive,124,74,186
K311,EXP,2027-10-31,2026-08-31,baseline_seasonal_naive,0,0,0
K312,DOM,2027-10-31,2026-08-31,baseline_seasonal_naive,12,7,18
K312,EXP,2027-10-31,2026-08-31,baseline_seasonal_naive,6,4,9
K350A,DOM,2027-10-31,2026-08-31,baseline_seasonal_naive,10,6,15
K350B,DOM,2027-10-31,2026-08-31,baseline_seasonal_naive,1,1,2
K350C,DOM,2027-10-31,2026-08-31,baseline_seasonal_naive,8,5,12
K350D,DOM,2027-10-31,2026-08-31,baseline_seasonal_naive,31,19,47
K350E,DOM,2027-10-31,2026-08-31,baseline_seasonal_naive,12,7,18
K350F,DOM,2027-10-31,2026-08-31,baseline_seasonal_naive,6,4,9
T120,DOM,2027-10-31,2026-08-31,baseline_seasonal_naive,131,79,197
T120,EXP,2027-10-31,2026-08-31,baseline_seasonal_naive,741,445,1112
T121,DOM,2027-10-31,2026-08-31,baseline_seasonal_naive,1127,676,1691
T121,EXP,2027-10-31,2026-08-31,baseline_seasonal_naive,0,0,0
T122,DOM,2027-10-31,2026-08-31,baseline_seasonal_naive,100,60,150
T122,EXP,2027-10-31,2026-08-31,baseline_seasonal_naive,149,89,224
T240,DOM,2027-10-31,2026-08-31,baseline_seasonal_naive,424,254,636
T240,EXP,2027-10-31,2026-08-31,baseline_seasonal_naive,473,284,710
T241,DOM,2027-10-31,2026-08-31,baseline_seasonal_naive,38,23,57
T241,EXP,2027-10-31,2026-08-31,baseline_seasonal_naive,0,0,0
K210,DOM,2027-11-30,2026-08-31,baseline_seasonal_naive,10,6,15
K210,EXP,2027-11-30,2026-08-31,baseline_seasonal_naive,10,6,15
K210A,DOM,2027-11-30,2026-08-31,baseline_seasonal_naive,3,2,5
K210A,EXP,2027-11-30,2026-08-31,baseline_seasonal_naive,3,2,5
K210B,DOM,2027-11-30,2026-08-31,baseline_seasonal_naive,23,14,35
K210B,EXP,2027-11-30,2026-08-31,baseline_seasonal_naive,16,10,24
K210C,DOM,2027-11-30,2026-08-31,baseline_seasonal_naive,44,26,66
K210C,EXP,2027-11-30,2026-08-31,baseline_seasonal_naive,0,0,0
K210D,DOM,2027-11-30,2026-08-31,baseline_seasonal_naive,0,0,0
K210D,EXP,2027-11-30,2026-08-31,baseline_seasonal_naive,0,0,0
K240,DOM,2027-11-30,2026-08-31,baseline_seasonal_naive,9,5,14
K240,EXP,2027-11-30,2026-08-31,baseline_seasonal_naive,0,0,0
K240B,DOM,2027-11-30,2026-08-31,baseline_seasonal_naive,1,1,2
K240B,EXP,2027-11-30,2026-08-31,baseline_seasonal_naive,1,1,2
K250A,DOM,2027-11-30,2026-08-31,baseline_seasonal_naive,145,87,218
K250A,EXP,2027-11-30,2026-08-31,baseline_seasonal_naive,112,67,168
K250B,DOM,2027-11-30,2026-08-31,baseline_seasonal_naive,74,44,111
K310,DOM,2027-11-30,2026-08-31,baseline_seasonal_naive,1819,1091,2729
K310,EXP,2027-11-30,2026-08-31,baseline_seasonal_naive,0,0,0
K311,DOM,2027-11-30,2026-08-31,baseline_seasonal_naive,60,36,90
K311,EXP,2027-11-30,2026-08-31,baseline_seasonal_naive,53,32,80
K312,DOM,2027-11-30,2026-08-31,baseline_seasonal_naive,11,7,17
K312,EXP,2027-11-30,2026-08-31,baseline_seasonal_naive,6,4,9
K350A,DOM,2027-11-30,2026-08-31,baseline_seasonal_naive,8,5,12
K350B,DOM,2027-11-30,2026-08-31,baseline_seasonal_naive,2,1,3
K350C,DOM,2027-11-30,2026-08-31,baseline_seasonal_naive,17,10,26
K350D,DOM,2027-11-30,2026-08-31,baseline_seasonal_naive,6,4,9
K350E,DOM,2027-11-30,2026-08-31,baseline_seasonal_naive,14,8,21
K350F,DOM,2027-11-30,2026-08-31,baseline_seasonal_naive,5,3,8
T120,DOM,2027-11-30,2026-08-31,baseline_seasonal_naive,418,251,627
T120,EXP,2027-11-30,2026-08-31,baseline_seasonal_naive,539,323,809
T121,DOM,2027-11-30,2026-08-31,baseline_seasonal_naive,370,222,555
T121,EXP,2027-11-30,2026-08-31,baseline_seasonal_naive,356,214,534
T122,DOM,2027-11-30,2026-08-31,baseline_seasonal_naive,386,232,579
T122,EXP,2027-11-30,2026-08-31,baseline_seasonal_naive,580,348,870
T240,DOM,2027-11-30,2026-08-31,baseline_seasonal_naive,142,85,213
T240,EXP,2027-11-30,2026-08-31,baseline_seasonal_naive,805,483,1208
T241,DOM,2027-11-30,2026-08-31,baseline_seasonal_naive,17,10,26
T241,EXP,2027-11-30,2026-08-31,baseline_seasonal_naive,0,0,0
K210,DOM,2027-12-31,2026-08-31,baseline_seasonal_naive,6,4,9
K210,EXP,2027-12-31,2026-08-31,baseline_seasonal_naive,31,19,47
K210A,DOM,2027-12-31,2026-08-31,baseline_seasonal_naive,1,1,2
K210A,EXP,2027-12-31,2026-08-31,baseline_seasonal_naive,1,1,2
K210B,DOM,2027-12-31,2026-08-31,baseline_seasonal_naive,21,13,32
K210B,EXP,2027-12-31,2026-08-31,baseline_seasonal_naive,14,8,21
K210C,DOM,2027-12-31,2026-08-31,baseline_seasonal_naive,16,10,24
K210C,EXP,2027-12-31,2026-08-31,baseline_seasonal_naive,0,0,0
K210D,DOM,2027-12-31,2026-08-31,baseline_seasonal_naive,0,0,0
K210D,EXP,2027-12-31,2026-08-31,baseline_seasonal_naive,0,0,0
K240,DOM,2027-12-31,2026-08-31,baseline_seasonal_naive,5,3,8
K240,EXP,2027-12-31,2026-08-31,baseline_seasonal_naive,0,0,0
K240B,DOM,2027-12-31,2026-08-31,baseline_seasonal_naive,3,2,5
K240B,EXP,2027-12-31,2026-08-31,baseline_seasonal_naive,0,0,0
K250A,DOM,2027-12-31,2026-08-31,baseline_seasonal_naive,183,110,275
K250A,EXP,2027-12-31,2026-08-31,baseline_seasonal_naive,0,0,0
K250B,DOM,2027-12-31,2026-08-31,baseline_seasonal_naive,154,92,231
K310,DOM,2027-12-31,2026-08-31,baseline_seasonal_naive,561,337,842
K310,EXP,2027-12-31,2026-08-31,baseline_seasonal_naive,674,404,1011
K311,DOM,2027-12-31,2026-08-31,baseline_seasonal_naive,69,41,104
K311,EXP,2027-12-31,2026-08-31,baseline_seasonal_naive,61,37,92
K312,DOM,2027-12-31,2026-08-31,baseline_seasonal_naive,17,10,26
K312,EXP,2027-12-31,2026-08-31,baseline_seasonal_naive,8,5,12
K350A,DOM,2027-12-31,2026-08-31,baseline_seasonal_naive,7,4,11
K350B,DOM,2027-12-31,2026-08-31,baseline_seasonal_naive,3,2,5
K350C,DOM,2027-12-31,2026-08-31,baseline_seasonal_naive,14,8,21
K350D,DOM,2027-12-31,2026-08-31,baseline_seasonal_naive,6,4,9
K350E,DOM,2027-12-31,2026-08-31,baseline_seasonal_naive,13,8,20
K350F,DOM,2027-12-31,2026-08-31,baseline_seasonal_naive,6,4,9
T120,DOM,2027-12-31,2026-08-31,baseline_seasonal_naive,492,295,738
T120,EXP,2027-12-31,2026-08-31,baseline_seasonal_naive,635,381,953
T121,DOM,2027-12-31,2026-08-31,baseline_seasonal_naive,326,196,489
T121,EXP,2027-12-31,2026-08-31,baseline_seasonal_naive,314,188,471
T122,DOM,2027-12-31,2026-08-31,baseline_seasonal_naive,265,159,398
T122,EXP,2027-12-31,2026-08-31,baseline_seasonal_naive,0,0,0
T240,DOM,2027-12-31,2026-08-31,baseline_seasonal_naive,515,309,773
T240,EXP,2027-12-31,2026-08-31,baseline_seasonal_naive,0,0,0
T241,DOM,2027-12-31,2026-08-31,baseline_seasonal_naive,4,2,6
T241,EXP,2027-12-31,2026-08-31,baseline_seasonal_naive,7,4,11
K210,DOM,2028-01-31,2026-08-31,baseline_seasonal_naive,7,4,11
K210,EXP,2028-01-31,2026-08-31,baseline_seasonal_naive,7,4,11
K210A,DOM,2028-01-31,2026-08-31,baseline_seasonal_naive,2,1,3
K210A,EXP,2028-01-31,2026-08-31,baseline_seasonal_naive,0,0,0
K210B,DOM,2028-01-31,2026-08-31,baseline_seasonal_naive,49,29,74
K210B,EXP,2028-01-31,2026-08-31,baseline_seasonal_naive,0,0,0
K210C,DOM,2028-01-31,2026-08-31,baseline_seasonal_naive,5,3,8
K210C,EXP,2028-01-31,2026-08-31,baseline_seasonal_naive,8,5,12
K210D,DOM,2028-01-31,2026-08-31,baseline_seasonal_naive,1,1,2
K210D,EXP,2028-01-31,2026-08-31,baseline_seasonal_naive,0,0,0
K240,DOM,2028-01-31,2026-08-31,baseline_seasonal_naive,6,4,9
K240,EXP,2028-01-31,2026-08-31,baseline_seasonal_naive,0,0,0
K240B,DOM,2028-01-31,2026-08-31,baseline_seasonal_naive,1,1,2
K240B,EXP,2028-01-31,2026-08-31,baseline_seasonal_naive,1,1,2
K250A,DOM,2028-01-31,2026-08-31,baseline_seasonal_naive,130,78,195
K250A,EXP,2028-01-31,2026-08-31,baseline_seasonal_naive,101,61,152
K250B,DOM,2028-01-31,2026-08-31,baseline_seasonal_naive,67,40,101
K310,DOM,2028-01-31,2026-08-31,baseline_seasonal_naive,457,274,686
K310,EXP,2028-01-31,2026-08-31,baseline_seasonal_naive,548,329,822
K311,DOM,2028-01-31,2026-08-31,baseline_seasonal_naive,52,31,78
K311,EXP,2028-01-31,2026-08-31,baseline_seasonal_naive,47,28,71
K312,DOM,2028-01-31,2026-08-31,baseline_seasonal_naive,20,12,30
K312,EXP,2028-01-31,2026-08-31,baseline_seasonal_naive,9,5,14
K350A,DOM,2028-01-31,2026-08-31,baseline_seasonal_naive,7,4,11
K350B,DOM,2028-01-31,2026-08-31,baseline_seasonal_naive,2,1,3
K350C,DOM,2028-01-31,2026-08-31,baseline_seasonal_naive,12,7,18
K350D,DOM,2028-01-31,2026-08-31,baseline_seasonal_naive,9,5,14
K350E,DOM,2028-01-31,2026-08-31,baseline_seasonal_naive,23,14,35
K350F,DOM,2028-01-31,2026-08-31,baseline_seasonal_naive,3,2,5
T120,DOM,2028-01-31,2026-08-31,baseline_seasonal_naive,538,323,807
T120,EXP,2028-01-31,2026-08-31,baseline_seasonal_naive,0,0,0
T121,DOM,2028-01-31,2026-08-31,baseline_seasonal_naive,711,427,1067
T121,EXP,2028-01-31,2026-08-31,baseline_seasonal_naive,0,0,0
T122,DOM,2028-01-31,2026-08-31,baseline_seasonal_naive,111,67,167
T122,EXP,2028-01-31,2026-08-31,baseline_seasonal_naive,0,0,0
T240,DOM,2028-01-31,2026-08-31,baseline_seasonal_naive,341,205,512
T240,EXP,2028-01-31,2026-08-31,baseline_seasonal_naive,381,229,572
T241,DOM,2028-01-31,2026-08-31,baseline_seasonal_naive,19,11,29
T241,EXP,2028-01-31,2026-08-31,baseline_seasonal_naive,32,19,48
K210,DOM,2028-02-29,2026-08-31,baseline_seasonal_naive,12,7,18
K210,EXP,2028-02-29,2026-08-31,baseline_seasonal_naive,13,8,20
K210A,DOM,2028-02-29,2026-08-31,baseline_seasonal_naive,3,2,5
K210A,EXP,2028-02-29,2026-08-31,baseline_seasonal_naive,0,0,0
K210B,DOM,2028-02-29,2026-08-31,baseline_seasonal_naive,29,17,44
K210B,EXP,2028-02-29,2026-08-31,baseline_seasonal_naive,0,0,0
K210C,DOM,2028-02-29,2026-08-31,baseline_seasonal_naive,7,4,11
K210C,EXP,2028-02-29,2026-08-31,baseline_seasonal_naive,11,7,17
K210D,DOM,2028-02-29,2026-08-31,baseline_seasonal_naive,0,0,0
K210D,EXP,2028-02-29,2026-08-31,baseline_seasonal_naive,0,0,0
K240,DOM,2028-02-29,2026-08-31,baseline_seasonal_naive,2,1,3
K240,EXP,2028-02-29,2026-08-31,baseline_seasonal_naive,3,2,5
K240B,DOM,2028-02-29,2026-08-31,baseline_seasonal_naive,0,0,0
K240B,EXP,2028-02-29,2026-08-31,baseline_seasonal_naive,0,0,0
K250A,DOM,2028-02-29,2026-08-31,baseline_seasonal_naive,238,143,357
K250A,EXP,2028-02-29,2026-08-31,baseline_seasonal_naive,0,0,0
K250B,DOM,2028-02-29,2026-08-31,baseline_seasonal_naive,70,42,105
K310,DOM,2028-02-29,2026-08-31,baseline_seasonal_naive,430,258,645
K310,EXP,2028-02-29,2026-08-31,baseline_seasonal_naive,515,309,773
K311,DOM,2028-02-29,2026-08-31,baseline_seasonal_naive,117,70,176
K311,EXP,2028-02-29,2026-08-31,baseline_seasonal_naive,0,0,0
K312,DOM,2028-02-29,2026-08-31,baseline_seasonal_naive,17,10,26
K312,EXP,2028-02-29,2026-08-31,baseline_seasonal_naive,9,5,14
K350A,DOM,2028-02-29,2026-08-31,baseline_seasonal_naive,11,7,17
K350B,DOM,2028-02-29,2026-08-31,baseline_seasonal_naive,1,1,2
K350C,DOM,2028-02-29,2026-08-31,baseline_seasonal_naive,14,8,21
K350D,DOM,2028-02-29,2026-08-31,baseline_seasonal_naive,16,10,24
K350E,DOM,2028-02-29,2026-08-31,baseline_seasonal_naive,22,13,33
K350F,DOM,2028-02-29,2026-08-31,baseline_seasonal_naive,4,2,6
T120,DOM,2028-02-29,2026-08-31,baseline_seasonal_naive,796,478,1194
T120,EXP,2028-02-29,2026-08-31,baseline_seasonal_naive,0,0,0
T121,DOM,2028-02-29,2026-08-31,baseline_seasonal_naive,486,292,729
T121,EXP,2028-02-29,2026-08-31,baseline_seasonal_naive,0,0,0
T122,DOM,2028-02-29,2026-08-31,baseline_seasonal_naive,414,248,621
T122,EXP,2028-02-29,2026-08-31,baseline_seasonal_naive,622,373,933
T240,DOM,2028-02-29,2026-08-31,baseline_seasonal_naive,194,116,291
T240,EXP,2028-02-29,2026-08-31,baseline_seasonal_naive,216,130,324
T241,DOM,2028-02-29,2026-08-31,baseline_seasonal_naive,4,2,6
T241,EXP,2028-02-29,2026-08-31,baseline_seasonal_naive,0,0,0
